{
  "species": "cobblemon:lugia",
  "order": 0,
  "variations": [
    {
      "aspects": [],
      "poser": "cobblemon:lugia",
      "model": "cobblemon:lugia.geo",
      "texture": "cobblemon:textures/pokemon/0249_lugia/lugia.png",
      "layers": [
        {
          "name": "emissive",
          "texture": "cobblemon:textures/pokemon/0249_lugia/lugia_emissive.png",
          "emissive": true
        }
      ]
    },
    {
      "aspects": ["shiny" ],
      "texture": "cobblemon:textures/pokemon/0249_lugia/lugia_shiny.png",
      "layers": [
        {
          "name": "emissive",
          "texture": "cobblemon:textures/pokemon/0249_lugia/lugia_emissive.png",
          "emissive": true
        }
      ]
    }
  ]
}
