{
  "species": "cobblemon:lugia",
  "order": 2,
  "variations": [
    {
      "aspects": ["shadow"],
      "poser": "cobblemon:lugia_shadow",
      "model": "cobblemon:lugia.geo",
      "texture": "cobblemon:textures/pokemon/0249_lugia/lugia_shadow.png",
      "layers": [
        {
          "name": "emissive",
          "texture": "cobblemon:textures/pokemon/0249_lugia/lugia_shadow_emissive.png",
          "emissive": true
        }
      ]
    },
    {
      "aspects": ["shiny", "shadow"],
      "texture": "cobblemon:textures/pokemon/0249_lugia/lugia_shadow_shiny.png",
      "layers": [
        {
          "name": "emissive",
          "texture": "cobblemon:textures/pokemon/0249_lugia/lugia_shadow_emissive.png",
          "emissive": true
        }
      ]
    }
  ]
}
