{
  "portraitScale": 1.96,
  "portraitTranslation": [ 0, -0.06, 0 ],
  "profileScale": 1.33,
  "profileTranslation": [ 0.020, 0.45, 0 ],
  "rootBone": "gastly",
  "animations": {
   "faint": "q.bedrock_primary('gastly', 'faint', q.curve('one'))",
    "cry": "q.bedrock_stateful('gastly', 'cry')"
  },
  "poses": {
    "battle-standing": {
      "poseTypes": ["STAND"],
      "isBattle": true,
      "animations": ["q.look('torso')", "q.bedrock('gastly', 'battle_idle')"],
      "quirks": [
        "q.bedrock_quirk('gastly', 'blink')"
      ],
	  "transformedParts": [
         {
           "part": "body",
           "position": [0, -11, 0],
           "isVisible": true
         }
        ]
    },
  "standing": {
      "poseTypes": [
      "STAND",
      "NONE",
      "PORTRAIT",
      "PROFILE",
      "FLOAT",
	  "HOVER"
      ],
      "isBattle": false,
      "animations": ["q.look('torso')", "q.bedrock('gastly', 'ground_idle')"],
      "quirks": ["q.bedrock_quirk('gastly', 'blink')"],
	  "transformedParts": [
         {
           "part": "body",
           "position": [0, -11, 0],
           "isVisible": true
         }
        ]
  },
    "flying": {
      "poseTypes": [ 
	  "WALK",
	  "FLY" 
	  ],
      "animations": ["q.look('torso')", "q.bedrock('gastly', 'ground_walk')"],
      "quirks": ["q.bedrock_quirk('gastly', 'blink')"],
	  "transformedParts": [
         {
           "part": "body",
           "position": [0, -11, 0],
           "isVisible": true
         }
        ]
    },
    "sleep": {
      "poseTypes": [ "SLEEP" ],
      "animations": ["q.bedrock('gastly', 'sleep')"],
	  "transformedParts": [
         {
           "part": "body",
           "position": [0, -11, 0],
           "isVisible": true
         }
        ]
    }
  }
}