{
  "portraitScale": 1.15,
  "portraitTranslation": [ -0.2, 0.8, 0 ],
  "profileScale": 0.6,
  "profileTranslation": [ 0, 0.89, 0 ],
  "rootBone": "gengar",
  "animations": {
    "cry": "q.bedrock_stateful('gengar', 'cry')"
  },
  "poses": {
  "standing": {
      "poseTypes": [
      "STAND",
      "NONE",
      "PORTRAIT",
      "PROFILE",
      "FLOAT"
      ],
	  "animations": ["q.look('torso')", "q.bedrock('gengar', 'ground_idle')"],
		"quirks": [
        "q.bedrock_quirk('gengar', 'blink', 8, 30, 1)",
        "q.bedrock_quirk('gengar', 'laugh_quirk', 40, 80, 1)"
		]
  },
  "walking": {
      "poseTypes": [ "WALK" ],
      "animations": ["q.look('torso')", "q.bedrock('gengar', 'ground_walk')"],
      "quirks": ["q.bedrock_quirk('gengar', 'blink')"]
   },
    "hovering": {
      "poseTypes": [ "HOVER" ],
      "animations": ["q.look('torso')", "q.bedrock('gengar', 'air_idle')"],
      "quirks": ["q.bedrock_quirk('gengar', 'blink')"]
    },
    "flying": {
      "poseTypes": [ "FLY" ],
      "animations": ["q.look('torso')", "q.bedrock('gengar', 'ground_walk')"],
      "quirks": ["q.bedrock_quirk('gengar', 'blink')"]
    },
    "sleeping": {
      "poseTypes": [ "SLEEP" ],
      "animations": ["q.bedrock('gengar', 'sleep')"]
    },
    "floating": {
      "poseTypes": [ "FLOAT" ],
      "animations": ["q.look('torso')", "q.bedrock('gengar', 'ground_walk')"],
      "quirks": ["q.bedrock_quirk('gengar', 'blink')"]
    }
  }
}