{
  "portraitScale": 0.95,
  "portraitTranslation": [ 0, 1.21, 0 ],
  "profileScale": 0.6,
  "profileTranslation": [ 0, 1.26, 0 ],
  "rootBone": "haunter",
  "animations": {
    "cry": "q.bedrock_stateful('haunter', 'cry')"
  },
  "poses": {
  "standing": {
      "poseTypes": [
      "STAND",
      "NONE",
      "PORTRAIT",
      "PROFILE",
      "FLOAT",
	  "HOVER"
      ],
      "animations": ["q.look('head')", "q.bedrock('haunter', 'ground_idle')"],
      "quirks": ["q.bedrock_quirk('haunter', 'blink')"],
	  "transformedParts": [
         {
           "part": "body",
           "position": [0, -17, 0],
           "isVisible": true
         }
        ]
  },
    "flying": {
      "poseTypes": [ 
	  "WALK",
	  "FLY" 
	  ],
      "animations": ["q.look('head')", "q.bedrock('haunter', 'ground_walk')"],
      "quirks": ["q.bedrock_quirk('haunter', 'blink')"],
		"transformedParts": [
         {
           "part": "body",
           "position": [0, -17, 0],
           "isVisible": true
         }
        ]
    },
    "sleep": {
      "poseTypes": ["SLEEP"],
      "animations": ["q.bedrock('haunter', 'sleep')"],
		"transformedParts": [
         {
           "part": "body",
           "position": [0, -16, 0],
           "isVisible": true
         }
        ]
    }
  }
}