{
 "head": "head",
 "portraitScale": 1,
 "portraitTranslation": [ 0, 1, 0 ],
 "profileScale": 0.7,
 "profileTranslation": [ 0, 0.8, 0 ],
 "animations": {
  "cry": "q.bedrock_stateful('fire_mega_audino', 'cry')",
  "status": "q.bedrock_stateful('fire_mega_audino', 'cry', q.curve('symmetrical_wide'))"
},
 "poses": {
  "standing": {
    "poseTypes": ["STAND", "NONE", "PORTRAIT", "PROFILE"],
    "isBattle": false,
    "animations": ["look",
      "q.bedrock('fire_mega_audino', 'ground_idle')"
    ],
    "quirks": [
      "q.bedrock_quirk('fire_mega_audino', 'blink')"
    ]
  },
  "walking": {
    "poseTypes": ["WALK"],
    "animations": ["look",
      "q.bedrock('fire_mega_audino', 'ground_walk')"
    ],
    "quirks": ["q.bedrock_quirk('fire_mega_audino', 'blink')"]
  },
  "float": {
    "poseTypes": ["FLOAT"],
    "animations": [
      "q.bedrock('fire_mega_audino', 'ground_idle')"
    ],
    "quirks": ["q.bedrock_quirk('fire_mega_audino', 'blink')"]
  },
  "swim": {
    "poseTypes": ["SWIM"],
    "animations": [
      "q.bedrock('fire_mega_audino', 'ground_walk')"
    ],
    "quirks": ["q.bedrock_quirk('fire_mega_audino', 'blink')"]
  },
    "sleep": {
      "poseTypes": ["SLEEP"],
      "animations": ["q.bedrock('pokemans_kingambit', 'sleep')"]
    }
 }
}