{
	"format_version": "1.12.0",
	"minecraft:geometry": [
		{
			"description": {
				"identifier": "geometry.lugia",
				"texture_width": 1024,
				"texture_height": 512,
				"visible_bounds_width": 23,
				"visible_bounds_height": 14,
				"visible_bounds_offset": [0, 5, 0]
			},
			"bones": [
				{
					"name": "lugia",
					"pivot": [0, 0, 0]
				},
				{
					"name": "body",
					"parent": "lugia",
					"pivot": [0, 50, 8],
					"rotation": [30, 0, 0]
				},
				{
					"name": "torso",
					"parent": "body",
					"pivot": [0, 46.9641, 8.25833],
					"cubes": [
						{"origin": [-22, 21.9641, -15.74167], "size": [44, 49, 49], "uv": [1, 0]}
					]
				},
				{
					"name": "bone67",
					"parent": "torso",
					"pivot": [15.125, 61.0141, 33.28333],
					"rotation": [0, -35, 0],
					"cubes": [
						{"origin": [15.125, 57.4641, 33.28333], "size": [9, 11, 0], "uv": [146, 318]}
					]
				},
				{
					"name": "bone70",
					"parent": "bone67",
					"pivot": [24.125, 61.0141, 33.28333],
					"cubes": [
						{"origin": [24.125, 57.4641, 33.28333], "size": [15, 11, 0], "uv": [260, 208]}
					]
				},
				{
					"name": "bone71",
					"parent": "torso",
					"pivot": [13.125, 49.0141, 33.28333],
					"rotation": [-1.11775, -34.05444, 15.14371],
					"cubes": [
						{"origin": [13.125, 46.4641, 33.28333], "size": [9, 10, 0], "uv": [396, 73]}
					]
				},
				{
					"name": "bone72",
					"parent": "bone71",
					"pivot": [22.125, 51.0141, 33.28333],
					"cubes": [
						{"origin": [22.125, 46.4641, 33.28333], "size": [12, 10, 0], "uv": [326, 375]}
					]
				},
				{
					"name": "bone73",
					"parent": "torso",
					"pivot": [8.125, 39.0141, 33.28333],
					"rotation": [6.3596, -33.57858, 24.15564],
					"cubes": [
						{"origin": [8.125, 35.4641, 33.28333], "size": [8, 10, 0], "uv": [16, 399]}
					]
				},
				{
					"name": "bone74",
					"parent": "bone73",
					"pivot": [16.125, 41.0141, 33.28333],
					"cubes": [
						{"origin": [16.125, 35.4641, 33.28333], "size": [9, 10, 0], "uv": [396, 83]}
					]
				},
				{
					"name": "bone81",
					"parent": "torso",
					"pivot": [-15.125, 61.0141, 33.28333],
					"rotation": [0, 35, 0],
					"cubes": [
						{"origin": [-24.125, 57.4641, 33.28333], "size": [9, 11, 0], "uv": [146, 318], "mirror": true}
					]
				},
				{
					"name": "bone82",
					"parent": "bone81",
					"pivot": [-24.125, 63.0141, 33.28333],
					"cubes": [
						{"origin": [-39.125, 57.4641, 33.28333], "size": [15, 11, 0], "uv": [260, 208], "mirror": true}
					]
				},
				{
					"name": "bone83",
					"parent": "torso",
					"pivot": [-13.125, 49.0141, 33.28333],
					"rotation": [-1.11775, 34.05444, -15.14371],
					"cubes": [
						{"origin": [-22.125, 46.4641, 33.28333], "size": [9, 10, 0], "uv": [396, 73], "mirror": true}
					]
				},
				{
					"name": "bone84",
					"parent": "bone83",
					"pivot": [-22.125, 52.0141, 33.28333],
					"cubes": [
						{"origin": [-34.125, 46.4641, 33.28333], "size": [12, 10, 0], "uv": [326, 375], "mirror": true}
					]
				},
				{
					"name": "bone85",
					"parent": "torso",
					"pivot": [-8.125, 39.0141, 33.28333],
					"rotation": [6.3596, 33.57858, -24.15564],
					"cubes": [
						{"origin": [-16.125, 35.4641, 33.28333], "size": [8, 10, 0], "uv": [16, 399], "mirror": true}
					]
				},
				{
					"name": "bone86",
					"parent": "bone85",
					"pivot": [-16.125, 41.0141, 33.28333],
					"cubes": [
						{"origin": [-25.125, 35.4641, 33.28333], "size": [9, 10, 0], "uv": [396, 83], "mirror": true}
					]
				},
				{
					"name": "torso_upper",
					"parent": "torso",
					"pivot": [0, 65.9641, 9.25833],
					"cubes": [
						{"origin": [-16, 62.9641, -8.74167], "size": [32, 24, 34], "uv": [0, 98]}
					]
				},
				{
					"name": "neck",
					"parent": "torso_upper",
					"pivot": [0, 82.9641, 11.25833],
					"cubes": [
						{"origin": [-11, 82.9641, -0.74167], "size": [22, 15, 22], "uv": [424, 0]}
					]
				},
				{
					"name": "bone10",
					"parent": "neck",
					"pivot": [0, 93.09667, 10.05011],
					"cubes": [
						{"origin": [-8, 93.09667, 2.05011], "size": [16, 21, 16], "inflate": 0.01, "uv": [448, 66]}
					]
				},
				{
					"name": "bone11",
					"parent": "bone10",
					"pivot": [0, 112.09667, 10.05011],
					"cubes": [
						{"origin": [-7.5, 112.09667, 2.05011], "size": [15, 22, 16], "uv": [448, 110]}
					]
				},
				{
					"name": "bone12",
					"parent": "bone11",
					"pivot": [0, 132.84667, 11.05011],
					"cubes": [
						{"origin": [-7.5, 132.84667, 2.05011], "size": [15, 12, 16], "inflate": 0.01, "uv": [449, 161]}
					]
				},
				{
					"name": "head",
					"parent": "bone12",
					"pivot": [0, 141.1266, 12.47083],
					"rotation": [-30, 0, 0],
					"cubes": [
						{"origin": [-9.5, 138.44424, -11.91964], "size": [19, 15, 28], "uv": [197, 220]},
						{"origin": [-9.5, 131.44424, 1.08036], "size": [19, 7, 15], "inflate": 0.01, "uv": [292, 33]},
						{"origin": [-6.5, 138.44424, -18.91964], "size": [13, 10, 7], "inflate": 0.01, "uv": [128, 381]},
						{"origin": [-4, 135.59424, -18.76964], "size": [8, 8, 2], "pivot": [0, 139.59424, -17.76964], "rotation": [0, 0, 45], "uv": [396, 63]},
						{"origin": [9.45, 136.3766, -5.52917], "size": [0, 4, 4], "pivot": [9.45, 137.8766, -4.02917], "rotation": [45, 0, 0], "uv": [188, 291]},
						{"origin": [-9.475, 136.3766, -5.52917], "size": [0, 4, 4], "pivot": [-9.475, 137.8766, -4.02917], "rotation": [45, 0, 0], "uv": [38, 359]}
					]
				},
				{
					"name": "bone6",
					"parent": "head",
					"pivot": [-0.45, 139.44424, 0.08036],
					"cubes": [
						{"origin": [8.55, 141.94424, -10.94464], "size": [1, 3, 6], "uv": [163, 290]},
						{"origin": [7.55, 144.94424, -8.94464], "size": [2, 2, 5], "uv": [189, 91]}
					]
				},
				{
					"name": "bone13",
					"parent": "bone6",
					"pivot": [8.55, 141.94424, -10.94464],
					"cubes": [
						{"origin": [9.575, 142.94424, -9.94464], "size": [0, 2, 1], "uv": [120, 158]}
					]
				},
				{
					"name": "bone5",
					"parent": "head",
					"pivot": [0.45, 139.44424, 0.08036],
					"cubes": [
						{"origin": [-9.55, 141.94424, -10.94464], "size": [1, 3, 6], "uv": [163, 290], "mirror": true},
						{"origin": [-9.55, 144.94424, -8.94464], "size": [2, 2, 5], "uv": [189, 91], "mirror": true}
					]
				},
				{
					"name": "bone9",
					"parent": "bone5",
					"pivot": [-8.55, 141.94424, -10.94464],
					"cubes": [
						{"origin": [-9.575, 142.94424, -9.94464], "size": [0, 2, 1], "uv": [120, 158], "mirror": true}
					]
				},
				{
					"name": "jaw",
					"parent": "head",
					"pivot": [0, 138.44424, 2.08036],
					"cubes": [
						{"origin": [-9, 131.44424, -8.91964], "size": [18, 7, 11], "inflate": 0.02, "uv": [362, 206]},
						{"origin": [-6, 133.44424, -14.91964], "size": [12, 5, 6], "uv": [224, 208]}
					]
				},
				{
					"name": "bone89",
					"parent": "jaw",
					"pivot": [0, 138.44424, 2.08036],
					"cubes": [
						{"origin": [-6, 138.44424, -9.91964], "size": [12, 3, 13], "uv": [276, 375]}
					]
				},
				{
					"name": "bone90",
					"parent": "jaw",
					"pivot": [5.01604, 138.46924, -11.11243],
					"rotation": [-45, 40, 0],
					"cubes": [
						{"origin": [5.01604, 137.46924, -12.11243], "size": [0, 2, 2], "uv": [112, 158]}
					]
				},
				{
					"name": "bone18",
					"parent": "jaw",
					"pivot": [-5.01604, 138.46924, -11.11243],
					"rotation": [-45, -40, 0],
					"cubes": [
						{"origin": [-5.01604, 137.46924, -12.11243], "size": [0, 2, 2], "uv": [112, 158], "mirror": true}
					]
				},
				{
					"name": "bone",
					"parent": "head",
					"pivot": [0, 153.44424, -8.91964],
					"rotation": [20, 0, 0],
					"cubes": [
						{"origin": [-7, 143.44424, -8.91964], "size": [14, 10, 20], "uv": [164, 300]}
					]
				},
				{
					"name": "bone2",
					"parent": "bone",
					"pivot": [0, 153.44424, 11.08036],
					"rotation": [-12.5, 0, 0],
					"cubes": [
						{"origin": [-6, 141.44424, 11.08036], "size": [12, 12, 9], "uv": [38, 390]}
					]
				},
				{
					"name": "bone3",
					"parent": "bone2",
					"pivot": [0, 153.44424, 20.08036],
					"cubes": [
						{"origin": [-6, 143.44424, 20.08036], "size": [12, 10, 7], "uv": [168, 391]}
					]
				},
				{
					"name": "bone4",
					"parent": "bone3",
					"pivot": [0, 153.44424, 27.08036],
					"cubes": [
						{"origin": [-4, 147.44424, 27.08036], "size": [8, 6, 7], "uv": [164, 278]}
					]
				},
				{
					"name": "bone7",
					"parent": "head",
					"pivot": [10.075, 153.19424, -0.91964],
					"cubes": [
						{"origin": [9.525, 141.84424, -11.91964], "size": [0, 23, 24], "uv": [0, 312]}
					]
				},
				{
					"name": "bone8",
					"parent": "head",
					"pivot": [-10.075, 152.94424, -0.91964],
					"cubes": [
						{"origin": [-9.525, 141.84424, -11.91964], "size": [0, 23, 24], "uv": [0, 312]}
					]
				},
				{
					"name": "locator_seat_1",
					"parent": "neck",
					"pivot": [0, 95, 22],
					"locators": {
						"seat_1": [0, 91.75, 22]
					}
				},
				{
					"name": "bone75",
					"parent": "torso_upper",
					"pivot": [6.875, 82.5141, 23.28333]
				},
				{
					"name": "bone65",
					"parent": "bone75",
					"pivot": [8.875, 82.5141, 23.28333],
					"rotation": [29.38042, -36.10566, -41.57984],
					"cubes": [
						{"origin": [8.875, 77.9641, 23.28333], "size": [8, 10, 0], "uv": [0, 399]}
					]
				},
				{
					"name": "bone68",
					"parent": "bone65",
					"pivot": [16.875, 82.5141, 23.28333],
					"cubes": [
						{"origin": [16.875, 77.9641, 23.28333], "size": [14, 10, 0], "uv": [232, 300]}
					]
				},
				{
					"name": "bone66",
					"parent": "bone75",
					"pivot": [10.875, 68.5141, 25.78333],
					"rotation": [21.67105, -37.53864, -32.14684],
					"cubes": [
						{"origin": [10.875, 64.9641, 25.78333], "size": [14, 11, 0], "uv": [392, 384]}
					]
				},
				{
					"name": "bone69",
					"parent": "bone66",
					"pivot": [24.875, 68.5141, 25.78333],
					"cubes": [
						{"origin": [24.875, 64.9641, 25.78333], "size": [17, 11, 0], "uv": [112, 318]}
					]
				},
				{
					"name": "bone76",
					"parent": "torso_upper",
					"pivot": [-6.875, 82.5141, 23.28333]
				},
				{
					"name": "bone77",
					"parent": "bone76",
					"pivot": [-8.875, 82.5141, 23.28333],
					"rotation": [29.38042, 36.10566, 41.57984],
					"cubes": [
						{"origin": [-16.875, 77.9641, 23.28333], "size": [8, 10, 0], "uv": [0, 399], "mirror": true}
					]
				},
				{
					"name": "bone78",
					"parent": "bone77",
					"pivot": [-16.875, 82.5141, 23.28333],
					"cubes": [
						{"origin": [-30.875, 77.9641, 23.28333], "size": [14, 10, 0], "uv": [232, 300], "mirror": true}
					]
				},
				{
					"name": "bone79",
					"parent": "bone76",
					"pivot": [-10.875, 68.5141, 25.78333],
					"rotation": [21.67105, 37.53864, 32.14684],
					"cubes": [
						{"origin": [-24.875, 64.9641, 25.78333], "size": [14, 11, 0], "uv": [392, 384], "mirror": true}
					]
				},
				{
					"name": "bone80",
					"parent": "bone79",
					"pivot": [-24.875, 70.5141, 25.78333],
					"cubes": [
						{"origin": [-41.875, 64.9641, 25.78333], "size": [17, 11, 0], "uv": [112, 318], "mirror": true}
					]
				},
				{
					"name": "wings",
					"parent": "torso_upper",
					"pivot": [0, 77, 10]
				},
				{
					"name": "wing_left",
					"parent": "wings",
					"pivot": [14, 66.9641, 9.25833],
					"rotation": [0, 0, -17.5],
					"cubes": [
						{"origin": [14, 66.9641, 4.25833], "size": [20, 19, 12], "uv": [48, 318]}
					]
				},
				{
					"name": "wing_shoulder_left",
					"parent": "wing_left",
					"pivot": [34, 83.9641, 10.00833],
					"rotation": [0, 0, 35]
				},
				{
					"name": "bone22",
					"parent": "wing_shoulder_left",
					"pivot": [31, 83.9641, 10.00833],
					"rotation": [0, 0, -2.5],
					"cubes": [
						{"origin": [31, 67.9641, 5.25833], "size": [30, 16, 10], "uv": [292, 258]}
					]
				},
				{
					"name": "bone23",
					"parent": "bone22",
					"pivot": [61, 67.9641, 10.50833],
					"rotation": [0, 0, -17.5],
					"cubes": [
						{"origin": [61, 59.9641, 5.00833], "size": [30, 29, 11], "uv": [0, 272]}
					]
				},
				{
					"name": "bone24",
					"parent": "bone23",
					"pivot": [90, 72.9641, 9.50833],
					"cubes": [
						{"origin": [90, 50.9641, 7.00833], "size": [42, 47, 7], "uv": [192, 2]}
					]
				},
				{
					"name": "bone25",
					"parent": "bone24",
					"pivot": [130, 77.9641, 11.00833],
					"cubes": [
						{"origin": [130, 71.9641, 9.00833], "size": [22, 16, 4], "inflate": 0.02, "uv": [39, 370]}
					]
				},
				{
					"name": "bone26",
					"parent": "bone25",
					"pivot": [152, 77.9641, 13.00833],
					"cubes": [
						{"origin": [152, 71.9641, 9.00833], "size": [25, 16, 4], "uv": [351, 311]}
					]
				},
				{
					"name": "bone29",
					"parent": "bone24",
					"pivot": [127, 66.9641, 11.00833],
					"rotation": [0, 0, 10],
					"cubes": [
						{"origin": [127, 58.9641, 9.00833], "size": [22, 16, 4], "inflate": 0.01, "uv": [169, 371]}
					]
				},
				{
					"name": "bone30",
					"parent": "bone29",
					"pivot": [149, 64.9641, 13.00833],
					"cubes": [
						{"origin": [149, 58.9641, 9.00833], "size": [25, 16, 4], "uv": [351, 332]}
					]
				},
				{
					"name": "bone31",
					"parent": "bone24",
					"pivot": [119, 51.9641, 11.00833],
					"rotation": [0, 0, 20],
					"cubes": [
						{"origin": [119, 47.9641, 9.00833], "size": [24, 16, 4], "uv": [351, 353]}
					]
				},
				{
					"name": "bone32",
					"parent": "bone31",
					"pivot": [143, 53.9641, 13.00833],
					"cubes": [
						{"origin": [143, 47.9641, 9.00833], "size": [24, 16, 4], "uv": [293, 355]}
					]
				},
				{
					"name": "bone27",
					"parent": "bone24",
					"pivot": [124, 97.9641, 11.00833],
					"rotation": [0, 0, -7.5],
					"cubes": [
						{"origin": [124, 86.9641, 9.00833], "size": [26, 15, 4], "uv": [313, 187]}
					]
				},
				{
					"name": "bone28",
					"parent": "bone27",
					"pivot": [150, 91.9641, 13.00833],
					"cubes": [
						{"origin": [150, 86.9641, 9.00833], "size": [24, 15, 4], "uv": [111, 362]}
					]
				},
				{
					"name": "bone44",
					"parent": "bone24",
					"pivot": [97, 97.9641, 7.25833],
					"rotation": [0, 0, -7.5],
					"cubes": [
						{"origin": [97, 86.9641, 5.25833], "size": [23, 15, 4], "uv": [257, 140]}
					]
				},
				{
					"name": "bone45",
					"parent": "bone44",
					"pivot": [120, 101.9641, 9.25833],
					"cubes": [
						{"origin": [120, 86.9641, 5.25833], "size": [20, 15, 4], "uv": [373, 266]}
					]
				},
				{
					"name": "wing_right",
					"parent": "wings",
					"pivot": [-14, 66.9641, 9.25833],
					"rotation": [0, 0, 17.5],
					"cubes": [
						{"origin": [-34, 66.9641, 4.25833], "size": [20, 19, 12], "uv": [112, 330]}
					]
				},
				{
					"name": "wing_shoulder_right",
					"parent": "wing_right",
					"pivot": [-34, 83.9641, 10.00833],
					"rotation": [0, 0, -35]
				},
				{
					"name": "bone47",
					"parent": "wing_shoulder_right",
					"pivot": [-31, 83.9641, 10.00833],
					"rotation": [0, 0, 2.5],
					"cubes": [
						{"origin": [-61, 67.9641, 5.25833], "size": [30, 16, 10], "uv": [292, 284]}
					]
				},
				{
					"name": "bone48",
					"parent": "bone47",
					"pivot": [-61, 67.9641, 10.50833],
					"rotation": [0, 0, 17.5],
					"cubes": [
						{"origin": [-91, 59.9641, 5.00833], "size": [30, 29, 11], "uv": [82, 278]}
					]
				},
				{
					"name": "bone49",
					"parent": "bone48",
					"pivot": [-90, 72.9641, 9.50833],
					"cubes": [
						{"origin": [-132, 50.9641, 7.00833], "size": [42, 47, 7], "uv": [2, 218]}
					]
				},
				{
					"name": "bone50",
					"parent": "bone49",
					"pivot": [-130, 77.9641, 11.00833],
					"cubes": [
						{"origin": [-152, 71.9641, 9.00833], "size": [22, 16, 4], "inflate": 0.02, "uv": [223, 371]}
					]
				},
				{
					"name": "bone51",
					"parent": "bone50",
					"pivot": [-152, 77.9641, 13.00833],
					"cubes": [
						{"origin": [-177, 71.9641, 9.00833], "size": [25, 16, 4], "uv": [353, 96]}
					]
				},
				{
					"name": "bone52",
					"parent": "bone49",
					"pivot": [-127, 66.9641, 11.00833],
					"rotation": [0, 0, -10],
					"cubes": [
						{"origin": [-149, 58.9641, 9.00833], "size": [22, 16, 4], "inflate": 0.01, "uv": [373, 245]}
					]
				},
				{
					"name": "bone53",
					"parent": "bone52",
					"pivot": [-149, 64.9641, 13.00833],
					"cubes": [
						{"origin": [-174, 58.9641, 9.00833], "size": [25, 16, 4], "uv": [353, 117]}
					]
				},
				{
					"name": "bone54",
					"parent": "bone49",
					"pivot": [-119, 51.9641, 11.00833],
					"rotation": [0, 0, -20],
					"cubes": [
						{"origin": [-143, 47.9641, 9.00833], "size": [24, 16, 4], "uv": [361, 138]}
					]
				},
				{
					"name": "bone55",
					"parent": "bone54",
					"pivot": [-143, 53.9641, 13.00833],
					"cubes": [
						{"origin": [-167, 47.9641, 9.00833], "size": [24, 16, 4], "uv": [361, 159]}
					]
				},
				{
					"name": "bone56",
					"parent": "bone49",
					"pivot": [-124, 97.9641, 11.00833],
					"rotation": [0, 0, 7.5],
					"cubes": [
						{"origin": [-150, 86.9641, 9.00833], "size": [26, 15, 4], "uv": [49, 350]}
					]
				},
				{
					"name": "bone57",
					"parent": "bone56",
					"pivot": [-150, 91.9641, 13.00833],
					"cubes": [
						{"origin": [-174, 86.9641, 9.00833], "size": [24, 15, 4], "uv": [363, 34]}
					]
				},
				{
					"name": "bone58",
					"parent": "bone49",
					"pivot": [-97, 97.9641, 7.00833],
					"rotation": [0, 0, 7.5],
					"cubes": [
						{"origin": [-120, 86.9641, 5.00833], "size": [23, 15, 4], "uv": [257, 140], "mirror": true}
					]
				},
				{
					"name": "bone59",
					"parent": "bone58",
					"pivot": [-120, 101.9641, 9.00833],
					"cubes": [
						{"origin": [-140, 86.9641, 5.00833], "size": [20, 15, 4], "uv": [373, 266], "mirror": true}
					]
				},
				{
					"name": "wings_closed",
					"parent": "torso_upper",
					"pivot": [0, 77, 0]
				},
				{
					"name": "wing_closed_left",
					"parent": "wings_closed",
					"pivot": [13, 87.9641, 11.75833],
					"rotation": [0, 0, -27.5],
					"cubes": [
						{"origin": [13, 75.9641, -4.74167], "size": [7, 14, 26], "uv": [581, 86]},
						{"origin": [12, 39.9641, -8.74167], "size": [12, 36, 35], "uv": [637, 0]}
					]
				},
				{
					"name": "bone21",
					"parent": "wing_closed_left",
					"pivot": [18, 39.9641, -8.74167],
					"rotation": [32.5, 0, 0],
					"cubes": [
						{"origin": [13, 0.9641, -8.74167], "size": [7, 39, 33], "inflate": 0.01, "uv": [783, 0]}
					]
				},
				{
					"name": "bone46",
					"parent": "bone21",
					"pivot": [18, 0.9641, -8.74167],
					"cubes": [
						{"origin": [13, -31.0359, -8.74167], "size": [4, 32, 8], "uv": [592, 0]}
					]
				},
				{
					"name": "bone98",
					"parent": "bone21",
					"pivot": [16, 10.9641, -7.74167],
					"cubes": [
						{"origin": [11, -21.0359, -7.74167], "size": [4, 32, 8], "uv": [592, 0]}
					]
				},
				{
					"name": "bone91",
					"parent": "bone21",
					"pivot": [18, 0.9641, -0.74167],
					"cubes": [
						{"origin": [13, -31.0359, -0.74167], "size": [4, 32, 8], "uv": [592, 0]}
					]
				},
				{
					"name": "bone92",
					"parent": "bone21",
					"pivot": [18, 0.9641, 7.25833],
					"cubes": [
						{"origin": [13, -31.0359, 7.25833], "size": [4, 32, 8], "uv": [592, 0]}
					]
				},
				{
					"name": "bone93",
					"parent": "bone21",
					"pivot": [18, 0.9641, 15.25833],
					"cubes": [
						{"origin": [13, -31.0359, 15.25833], "size": [4, 32, 8], "uv": [592, 0]}
					]
				},
				{
					"name": "wing_closed_right",
					"parent": "wings_closed",
					"pivot": [-13, 87.9641, 11.75833],
					"rotation": [0, 0, 27.5],
					"cubes": [
						{"origin": [-20, 75.9641, -4.74167], "size": [7, 14, 26], "uv": [581, 86], "mirror": true},
						{"origin": [-24, 39.9641, -8.74167], "size": [12, 36, 35], "uv": [637, 0], "mirror": true}
					]
				},
				{
					"name": "bone14",
					"parent": "wing_closed_right",
					"pivot": [-18, 39.9641, -8.74167],
					"rotation": [32.5, 0, 0],
					"cubes": [
						{"origin": [-20, 0.9641, -8.74167], "size": [7, 39, 33], "inflate": 0.01, "uv": [783, 0], "mirror": true}
					]
				},
				{
					"name": "bone94",
					"parent": "bone14",
					"pivot": [-18, 0.9641, -8.74167],
					"cubes": [
						{"origin": [-17, -31.0359, -8.74167], "size": [4, 32, 8], "uv": [592, 0], "mirror": true}
					]
				},
				{
					"name": "bone99",
					"parent": "bone14",
					"pivot": [-16, 9.9641, -7.74167],
					"cubes": [
						{"origin": [-15, -22.0359, -7.74167], "size": [4, 32, 8], "uv": [592, 0], "mirror": true}
					]
				},
				{
					"name": "bone95",
					"parent": "bone14",
					"pivot": [-18, 0.9641, -0.74167],
					"cubes": [
						{"origin": [-17, -31.0359, -0.74167], "size": [4, 32, 8], "uv": [592, 0], "mirror": true}
					]
				},
				{
					"name": "bone96",
					"parent": "bone14",
					"pivot": [-18, 0.9641, 7.25833],
					"cubes": [
						{"origin": [-17, -31.0359, 7.25833], "size": [4, 32, 8], "uv": [592, 0], "mirror": true}
					]
				},
				{
					"name": "bone97",
					"parent": "bone14",
					"pivot": [-18, 0.9641, 15.25833],
					"cubes": [
						{"origin": [-17, -31.0359, 15.25833], "size": [4, 32, 8], "uv": [592, 0], "mirror": true}
					]
				},
				{
					"name": "bone60",
					"parent": "torso",
					"pivot": [0, 34.2141, 15.50833],
					"rotation": [42, 0, 0],
					"cubes": [
						{"origin": [-16, 0.30145, 0.83149], "size": [32, 34, 30], "uv": [132, 98]}
					]
				},
				{
					"name": "bone61",
					"parent": "bone60",
					"pivot": [0, 4.30654, 15.56495],
					"cubes": [
						{"origin": [-12, -30.69855, 3.83149], "size": [24, 35, 23], "uv": [102, 220]}
					]
				},
				{
					"name": "bone62",
					"parent": "bone61",
					"pivot": [0, -28.69346, 15.56495],
					"cubes": [
						{"origin": [-9, -61.69855, 6.83149], "size": [18, 33, 17], "uv": [292, 208]}
					]
				},
				{
					"name": "bone63",
					"parent": "bone62",
					"pivot": [0, -59.69346, 14.56495],
					"cubes": [
						{"origin": [-7, -90.69855, 8.83149], "size": [14, 31, 13], "uv": [296, 310]}
					]
				},
				{
					"name": "bone87",
					"parent": "bone63",
					"pivot": [6, -84.69855, 15.83149],
					"rotation": [-45.24614, 5.29571, -5.31847],
					"cubes": [
						{"origin": [5.25732, -90.59033, 12.22693], "size": [0, 14, 30], "pivot": [5.4, -83.19855, 12.33149], "rotation": [21.17901, 34.76135, 34.19815], "uv": [206, 388]}
					]
				},
				{
					"name": "bone88",
					"parent": "bone63",
					"pivot": [-6, -84.69855, 15.83149],
					"rotation": [-45.24614, -5.29571, 5.31847],
					"cubes": [
						{"origin": [-5.25732, -90.59033, 12.22693], "size": [0, 14, 30], "pivot": [-5.4, -83.19855, 12.33149], "rotation": [21.17901, -34.76135, -34.19815], "uv": [206, 388], "mirror": true}
					]
				},
				{
					"name": "bone64",
					"parent": "bone63",
					"pivot": [0, -87.69346, 14.56495],
					"cubes": [
						{"origin": [-5, -118.69855, 10.83149], "size": [10, 31, 9], "uv": [0, 359]}
					]
				},
				{
					"name": "bone15",
					"parent": "body",
					"pivot": [19, 43.43752, 0.58489],
					"rotation": [-50, 0, 0],
					"cubes": [
						{"origin": [14, 26.49659, -14.67082], "size": [24, 28, 30], "uv": [2, 158]}
					]
				},
				{
					"name": "bone16",
					"parent": "bone15",
					"pivot": [26, 28.43752, -11.41511],
					"cubes": [
						{"origin": [16, 16.49659, -11.67082], "size": [19, 10, 27], "uv": [258, 102]}
					]
				},
				{
					"name": "bone17",
					"parent": "bone16",
					"pivot": [24.75, 16.51359, -6.43415],
					"cubes": [
						{"origin": [19.75, 11.43752, -6.41511], "size": [10, 12, 34], "uv": [224, 162]}
					]
				},
				{
					"name": "bone19",
					"parent": "bone17",
					"pivot": [24.75, 17.01359, 24.56585],
					"rotation": [-7.5, 0, 0],
					"cubes": [
						{"origin": [18, 2.43752, 24.58489], "size": [13, 22, 8], "uv": [470, 200]}
					]
				},
				{
					"name": "bone35",
					"parent": "bone19",
					"pivot": [23.75, 2.43752, 32.58489]
				},
				{
					"name": "bone20",
					"parent": "bone35",
					"pivot": [24.75, -0.98641, 24.56585],
					"cubes": [
						{"origin": [19.75, -14.56248, 24.58489], "size": [10, 17, 8], "inflate": 0.01, "uv": [380, 0]}
					]
				},
				{
					"name": "bone33",
					"parent": "bone35",
					"pivot": [30.5, 6.51359, 26.56585],
					"rotation": [0, 0, -7.5],
					"cubes": [
						{"origin": [26.75, -12.56248, 25.58489], "size": [7, 16, 7], "uv": [206, 391]}
					]
				},
				{
					"name": "bone34",
					"parent": "bone35",
					"pivot": [19.25, 6.51359, 26.56585],
					"rotation": [0, 0, 5],
					"cubes": [
						{"origin": [14.75, -12.56248, 25.58489], "size": [7, 16, 7], "uv": [234, 391]}
					]
				},
				{
					"name": "bone36",
					"parent": "body",
					"pivot": [-19, 43.43752, 0.58489],
					"rotation": [-50, 0, 0],
					"cubes": [
						{"origin": [-38, 26.49659, -14.67082], "size": [24, 28, 30], "uv": [2, 158]}
					]
				},
				{
					"name": "bone37",
					"parent": "bone36",
					"pivot": [-26, 28.43752, -11.41511],
					"cubes": [
						{"origin": [-35, 16.49659, -11.67082], "size": [19, 10, 27], "uv": [258, 102], "mirror": true}
					]
				},
				{
					"name": "bone38",
					"parent": "bone37",
					"pivot": [-24.75, 16.51359, -6.43415],
					"cubes": [
						{"origin": [-29.75, 11.43752, -6.41511], "size": [10, 12, 34], "uv": [224, 162], "mirror": true}
					]
				},
				{
					"name": "bone39",
					"parent": "bone38",
					"pivot": [-24.75, 17.01359, 24.56585],
					"rotation": [-7.5, 0, 0],
					"cubes": [
						{"origin": [-31, 2.43752, 24.58489], "size": [13, 22, 8], "uv": [470, 200]}
					]
				},
				{
					"name": "bone40",
					"parent": "bone39",
					"pivot": [-23.75, 2.43752, 32.58489]
				},
				{
					"name": "bone41",
					"parent": "bone40",
					"pivot": [-24.75, -0.98641, 24.56585],
					"cubes": [
						{"origin": [-29.75, -14.56248, 24.58489], "size": [10, 17, 8], "inflate": 0.01, "uv": [380, 0], "mirror": true}
					]
				},
				{
					"name": "bone42",
					"parent": "bone40",
					"pivot": [-30.5, 6.51359, 26.56585],
					"rotation": [0, 0, 7.5],
					"cubes": [
						{"origin": [-33.75, -12.56248, 25.58489], "size": [7, 16, 7], "uv": [206, 391], "mirror": true}
					]
				},
				{
					"name": "bone43",
					"parent": "bone40",
					"pivot": [-19.25, 6.51359, 26.56585],
					"rotation": [0, 0, -5],
					"cubes": [
						{"origin": [-21.75, -12.56248, 25.58489], "size": [7, 16, 7], "uv": [234, 391]}
					]
				}
			]
		}
	]
}