{
  "species": "cobblemon:reshiram",
  "order": 1,
  "baseScale": 0.75,
  "hitbox": {
    "width": 0.5,
    "height": 2,
    "fixed": false
  },
  "variations": [
    {
      "aspects": [],
      "poser": "cobblemon_reanimodel:reshiram",
      "model": "cobblemon_reanimodel:reshiram.geo",
      "texture": "cobblemon_reanimodel:textures/pokemon/reshiram/reshiram.png",
      "layers": [
        {
          "name": "emissive",
          "emissive": true,
          "texture": "cobblemon_reanimodel:textures/pokemon/reshiram/reshiram_emissive.png",
          "translucent": false
        }
      ] 
    },
    {
      "aspects": ["shiny"],
      "texture": "cobblemon_reanimodel:textures/pokemon/reshiram/reshiram_shiny.png",
      "layers": [
        {
          "name": "emissive",
          "emissive": true,
          "texture": "cobblemon_reanimodel:textures/pokemon/reshiram/reshiram_shiny_emissive.png",
          "translucent": false
        }
       
      ]
    }
  ]
}