{
	"format_version": "1.12.0",
	"minecraft:geometry": [
		{
			"description": {
				"identifier": "geometry.dialga",
				"texture_width": 512,
				"texture_height": 512,
				"visible_bounds_width": 15,
				"visible_bounds_height": 9.5,
				"visible_bounds_offset": [0, 4.25, 0]
			},
			"bones": [
				{
					"name": "dialga",
					"pivot": [0, 0, 0]
				},
				{
					"name": "body",
					"parent": "dialga",
					"pivot": [0.575, 38, 0]
				},
				{
					"name": "torso",
					"parent": "body",
					"pivot": [0.325, 42.5, 21.25],
					"cubes": [
						{"origin": [-10.675, 32.75, 0], "size": [22, 22, 31], "uv": [0, 459]},
						{"origin": [-12.175, 31.75, -25], "size": [25, 25, 27], "uv": [0, 0]}
					]
				},
				{
					"name": "sun_dial",
					"parent": "torso",
					"pivot": [0.575, 50.75, 15.75],
					"rotation": [-30, 0, 0],
					"cubes": [
						{"origin": [0.58821, 56.35338, 14.08771], "size": [10, 20, 0], "pivot": [5.58821, 68.85338, 13.58771], "rotation": [-0.21803, -2.49048, 15.00474], "uv": [72, 100]},
						{"origin": [-9.93821, 56.10338, 13.96271], "size": [10, 20, 0], "pivot": [-4.93821, 68.60338, 13.46271], "rotation": [-0.28319, 2.48392, -16.50614], "uv": [52, 136]},
						{"origin": [-16.63821, 53.85338, 15.33771], "size": [7, 18, 0], "pivot": [-15.63821, 66.35338, 14.83771], "rotation": [-0.72678, 12.39621, -26.64117], "uv": [187, 235]},
						{"origin": [8.08821, 55.10338, 15.33771], "size": [8, 18, 0], "pivot": [13.08821, 63.60338, 14.83771], "rotation": [-1.27527, -12.35252, 29.20025], "uv": [0, 343]}
					]
				},
				{
					"name": "bone3",
					"parent": "sun_dial",
					"pivot": [0.575, 58.75, 14.75]
				},
				{
					"name": "bone35",
					"parent": "bone3",
					"pivot": [0.3, 60.325, 13.75],
					"cubes": [
						{"origin": [-2.7, 61.325, 12.75], "size": [6, 21, 2], "uv": [300, 489]},
						{"origin": [-1.7, 82.325, 13.75], "size": [4, 13, 0], "uv": [250, 499]}
					]
				},
				{
					"name": "bone16",
					"parent": "bone3",
					"pivot": [5.325, 57.25, 15.25],
					"rotation": [0, -7.5, 27.5]
				},
				{
					"name": "bone30",
					"parent": "bone16",
					"pivot": [6.025, 59.825, 14.4],
					"rotation": [0, 0, -10],
					"cubes": [
						{"origin": [4.275, 80.825, 14.4], "size": [3, 13, 0], "uv": [238, 257]},
						{"origin": [3.275, 60.825, 13.4], "size": [5, 20, 2], "uv": [202, 235]}
					]
				},
				{
					"name": "bone17",
					"parent": "bone16",
					"pivot": [9.45, 56.25, 14.675],
					"rotation": [-1.24167, -11.10059, 12.18295],
					"cubes": [
						{"origin": [7.05, 61.825, 13.275], "size": [5, 17, 2], "uv": [168, 241]},
						{"origin": [8.05, 78.825, 14.275], "size": [3, 13, 0], "uv": [248, 257]}
					]
				},
				{
					"name": "bone14",
					"parent": "bone3",
					"pivot": [-4.675, 59.25, 15.25],
					"rotation": [0, 7.5, -27.5]
				},
				{
					"name": "bone29",
					"parent": "bone14",
					"pivot": [-6.5406, 60.05098, 14.27946],
					"rotation": [0, 0, 10],
					"cubes": [
						{"origin": [-7.5406, 81.05098, 14.27946], "size": [3, 13, 0], "uv": [238, 257], "mirror": true},
						{"origin": [-8.5406, 61.05098, 13.27946], "size": [5, 20, 2], "uv": [202, 235], "mirror": true}
					]
				},
				{
					"name": "bone15",
					"parent": "bone14",
					"pivot": [-9.6656, 57.42598, 14.55446],
					"rotation": [-1.24167, 11.10059, -12.18295],
					"cubes": [
						{"origin": [-12.2656, 62.00098, 13.15446], "size": [5, 17, 2], "uv": [168, 241], "mirror": true},
						{"origin": [-11.2656, 79.00098, 14.15446], "size": [3, 13, 0], "uv": [248, 257], "mirror": true}
					]
				},
				{
					"name": "bone",
					"parent": "sun_dial",
					"pivot": [0.825, 60.25, 14.5],
					"rotation": [15, 0, 0],
					"cubes": [
						{"origin": [-10.675, 54.25, 12.5], "size": [22, 4, 3], "inflate": 0.03, "uv": [219, 21]}
					]
				},
				{
					"name": "bone9",
					"parent": "torso",
					"pivot": [0.325, 56.49118, -12.78407],
					"rotation": [12.5, 0, 0],
					"cubes": [
						{"origin": [-6.675, 53.85295, -26.58735], "size": [14, 12, 15], "uv": [453, 485]},
						{"origin": [-0.675, 57.60295, -13.08735], "size": [2, 11, 2], "uv": [258, 103]},
						{"origin": [-0.175, 59.60295, -11.83735], "size": [1, 7, 9], "uv": [216, 241]},
						{"origin": [-0.175, 60.57795, -2.83735], "size": [1, 5, 2], "uv": [266, 264]}
					]
				},
				{
					"name": "neck",
					"parent": "bone9",
					"pivot": [0.325, 65.11177, -18.55327],
					"cubes": [
						{"origin": [-5.175, 61.85295, -25.38735], "size": [11, 19, 12], "uv": [184, 176]},
						{"origin": [-0.675, 68.35295, -13.83735], "size": [2, 11, 3], "uv": [108, 257]},
						{"origin": [-0.175, 70.35295, -11.83735], "size": [1, 7, 9], "uv": [100, 171]},
						{"origin": [-0.175, 71.35295, -2.83735], "size": [1, 5, 2], "uv": [142, 264]}
					]
				},
				{
					"name": "bone2",
					"parent": "neck",
					"pivot": [-0.175, 78.85295, -17.98735],
					"cubes": [
						{"origin": [-0.675, 78.85295, -13.98735], "size": [2, 11, 3], "uv": [256, 252]},
						{"origin": [-0.175, 80.85295, -11.48735], "size": [1, 7, 9], "uv": [148, 241]},
						{"origin": [-0.175, 81.85295, -2.48735], "size": [1, 5, 2], "uv": [20, 245]},
						{"origin": [-5.175, 78.85295, -24.98735], "size": [11, 15, 11], "inflate": -0.03, "uv": [0, 203]}
					]
				},
				{
					"name": "head",
					"parent": "bone2",
					"pivot": [0.325, 92.35295, -17.91235],
					"rotation": [12.5, 0, 0],
					"cubes": [
						{"origin": [-6.1, 94.67993, -31.26379], "size": [10, 8, 10], "inflate": -0.03, "pivot": [-1.1, 96.67993, -24.26379], "rotation": [0, -45, 0], "uv": [224, 28]},
						{"origin": [-5.375, 99.67993, -31.26379], "size": [10, 2, 2], "pivot": [-0.375, 102.67993, -25.26379], "rotation": [0, -45, 0], "uv": [104, 48]},
						{"origin": [0.9, 99.67993, -21.43879], "size": [6, 2, 2], "inflate": 0.02, "pivot": [6.4, 101.67993, -20.43879], "rotation": [0, -90, 0], "uv": [258, 190]},
						{"origin": [-11.25, 99.67993, -21.43879], "size": [6, 2, 2], "inflate": 0.02, "pivot": [-5.75, 101.67993, -20.43879], "rotation": [0, -90, 0], "uv": [258, 194]},
						{"origin": [-7.05381, 99.67993, -28.73892], "size": [8, 2, 2], "pivot": [-3.55381, 101.67993, -27.73892], "rotation": [0, 45, 0], "uv": [131, 48]},
						{"origin": [-6.675, 91.65493, -22.68879], "size": [14, 11, 11], "inflate": 0.025, "uv": [100, 188]},
						{"origin": [-0.675, 102.67993, -29.68879], "size": [2, 0, 4], "uv": [152, 47]},
						{"origin": [-6.675, 94.65493, -25.68879], "size": [14, 8, 3], "inflate": 0.025, "uv": [224, 46]}
					]
				},
				{
					"name": "bone4",
					"parent": "head",
					"pivot": [9.4, 102.12993, -18.93879],
					"cubes": [
						{"origin": [7.4, 98.12993, -21.43879], "size": [1, 4, 9], "uv": [492, 0]},
						{"origin": [7.9, 100.66758, -13.08623], "size": [0, 5, 35], "uv": [96, 52]},
						{"origin": [7.4, 98.09958, -30.38945], "size": [1, 4, 9], "inflate": -0.02, "pivot": [7.9, 102.07993, -21.38879], "rotation": [72.5, 0, 0], "uv": [108, 244]},
						{"origin": [7.4, 102.82816, -23.17475], "size": [1, 3, 7], "inflate": -0.03, "pivot": [7.9, 107.82993, -14.58879], "rotation": [72.5, 0, 0], "uv": [249, 120]},
						{"origin": [8.15, 106.59958, -19.93562], "size": [0, 4, 10], "pivot": [8.65, 110.57993, -20.93627], "rotation": [-72.5, 0, 0], "uv": [52, 156]}
					]
				},
				{
					"name": "bone5",
					"parent": "bone4",
					"pivot": [8.35, 94.67993, -20.96379],
					"rotation": [0, 4, 0],
					"cubes": [
						{"origin": [7.35, 92.37458, -28.41445], "size": [1, 4, 8], "inflate": -0.03, "uv": [493, 14]},
						{"origin": [8.25, 88.29958, -32.33945], "size": [0, 8, 4], "pivot": [8.25, 95.29958, -28.33945], "rotation": [0, 12.5, 0], "uv": [62, 259]}
					]
				},
				{
					"name": "bone6",
					"parent": "bone4",
					"pivot": [-8.85, 102.12993, -18.93879],
					"cubes": [
						{"origin": [-7.85, 98.12993, -21.43879], "size": [1, 4, 9], "uv": [492, 0]},
						{"origin": [-7.35, 100.66758, -13.08623], "size": [0, 5, 35], "uv": [96, 52]},
						{"origin": [-7.85, 98.09958, -30.38945], "size": [1, 4, 9], "inflate": -0.02, "pivot": [-7.35, 102.07993, -21.38879], "rotation": [72.5, 0, 0], "uv": [108, 244]},
						{"origin": [-7.85, 102.82816, -23.17475], "size": [1, 3, 7], "inflate": -0.03, "pivot": [-7.35, 107.82993, -14.58879], "rotation": [72.5, 0, 0], "uv": [249, 131]},
						{"origin": [-7.6, 106.59958, -19.93562], "size": [0, 4, 10], "pivot": [-8.1, 110.57993, -20.93627], "rotation": [-72.5, 0, 0], "uv": [52, 156]}
					]
				},
				{
					"name": "bone7",
					"parent": "bone6",
					"pivot": [-7.8, 94.67993, -20.96379],
					"rotation": [0, -4, 0],
					"cubes": [
						{"origin": [-7.8, 92.37458, -28.41445], "size": [1, 4, 8], "inflate": -0.03, "uv": [493, 14]},
						{"origin": [-7.725, 88.29958, -32.31445], "size": [0, 8, 4], "pivot": [-7.725, 95.29958, -28.31445], "rotation": [0, -12.5, 0], "uv": [62, 259]}
					]
				},
				{
					"name": "bone31",
					"parent": "head",
					"pivot": [0.425, 91.62993, -10.68879],
					"rotation": [5, 0, 0],
					"cubes": [
						{"origin": [-6.675, 92.37993, -12.68879], "size": [14, 10, 15], "inflate": -0.025, "uv": [166, 33]},
						{"origin": [-5.775, 92.85493, 2.31121], "size": [12, 9, 7], "uv": [220, 103]},
						{"origin": [-4.325, 93.85493, 9.31121], "size": [9, 7, 6], "uv": [220, 228]},
						{"origin": [-2.95, 94.35493, 15.31121], "size": [6, 6, 4], "uv": [80, 245]}
					]
				},
				{
					"name": "bone28",
					"parent": "head",
					"pivot": [-6.7, 101.90493, -24.68879],
					"cubes": [
						{"origin": [-6.725, 97.65493, -25.68879], "size": [0, 2, 2], "uv": [216, 235]},
						{"origin": [-6.75, 98.15493, -25.18879], "size": [0, 1, 1], "uv": [90, 124]}
					]
				},
				{
					"name": "bone27",
					"parent": "head",
					"pivot": [7.35, 101.90493, -24.68879],
					"cubes": [
						{"origin": [7.375, 97.65493, -25.68879], "size": [0, 2, 2], "uv": [94, 205]},
						{"origin": [7.4, 98.15493, -25.18879], "size": [0, 1, 1], "uv": [90, 120]}
					]
				},
				{
					"name": "jaw",
					"parent": "head",
					"pivot": [0.325, 94.02993, -22.76379],
					"rotation": [-2.5, 0, 0],
					"cubes": [
						{"origin": [-6.675, 91.7537, -25.65945], "size": [14, 3, 4], "pivot": [0.325, 93.2537, -23.65945], "rotation": [-0.75, 0, 0], "uv": [184, 228]},
						{"origin": [-6.075, 91.75493, -31.26379], "size": [10, 3, 10], "inflate": -0.025, "pivot": [-1.075, 88.75493, -24.26379], "rotation": [0, -45, 0], "uv": [144, 228]},
						{"origin": [-7.05381, 92.75493, -28.83892], "size": [9, 2, 1], "pivot": [-3.55381, 93.75493, -27.83892], "rotation": [0, 45, 0], "uv": [256, 187]},
						{"origin": [-5.4, 92.75493, -31.36379], "size": [10, 2, 1], "pivot": [-0.4, 94.75493, -25.36379], "rotation": [0, -45, 0], "uv": [234, 171]},
						{"origin": [-0.125, 92.75493, -20.58879], "size": [4, 2, 1], "inflate": 0.025, "pivot": [6.375, 93.75493, -19.58879], "rotation": [0, -90, 0], "uv": [212, 28]},
						{"origin": [-12.225, 92.75493, -19.58879], "size": [4, 2, 1], "inflate": 0.025, "pivot": [-5.725, 93.75493, -19.58879], "rotation": [0, -90, 0], "uv": [82, 226]},
						{"origin": [1.725, 93.77993, -29.28879], "size": [2, 2, 0], "pivot": [2.725, 94.77993, -29.28879], "rotation": [-35.26439, -30, 54.73561], "uv": [90, 130]},
						{"origin": [-3.025, 93.77993, -29.31379], "size": [2, 2, 0], "pivot": [-2.025, 94.77993, -29.31379], "rotation": [-35.26439, 30, -54.73561], "uv": [44, 203]}
					]
				},
				{
					"name": "bone8",
					"parent": "torso",
					"pivot": [-4.175, 46.75, -17],
					"cubes": [
						{"origin": [-10.175, 34.75, -29], "size": [21, 17, 6], "uv": [299, 0]},
						{"origin": [-5.175, 36.75, -32], "size": [11, 11, 9], "uv": [472, 57]},
						{"origin": [-4.675, 47.69704, -31.92827], "size": [10, 11, 5], "pivot": [0.325, 47.725, -31.9], "rotation": [-32.5, 0, 0], "uv": [482, 139]},
						{"origin": [6.0503, 42.88471, -30.55481], "size": [3, 9, 2], "inflate": -0.025, "pivot": [7.025, 44.3, -30.5], "rotation": [-18.38132, 1.07393, 89.79742], "uv": [256, 241]},
						{"origin": [-8.4003, 42.88471, -30.30481], "size": [3, 9, 2], "inflate": -0.025, "pivot": [-6.375, 44.3, -30.25], "rotation": [-18.38132, -1.07393, -89.79742], "uv": [256, 241], "mirror": true},
						{"origin": [-4.175, 27.80296, -31.82827], "size": [9, 9, 8], "pivot": [0.825, 36.775, -32.8], "rotation": [27.5, 0, 0], "uv": [478, 77]},
						{"origin": [-3.675, 20.35296, -27.80327], "size": [8, 9, 5], "pivot": [0.325, 29.325, -27.775], "rotation": [72.5, 0, 0], "uv": [108, 230]}
					]
				},
				{
					"name": "diamond",
					"parent": "bone8",
					"pivot": [-0.175, 46.25, -26.75],
					"cubes": [
						{"origin": [-1.675, 41.25, -33.25], "size": [4, 4, 2], "pivot": [0.325, 43.25, -32.25], "rotation": [0, 0, 45], "uv": [258, 198]}
					]
				},
				{
					"name": "bone11",
					"parent": "bone8",
					"pivot": [-4.75, 48.025, -31.025],
					"rotation": [9.00653, -7.2209, -6.29171],
					"cubes": [
						{"origin": [-3.425, 48.52204, -33.47827], "size": [3, 15, 1], "inflate": -0.025, "pivot": [-2.425, 44.55, -33.45], "rotation": [-27.85967, -15.81217, -31.90565], "uv": [256, 171], "mirror": true},
						{"origin": [-10.75, 57.99704, -26.80327], "size": [2, 15, 0], "pivot": [-9.75, 54.025, -26.775], "rotation": [-27.09244, -9.15597, -35.44781], "uv": [92, 100], "mirror": true}
					]
				},
				{
					"name": "bone34",
					"parent": "bone8",
					"pivot": [4.9, 48.025, -31.025],
					"rotation": [9.00653, 7.2209, 6.29171],
					"cubes": [
						{"origin": [0.575, 48.52204, -33.47827], "size": [3, 15, 1], "inflate": -0.025, "pivot": [2.575, 44.55, -33.45], "rotation": [-27.85967, 15.81217, 31.90565], "uv": [256, 171]},
						{"origin": [8.9, 57.99704, -26.80327], "size": [2, 15, 0], "pivot": [9.9, 54.025, -26.775], "rotation": [-27.09244, 9.15597, 35.44781], "uv": [92, 100]}
					]
				},
				{
					"name": "tail",
					"parent": "torso",
					"pivot": [0.35, 45, 23.25],
					"cubes": [
						{"origin": [-8.15, 36.5, 23.25], "size": [17, 17, 19], "uv": [0, 100]}
					]
				},
				{
					"name": "tail2",
					"parent": "tail",
					"pivot": [0.6, 44.5, 38.25],
					"cubes": [
						{"origin": [-6.65, 37.5, 38.25], "size": [14, 15, 18], "uv": [104, 0]}
					]
				},
				{
					"name": "tail3",
					"parent": "tail2",
					"pivot": [0.6, 44.5, 53.25],
					"cubes": [
						{"origin": [-5.65, 38.5, 53.25], "size": [12, 13, 18], "uv": [124, 132]}
					]
				},
				{
					"name": "tail4",
					"parent": "tail3",
					"pivot": [-0.4, 44.5, 69.25],
					"cubes": [
						{"origin": [-4.65, 39.5, 68.25], "size": [10, 11, 17], "uv": [166, 92]}
					]
				},
				{
					"name": "tail5",
					"parent": "tail4",
					"pivot": [-0.675, 44.5, 83.25],
					"cubes": [
						{"origin": [-3.175, 41.5, 82.25], "size": [7, 7, 14], "uv": [218, 0]}
					]
				},
				{
					"name": "bone32",
					"parent": "tail5",
					"pivot": [-0.175, 44.5, 95.25],
					"cubes": [
						{"origin": [-2.175, 42.5, 93.25], "size": [5, 5, 13], "uv": [45, 227]}
					]
				},
				{
					"name": "bone21",
					"parent": "body",
					"pivot": [8.5, 40.4, 24.5],
					"rotation": [0.85317, -2.88572, -22.38305],
					"cubes": [
						{"origin": [4.00225, 23.2276, 16.03303], "size": [12, 22, 13], "uv": [73, 132]}
					]
				},
				{
					"name": "bone37",
					"parent": "bone21",
					"pivot": [14.97725, 23.2388, 16.08303],
					"rotation": [0.48296, -0.12941, 14.99945],
					"cubes": [
						{"origin": [4.00225, 18.2638, 16.03303], "size": [12, 5, 13], "inflate": -0.03, "uv": [129, 170]}
					]
				},
				{
					"name": "bone23",
					"parent": "bone37",
					"pivot": [13.99299, 18.7558, 16.3495],
					"rotation": [0, 0, 7],
					"cubes": [
						{"origin": [4.0326, 3.78261, 16.04978], "size": [12, 15, 13], "uv": [0, 175]},
						{"origin": [5.5326, 3.78261, 15.29978], "size": [1, 14, 1], "uv": [217, 258]},
						{"origin": [6.0326, 3.73261, 13.24978], "size": [0, 8, 2], "uv": [33, 261]},
						{"origin": [14.0326, 3.73261, 12.99978], "size": [0, 8, 2], "uv": [33, 261]},
						{"origin": [13.5326, 3.78261, 15.04978], "size": [1, 14, 1], "uv": [223, 258]},
						{"origin": [9.5326, 3.78261, 15.04978], "size": [1, 6, 3], "uv": [135, 232]}
					]
				},
				{
					"name": "bone24",
					"parent": "bone23",
					"pivot": [9.85118, 4.29479, 21.74978],
					"cubes": [
						{"origin": [4.017, -3.78717, 16.05127], "size": [12, 8, 13], "inflate": 0.03, "uv": [150, 207]},
						{"origin": [5.0326, -3.74239, 14.29978], "size": [2, 8, 2], "uv": [264, 171]},
						{"origin": [9.0326, -3.76739, 13.99978], "size": [2, 8, 2], "uv": [266, 103]},
						{"origin": [10.0326, -3.81739, 8.99978], "size": [0, 8, 5], "uv": [52, 259]},
						{"origin": [13.0326, -3.74239, 13.99978], "size": [2, 8, 2], "uv": [266, 113]},
						{"origin": [14.0326, -3.74239, 9.99978], "size": [0, 8, 4], "uv": [18, 261]},
						{"origin": [6.0326, -3.74239, 10.24978], "size": [0, 8, 4], "uv": [18, 261]}
					]
				},
				{
					"name": "bone22",
					"parent": "body",
					"pivot": [-7.775, 40.4, 24.5],
					"rotation": [1.39104, 2.89721, 23.13392],
					"cubes": [
						{"origin": [-15.27725, 23.1776, 16.03303], "size": [12, 22, 13], "uv": [73, 132], "mirror": true}
					]
				},
				{
					"name": "bone38",
					"parent": "bone22",
					"pivot": [-13.25225, 23.1638, 16.08303],
					"rotation": [0, 0, -10],
					"cubes": [
						{"origin": [-15.27725, 18.2138, 16.03303], "size": [12, 5, 13], "inflate": -0.03, "uv": [73, 153], "mirror": true}
					]
				},
				{
					"name": "bone25",
					"parent": "bone38",
					"pivot": [-13.31799, 18.7558, 16.3245],
					"rotation": [0, 0, -13.25],
					"cubes": [
						{"origin": [-15.3576, 3.78261, 16.02478], "size": [12, 15, 13], "uv": [0, 175], "mirror": true},
						{"origin": [-5.8576, 3.78261, 15.27478], "size": [1, 14, 1], "uv": [223, 258]},
						{"origin": [-5.3576, 3.73261, 13.22478], "size": [0, 8, 2], "uv": [33, 261]},
						{"origin": [-13.3576, 3.73261, 13.22478], "size": [0, 8, 2], "uv": [33, 261]},
						{"origin": [-13.8576, 3.78261, 15.02478], "size": [1, 14, 1], "uv": [217, 258]},
						{"origin": [-9.8576, 3.78261, 15.02478], "size": [1, 6, 3], "uv": [135, 232]}
					]
				},
				{
					"name": "bone26",
					"parent": "bone25",
					"pivot": [-9.17618, 0.31979, 21.72478],
					"cubes": [
						{"origin": [-15.342, -3.76217, 16.02627], "size": [12, 8, 13], "inflate": 0.03, "uv": [150, 207], "mirror": true},
						{"origin": [-6.3576, -3.71739, 14.27478], "size": [2, 8, 2], "uv": [266, 153]},
						{"origin": [-10.3576, -3.74239, 13.97478], "size": [2, 8, 2], "uv": [266, 216]},
						{"origin": [-9.3576, -3.79239, 8.97478], "size": [0, 8, 5], "uv": [52, 259]},
						{"origin": [-14.3576, -3.71739, 13.97478], "size": [2, 8, 2], "uv": [266, 226]},
						{"origin": [-13.3576, -3.71739, 9.97478], "size": [0, 8, 4], "uv": [18, 261]},
						{"origin": [-5.3576, -3.71739, 10.22478], "size": [0, 8, 4], "uv": [18, 261]}
					]
				},
				{
					"name": "bone18",
					"parent": "body",
					"pivot": [-10.025, 38.275, -16.5],
					"rotation": [0, 0, 21.15564],
					"cubes": [
						{"origin": [-16.8472, 24.37579, -23.18279], "size": [12, 18, 12], "uv": [166, 58], "mirror": true}
					]
				},
				{
					"name": "bone36",
					"parent": "bone18",
					"pivot": [-14.8472, 24.33789, -23.10779],
					"rotation": [0, 0, -9.75],
					"cubes": [
						{"origin": [-16.8472, 19.38789, -23.18279], "size": [12, 5, 12], "inflate": -0.03, "uv": [2, 158], "mirror": true}
					]
				},
				{
					"name": "bone19",
					"parent": "bone36",
					"pivot": [-14.78794, 19.85489, -23.16631],
					"rotation": [0, 0, -11],
					"cubes": [
						{"origin": [-16.82755, 4.85671, -23.71603], "size": [12, 15, 13], "uv": [168, 0], "mirror": true},
						{"origin": [-7.32755, 4.90671, -24.46603], "size": [1, 14, 1], "uv": [39, 253], "mirror": true},
						{"origin": [-15.32755, 4.88171, -24.46603], "size": [1, 14, 1], "uv": [145, 211], "mirror": true},
						{"origin": [-14.82755, 4.85671, -27.46603], "size": [0, 7, 3], "uv": [12, 266]},
						{"origin": [-6.82755, 4.85671, -27.46603], "size": [0, 7, 3], "uv": [12, 266]},
						{"origin": [-11.32755, 4.90671, -24.71603], "size": [1, 5, 4], "uv": [7, 258], "mirror": true}
					]
				},
				{
					"name": "bone20",
					"parent": "bone19",
					"pivot": [-10.84613, 5.09388, -17.64103],
					"cubes": [
						{"origin": [-16.81195, -2.71307, -23.71454], "size": [12, 8, 13], "inflate": 0.03, "uv": [44, 205], "mirror": true},
						{"origin": [-7.82755, -2.66829, -25.46603], "size": [2, 8, 2], "uv": [134, 264]},
						{"origin": [-11.82755, -2.66829, -25.51603], "size": [2, 8, 2], "uv": [88, 264]},
						{"origin": [-10.82755, -2.64329, -30.76603], "size": [0, 8, 5], "uv": [202, 266]},
						{"origin": [-15.82755, -2.69329, -25.46603], "size": [2, 8, 2], "uv": [100, 245]},
						{"origin": [-14.82755, -2.69329, -29.46603], "size": [0, 8, 4], "uv": [260, 0]},
						{"origin": [-6.82755, -2.69329, -29.46603], "size": [0, 8, 4], "uv": [260, 0]}
					]
				},
				{
					"name": "bone10",
					"parent": "body",
					"pivot": [10.675, 38.275, -16.5],
					"rotation": [0, 0, -19.90564],
					"cubes": [
						{"origin": [5.4972, 24.37579, -23.18279], "size": [12, 18, 12], "uv": [166, 58]}
					]
				},
				{
					"name": "bone33",
					"parent": "bone10",
					"pivot": [15.47727, 24.40737, -23.09182],
					"rotation": [0, 0, 7.25],
					"cubes": [
						{"origin": [5.47096, 19.45697, -23.14182], "size": [12, 5, 12], "inflate": -0.03, "uv": [2, 158]}
					]
				},
				{
					"name": "bone12",
					"parent": "bone33",
					"pivot": [15.43163, 19.95449, -23.09131],
					"rotation": [0, 0, 13],
					"cubes": [
						{"origin": [5.47124, 4.93131, -23.69103], "size": [12, 15, 13], "uv": [168, 0]},
						{"origin": [6.97124, 4.95631, -24.44103], "size": [1, 14, 1], "uv": [145, 211]},
						{"origin": [14.97124, 4.95631, -24.44103], "size": [1, 14, 1], "uv": [39, 253]},
						{"origin": [15.47124, 4.93131, -27.44103], "size": [0, 7, 3], "uv": [12, 266]},
						{"origin": [7.47124, 4.90631, -27.44103], "size": [0, 7, 3], "uv": [12, 266]},
						{"origin": [10.97124, 4.95631, -24.69103], "size": [1, 5, 4], "uv": [6, 258]}
					]
				},
				{
					"name": "bone13",
					"parent": "bone12",
					"pivot": [11.48982, 5.16848, -17.56603],
					"cubes": [
						{"origin": [5.45564, -2.63847, -23.68954], "size": [12, 8, 13], "inflate": 0.03, "uv": [44, 205]},
						{"origin": [6.47124, -2.59369, -25.44103], "size": [2, 8, 2], "uv": [100, 245]},
						{"origin": [10.47124, -2.59369, -25.49103], "size": [2, 8, 2], "uv": [88, 264]},
						{"origin": [11.47124, -2.56869, -30.49103], "size": [0, 8, 5], "uv": [202, 266]},
						{"origin": [14.47124, -2.61869, -25.44103], "size": [2, 8, 2], "uv": [134, 264]},
						{"origin": [15.47124, -2.61869, -29.44103], "size": [0, 8, 4], "uv": [260, 0]},
						{"origin": [7.47124, -2.61869, -29.44103], "size": [0, 8, 4], "uv": [260, 0]}
					]
				}
			]
		}
	]
}