{
	"format_version": "1.12.0",
	"minecraft:geometry": [
		{
			"description": {
				"identifier": "geometry.audino",
				"texture_width": 128,
				"texture_height": 128,
				"visible_bounds_width": 3,
				"visible_bounds_height": 3.5,
				"visible_bounds_offset": [0, 1.25, 0]
			},
			"bones": [
				{
					"name": "audino",
					"pivot": [0, 0, 0]
				},
				{
					"name": "body",
					"parent": "audino",
					"pivot": [0, 14, 0]
				},
				{
					"name": "legs",
					"parent": "body",
					"pivot": [0, 4, -0.5]
				},
				{
					"name": "left_leg",
					"parent": "legs",
					"pivot": [3.5, 4.5, 0],
					"cubes": [
						{"origin": [1.5, 2, -2], "size": [4, 3, 4], "uv": [44, 0]}
					]
				},
				{
					"name": "left_knee",
					"parent": "left_leg",
					"pivot": [3.5, 2, 0],
					"cubes": [
						{"origin": [2, 0, -1.5], "size": [3, 2, 3], "uv": [28, 49]}
					]
				},
				{
					"name": "left_foot",
					"parent": "left_knee",
					"pivot": [3.5, 0.5, -1],
					"cubes": [
						{"origin": [2, 0, -2], "size": [3, 1, 1], "inflate": -0.01, "uv": [22, 38]}
					]
				},
				{
					"name": "right_leg",
					"parent": "legs",
					"pivot": [-3.5, 4.5, 0],
					"cubes": [
						{"origin": [-5.5, 2, -2], "size": [4, 3, 4], "uv": [44, 0], "mirror": true}
					]
				},
				{
					"name": "right_knee",
					"parent": "right_leg",
					"pivot": [-3.5, 2, 0],
					"cubes": [
						{"origin": [-5, 0, -1.5], "size": [3, 2, 3], "uv": [28, 49], "mirror": true}
					]
				},
				{
					"name": "right_foot",
					"parent": "right_knee",
					"pivot": [-3.5, 0.5, -1],
					"cubes": [
						{"origin": [-5, 0, -2], "size": [3, 1, 1], "inflate": -0.01, "uv": [22, 38], "mirror": true}
					]
				},
				{
					"name": "torso",
					"parent": "body",
					"pivot": [0, 8, 0],
					"cubes": [
						{"origin": [-6, 4, -5], "size": [12, 10, 10], "uv": [0, 0]}
					]
				},
				{
					"name": "tail",
					"parent": "torso",
					"pivot": [0.5, 8, 5],
					"cubes": [
						{"origin": [-3, 6, 5], "size": [6, 5, 5], "uv": [0, 38]},
						{"origin": [-2.5, 11, 5.5], "size": [4, 2, 4], "uv": [44, 13]},
						{"origin": [-3, 10, 7.5], "size": [5, 5, 0], "uv": [38, 54]}
					]
				},
				{
					"name": "chest",
					"parent": "torso",
					"pivot": [0, 14, 0],
					"cubes": [
						{"origin": [-5, 14, -4], "size": [10, 6, 8], "uv": [36, 20]}
					]
				},
				{
					"name": "left_arm",
					"parent": "chest",
					"pivot": [4, 17.5, 0.5],
					"cubes": [
						{"origin": [4, 16, -1.5], "size": [5, 3, 4], "uv": [42, 41]}
					]
				},
				{
					"name": "left_elbow",
					"parent": "left_arm",
					"pivot": [8, 17.5, 0.5],
					"cubes": [
						{"origin": [8, 16, -1], "size": [4, 3, 3], "inflate": 0.01, "uv": [42, 48]}
					]
				},
				{
					"name": "left_hand",
					"parent": "left_elbow",
					"pivot": [11, 17.5, 0.5],
					"cubes": [
						{"origin": [11, 16.5, -1], "size": [2, 2, 3], "uv": [28, 54]}
					]
				},
				{
					"name": "left_fingers",
					"parent": "left_hand",
					"pivot": [13, 17.5, 0.5]
				},
				{
					"name": "left_finger_1",
					"parent": "left_fingers",
					"pivot": [13, 17.5, -0.5],
					"cubes": [
						{"origin": [13, 16.5, -1], "size": [1, 2, 1], "uv": [12, 55]}
					]
				},
				{
					"name": "left_finger_2",
					"parent": "left_fingers",
					"pivot": [13, 17.5, 0.5],
					"cubes": [
						{"origin": [13, 16.5, 0], "size": [1, 2, 1], "uv": [16, 55]}
					]
				},
				{
					"name": "left_finger_3",
					"parent": "left_fingers",
					"pivot": [13, 17.5, 1.5],
					"cubes": [
						{"origin": [13, 16.5, 1], "size": [1, 2, 1], "uv": [20, 55]}
					]
				},
				{
					"name": "right_arm",
					"parent": "chest",
					"pivot": [-4, 17.5, 0.5],
					"cubes": [
						{"origin": [-9, 16, -1.5], "size": [5, 3, 4], "uv": [42, 41], "mirror": true}
					]
				},
				{
					"name": "right_elbow",
					"parent": "right_arm",
					"pivot": [-8, 17.5, 0.5],
					"cubes": [
						{"origin": [-12, 16, -1], "size": [4, 3, 3], "inflate": 0.01, "uv": [42, 48], "mirror": true}
					]
				},
				{
					"name": "right_hand",
					"parent": "right_elbow",
					"pivot": [-11, 17.5, 0.5],
					"cubes": [
						{"origin": [-13, 16.5, -1], "size": [2, 2, 3], "uv": [28, 54], "mirror": true}
					]
				},
				{
					"name": "right_fingers",
					"parent": "right_hand",
					"pivot": [-13, 17.5, 0.5]
				},
				{
					"name": "right_finger_1",
					"parent": "right_fingers",
					"pivot": [-13, 17.5, -0.5],
					"cubes": [
						{"origin": [-14, 16.5, -1], "size": [1, 2, 1], "uv": [12, 55], "mirror": true}
					]
				},
				{
					"name": "right_finger_2",
					"parent": "right_fingers",
					"pivot": [-13, 17.5, 0.5],
					"cubes": [
						{"origin": [-14, 16.5, 0], "size": [1, 2, 1], "uv": [16, 55], "mirror": true}
					]
				},
				{
					"name": "right_finger_3",
					"parent": "right_fingers",
					"pivot": [-13, 17.5, 1.5],
					"cubes": [
						{"origin": [-14, 16.5, 1], "size": [1, 2, 1], "uv": [20, 55], "mirror": true}
					]
				},
				{
					"name": "head",
					"parent": "chest",
					"pivot": [0, 20, 0],
					"cubes": [
						{"origin": [-4.5, 20, -4.5], "size": [9, 9, 9], "uv": [0, 20]},
						{"origin": [-4.5, 20, -5], "size": [9, 3, 4], "inflate": -0.01, "pivot": [0, 20, -4], "rotation": [5, 0, 0], "uv": [36, 34]}
					]
				},
				{
					"name": "left_eye",
					"parent": "head",
					"pivot": [2.5, 24.5, -4.51],
					"cubes": [
						{"origin": [1.7, 23, -4.51], "size": [2, 3, 0], "pivot": [2.2, 25, 0], "rotation": [0, 0, -5], "uv": [8, 55]}
					]
				},
				{
					"name": "left_eyelid",
					"parent": "left_eye",
					"pivot": [2, 24.5, -3.03],
					"cubes": [
						{"origin": [1.7, 23, -3.53], "size": [2, 3, 1], "pivot": [2.2, 25, 1], "rotation": [0, 0, -5], "uv": [7, 58]}
					]
				},
				{
					"name": "left_mad_eye",
					"parent": "left_eye",
					"pivot": [2, 24.5, -3.03],
					"cubes": [
						{"origin": [1.7, 23.5, -3.53], "size": [2, 3, 1], "pivot": [2.2, 25, 1], "rotation": [0, 0, -5], "uv": [13, 58]}
					]
				},
				{
					"name": "left_puipl",
					"parent": "left_eye",
					"pivot": [2.5, 25.5, -4.52],
					"cubes": [
						{"origin": [2.2, 25, -4.52], "size": [1, 1, 0], "pivot": [2.2, 25, 0], "rotation": [0, 0, -5], "uv": [28, 40]}
					]
				},
				{
					"name": "right_eye",
					"parent": "head",
					"pivot": [-2.5, 24.5, -4.51],
					"cubes": [
						{"origin": [-3.7, 23, -4.51], "size": [2, 3, 0], "pivot": [-2.2, 25, 0], "rotation": [0, 0, 5], "uv": [8, 55], "mirror": true}
					]
				},
				{
					"name": "right_eyelid",
					"parent": "right_eye",
					"pivot": [-2, 24.5, -3.03],
					"cubes": [
						{"origin": [-3.7, 23, -3.53], "size": [2, 3, 1], "pivot": [-2.2, 25, 1], "rotation": [0, 0, 5], "uv": [7, 58], "mirror": true}
					]
				},
				{
					"name": "right_mad_eye",
					"parent": "right_eye",
					"pivot": [-2, 24.5, -3.03],
					"cubes": [
						{"origin": [-3.7, 23.5, -3.53], "size": [2, 3, 1], "pivot": [-2.2, 25, 1], "rotation": [0, 0, 5], "uv": [13, 58], "mirror": true}
					]
				},
				{
					"name": "right_puipl",
					"parent": "right_eye",
					"pivot": [-2.5, 25.5, -4.52],
					"cubes": [
						{"origin": [-3.2, 25, -4.52], "size": [1, 1, 0], "pivot": [-2.2, 25, 0], "rotation": [0, 0, 5], "uv": [28, 40], "mirror": true}
					]
				},
				{
					"name": "mouth",
					"parent": "head",
					"pivot": [0, 22, -5.2]
				},
				{
					"name": "closed_mouth",
					"parent": "mouth",
					"pivot": [0, 22.1, -5.2],
					"cubes": [
						{"origin": [-1.5, 21.5, -5], "size": [3, 1, 0], "pivot": [0, 20, -4], "rotation": [5, 0, 0], "uv": [22, 40]},
						{"origin": [-1, 22, -5.01], "size": [2, 1, 0], "pivot": [0, 20, -4], "rotation": [5, 0, 0], "uv": [44, 19]}
					]
				},
				{
					"name": "opened_mouth",
					"parent": "mouth",
					"pivot": [0, 22.1, -5.2],
					"cubes": [
						{"origin": [-2, 20.5, -5], "size": [4, 2, 0], "pivot": [-0.5, 20, -4], "rotation": [5, 0, 0], "uv": [0, 55]}
					]
				},
				{
					"name": "left_ear",
					"parent": "head",
					"pivot": [3.5, 28.5, 1],
					"cubes": [
						{"origin": [3, 26, -0.5], "size": [4, 4, 3], "inflate": -0.01, "uv": [0, 48]},
						{"origin": [3, 24, -1], "size": [6, 4, 4], "uv": [22, 41]},
						{"origin": [4, 22, 1], "size": [8, 6, 0], "uv": [44, 7]}
					]
				},
				{
					"name": "left_ear_string",
					"parent": "left_ear",
					"pivot": [5.2, 25, 1],
					"cubes": [
						{"origin": [4.7, 21, 1], "size": [1, 4, 0], "inflate": 0.02, "uv": [40, 49]}
					]
				},
				{
					"name": "left_ear_string_2",
					"parent": "left_ear_string",
					"pivot": [4.7, 21, 1],
					"cubes": [
						{"origin": [4.7, 17, 1], "size": [1, 4, 0], "inflate": 0.01, "uv": [56, 54]}
					]
				},
				{
					"name": "left_ear_string_ends",
					"parent": "left_ear_string_2",
					"pivot": [5.2, 17, 1]
				},
				{
					"name": "left_ear_string_closed_end",
					"parent": "left_ear_string_ends",
					"pivot": [4.7, 17, 1],
					"cubes": [
						{"origin": [4.7, 14, 1], "size": [3, 3, 0], "uv": [30, 38]}
					]
				},
				{
					"name": "left_ear_string_opend_end",
					"parent": "left_ear_string_ends",
					"pivot": [5.2, 17, 1],
					"cubes": [
						{"origin": [4.7, 12, 1], "size": [4, 5, 0], "uv": [48, 54]}
					]
				},
				{
					"name": "right_ear",
					"parent": "head",
					"pivot": [-3.5, 28.5, 1],
					"cubes": [
						{"origin": [-7, 26, -0.5], "size": [4, 4, 3], "uv": [0, 48], "mirror": true},
						{"origin": [-9, 24, -1], "size": [6, 4, 4], "uv": [22, 41], "mirror": true},
						{"origin": [-12, 22, 1], "size": [8, 6, 0], "uv": [44, 7], "mirror": true}
					]
				},
				{
					"name": "right_ear_string",
					"parent": "right_ear",
					"pivot": [-5.2, 25, 1],
					"cubes": [
						{"origin": [-5.7, 21, 1], "size": [1, 4, 0], "inflate": 0.02, "uv": [40, 49], "mirror": true}
					]
				},
				{
					"name": "right_ear_string_2",
					"parent": "right_ear_string",
					"pivot": [-4.7, 21, 1],
					"cubes": [
						{"origin": [-5.7, 17, 1], "size": [1, 4, 0], "inflate": 0.01, "uv": [56, 54], "mirror": true}
					]
				},
				{
					"name": "right_ear_string_ends",
					"parent": "right_ear_string_2",
					"pivot": [-5.2, 17, 1]
				},
				{
					"name": "right_ear_string_closed_end",
					"parent": "right_ear_string_ends",
					"pivot": [-4.7, 17, 1],
					"cubes": [
						{"origin": [-7.7, 14, 1], "size": [3, 3, 0], "uv": [30, 38], "mirror": true}
					]
				},
				{
					"name": "right_ear_string_opend_end",
					"parent": "right_ear_string_ends",
					"pivot": [-5.2, 17, 1],
					"cubes": [
						{"origin": [-8.7, 12, 1], "size": [4, 5, 0], "uv": [48, 54], "mirror": true}
					]
				}
			]
		}
	]
}