{
	"format_version": "1.12.0",
	"minecraft:geometry": [
		{
			"description": {
				"identifier": "geometry.mega_audino",
				"texture_width": 128,
				"texture_height": 128,
				"visible_bounds_width": 3,
				"visible_bounds_height": 3.5,
				"visible_bounds_offset": [0, 1.25, 0]
			},
			"bones": [
				{
					"name": "mega_audino",
					"pivot": [0, 0, 0]
				},
				{
					"name": "body",
					"parent": "mega_audino",
					"pivot": [0, 14, 0]
				},
				{
					"name": "legs",
					"parent": "body",
					"pivot": [0, 4, -0.5]
				},
				{
					"name": "left_leg",
					"parent": "legs",
					"pivot": [3.5, 4.5, 0],
					"cubes": [
						{"origin": [1.5, 2, -2], "size": [4, 3, 4], "uv": [70, 0]}
					]
				},
				{
					"name": "left_knee",
					"parent": "left_leg",
					"pivot": [3.5, 2, 0],
					"cubes": [
						{"origin": [2, 0, -1.5], "size": [3, 2, 3], "uv": [26, 72]}
					]
				},
				{
					"name": "left_foot",
					"parent": "left_knee",
					"pivot": [3.5, 0.5, -1],
					"cubes": [
						{"origin": [2, 0, -2], "size": [3, 1, 1], "inflate": -0.01, "uv": [76, 38]}
					]
				},
				{
					"name": "left_foot_feather",
					"parent": "left_foot",
					"pivot": [5.4, 2.5, 0.9],
					"rotation": [0, 45, 0],
					"cubes": [
						{"origin": [5.75804, 1.8069, 0.93681], "size": [0, 1, 2], "pivot": [5.75804, 2.89666, 1.76439], "rotation": [-12.5, 0, 0], "uv": [64, 76]},
						{"origin": [5.75804, 2.47866, 0.46142], "size": [0, 2, 3], "inflate": 0.01, "pivot": [5.75804, 2.89666, 1.76439], "rotation": [22.5, 0, 0], "uv": [76, 33]}
					]
				},
				{
					"name": "right_leg",
					"parent": "legs",
					"pivot": [-3.5, 4.5, 0],
					"cubes": [
						{"origin": [-5.5, 2, -2], "size": [4, 3, 4], "uv": [70, 0], "mirror": true}
					]
				},
				{
					"name": "right_knee",
					"parent": "right_leg",
					"pivot": [-3.5, 2, 0],
					"cubes": [
						{"origin": [-5, 0, -1.5], "size": [3, 2, 3], "uv": [26, 72], "mirror": true}
					]
				},
				{
					"name": "right_foot",
					"parent": "right_knee",
					"pivot": [-3.5, 0.5, -1],
					"cubes": [
						{"origin": [-5, 0, -2], "size": [3, 1, 1], "inflate": -0.01, "uv": [76, 38], "mirror": true}
					]
				},
				{
					"name": "right_foot_feather",
					"parent": "right_foot",
					"pivot": [-5.4, 2.5, 0.9],
					"rotation": [0, -45, 0],
					"cubes": [
						{"origin": [-5.75804, 1.8069, 0.93681], "size": [0, 1, 2], "pivot": [-5.75804, 2.89666, 1.76439], "rotation": [-12.5, 0, 0], "uv": [64, 76], "mirror": true},
						{"origin": [-5.75804, 2.47866, 0.46142], "size": [0, 2, 3], "inflate": 0.01, "pivot": [-5.75804, 2.89666, 1.76439], "rotation": [22.5, 0, 0], "uv": [76, 33], "mirror": true}
					]
				},
				{
					"name": "torso",
					"parent": "body",
					"pivot": [0, 8, 0],
					"cubes": [
						{"origin": [-6, 4, -6], "size": [12, 10, 12], "uv": [0, 0]}
					]
				},
				{
					"name": "dress",
					"parent": "torso",
					"pivot": [0, 14.6, 0],
					"rotation": [5, 0, 0]
				},
				{
					"name": "left_dress_side",
					"parent": "dress",
					"pivot": [0, 14.6, 0],
					"cubes": [
						{"origin": [7, 7.6, -5], "size": [0, 7, 11], "uv": [48, 0]},
						{"origin": [0, 2.60091, 5.99892], "size": [7, 12, 0], "uv": [29, 53]},
						{"origin": [0, 14.6, -7], "size": [7, 0, 13], "uv": [7, 22]},
						{"origin": [2, 6.6, -7], "size": [5, 8, 0], "uv": [16, 72]},
						{"origin": [7, 6.6, -7], "size": [0, 8, 2], "uv": [42, 72]}
					]
				},
				{
					"name": "left_dress_flap",
					"parent": "left_dress_side",
					"pivot": [7, 7.6, 0.5],
					"cubes": [
						{"origin": [7, 2.6, -5], "size": [0, 5, 11], "uv": [50, 53]}
					]
				},
				{
					"name": "right_dress_side",
					"parent": "dress",
					"pivot": [0, 14.6, 0],
					"cubes": [
						{"origin": [-7, 7.6, -5], "size": [0, 7, 11], "uv": [48, 0], "mirror": true},
						{"origin": [-7, 2.60091, 5.99892], "size": [7, 12, 0], "uv": [29, 53], "mirror": true},
						{"origin": [-7, 14.6, -7], "size": [7, 0, 13], "uv": [7, 22], "mirror": true},
						{"origin": [-7, 6.6, -7], "size": [5, 8, 0], "uv": [16, 72], "mirror": true},
						{"origin": [-7, 6.6, -7], "size": [0, 8, 2], "uv": [42, 72], "mirror": true}
					]
				},
				{
					"name": "right_dress_flap",
					"parent": "right_dress_side",
					"pivot": [-7, 7.6, 0.5],
					"cubes": [
						{"origin": [-7, 2.6, -5], "size": [0, 5, 11], "uv": [50, 53], "mirror": true}
					]
				},
				{
					"name": "tail",
					"parent": "torso",
					"pivot": [0.5, 8, 5],
					"cubes": [
						{"origin": [-3, 6, 5], "size": [6, 5, 5], "uv": [54, 25]},
						{"origin": [-2.5, 11, 5.5], "size": [4, 2, 4], "uv": [70, 7]},
						{"origin": [-3, 10, 7.5], "size": [5, 5, 0], "uv": [72, 64]}
					]
				},
				{
					"name": "chest",
					"parent": "torso",
					"pivot": [0, 14, 0],
					"cubes": [
						{"origin": [-5, 12, -5], "size": [10, 7, 10], "uv": [0, 35]}
					]
				},
				{
					"name": "chest_tuft",
					"parent": "chest",
					"pivot": [0, 15.5, -5],
					"cubes": [
						{"origin": [-2.5, 16, -5.5], "size": [5, 4, 0], "uv": [76, 29]},
						{"origin": [-2, 13.5, -7.5], "size": [4, 4, 4], "uv": [0, 70]},
						{"origin": [-2, 17.5, -7], "size": [3, 1, 3], "uv": [72, 60]}
					]
				},
				{
					"name": "left_tuft_string",
					"parent": "chest_tuft",
					"pivot": [3, 11.5, -2.5]
				},
				{
					"name": "left_tuft_string_closed",
					"parent": "left_tuft_string",
					"pivot": [0.5, 13.5, -6.5],
					"cubes": [
						{"origin": [0, 11, -6.5], "size": [3, 3, 0], "uv": [76, 49]}
					]
				},
				{
					"name": "left_tuft_string_open",
					"parent": "left_tuft_string",
					"pivot": [1, 13.5, -6.5],
					"cubes": [
						{"origin": [0.5, 9.5, -6.5], "size": [1, 4, 0], "uv": [26, 77]}
					]
				},
				{
					"name": "left_tuft_string_open_2",
					"parent": "left_tuft_string_open",
					"pivot": [1, 9.5, -6.5],
					"cubes": [
						{"origin": [0.5, 6.5, -6.5], "size": [1, 3, 0], "uv": [30, 77]}
					]
				},
				{
					"name": "left_tuft_string_open_3",
					"parent": "left_tuft_string_open_2",
					"pivot": [1, 6.5, -6.5],
					"cubes": [
						{"origin": [0.5, 3.5, -6.5], "size": [1, 3, 0], "uv": [30, 80]}
					]
				},
				{
					"name": "left_tuft_string_open_4",
					"parent": "left_tuft_string_open_3",
					"pivot": [1, 3.5, -6.5],
					"cubes": [
						{"origin": [0.5, 0.5, -6.5], "size": [2, 3, 0], "uv": [68, 76]}
					]
				},
				{
					"name": "right_tuft_string",
					"parent": "chest_tuft",
					"pivot": [-3, 11.5, -2.5]
				},
				{
					"name": "right_tuft_string_closed",
					"parent": "right_tuft_string",
					"pivot": [-0.5, 13.5, -6.5],
					"cubes": [
						{"origin": [-3, 11, -6.5], "size": [3, 3, 0], "uv": [76, 49], "mirror": true}
					]
				},
				{
					"name": "right_tuft_string_open",
					"parent": "right_tuft_string",
					"pivot": [-1, 13.5, -6.5],
					"cubes": [
						{"origin": [-1.5, 9.5, -6.5], "size": [1, 4, 0], "uv": [26, 77], "mirror": true}
					]
				},
				{
					"name": "right_tuft_string_open_2",
					"parent": "right_tuft_string_open",
					"pivot": [-1, 9.5, -6.5],
					"cubes": [
						{"origin": [-1.5, 6.5, -6.5], "size": [1, 3, 0], "uv": [30, 77], "mirror": true}
					]
				},
				{
					"name": "right_tuft_string_open_3",
					"parent": "right_tuft_string_open_2",
					"pivot": [-1, 6.5, -6.5],
					"cubes": [
						{"origin": [-1.5, 3.5, -6.5], "size": [1, 3, 0], "uv": [30, 80], "mirror": true}
					]
				},
				{
					"name": "right_tuft_string_open_4",
					"parent": "right_tuft_string_open_3",
					"pivot": [-1, 3.5, -6.5],
					"cubes": [
						{"origin": [-2.5, 0.5, -6.5], "size": [2, 3, 0], "uv": [68, 76], "mirror": true}
					]
				},
				{
					"name": "left_arm",
					"parent": "chest",
					"pivot": [4, 16.5, 0.5],
					"cubes": [
						{"origin": [4, 14.5, -1.5], "size": [5, 3, 4], "uv": [64, 69]}
					]
				},
				{
					"name": "left_elbow",
					"parent": "left_arm",
					"pivot": [8, 16.5, 0.5],
					"cubes": [
						{"origin": [8, 15, -1], "size": [4, 2, 3], "inflate": 0.01, "uv": [70, 13]}
					]
				},
				{
					"name": "left_hand",
					"parent": "left_elbow",
					"pivot": [11, 16.5, 0.5],
					"cubes": [
						{"origin": [11, 15.5, -1], "size": [2, 1, 3], "uv": [76, 25]}
					]
				},
				{
					"name": "left_fingers",
					"parent": "left_hand",
					"pivot": [13, 16.5, 0.5]
				},
				{
					"name": "left_finger_1",
					"parent": "left_fingers",
					"pivot": [13, 16.5, -0.5],
					"cubes": [
						{"origin": [13, 15.5, -1], "size": [1, 1, 1], "uv": [16, 70]}
					]
				},
				{
					"name": "left_finger_2",
					"parent": "left_fingers",
					"pivot": [13, 16.5, 0.5],
					"cubes": [
						{"origin": [13, 15.5, 0], "size": [1, 1, 1], "uv": [72, 76]}
					]
				},
				{
					"name": "left_finger_3",
					"parent": "left_fingers",
					"pivot": [13, 16.5, 1.5],
					"cubes": [
						{"origin": [13, 15.5, 1], "size": [1, 1, 1], "uv": [76, 76]}
					]
				},
				{
					"name": "right_arm",
					"parent": "chest",
					"pivot": [-4, 16.5, 0.5],
					"cubes": [
						{"origin": [-9, 14.5, -1.5], "size": [5, 3, 4], "uv": [64, 69], "mirror": true}
					]
				},
				{
					"name": "right_elbow",
					"parent": "right_arm",
					"pivot": [-8, 16.5, 0.5],
					"cubes": [
						{"origin": [-12, 15, -1], "size": [4, 2, 3], "inflate": 0.01, "uv": [70, 13], "mirror": true}
					]
				},
				{
					"name": "right_hand",
					"parent": "right_elbow",
					"pivot": [-11, 16.5, 0.5],
					"cubes": [
						{"origin": [-13, 15.5, -1], "size": [2, 1, 3], "uv": [76, 25], "mirror": true}
					]
				},
				{
					"name": "right_fingers",
					"parent": "right_hand",
					"pivot": [-13, 16.5, 0.5]
				},
				{
					"name": "right_finger_1",
					"parent": "right_fingers",
					"pivot": [-13, 16.5, -0.5],
					"cubes": [
						{"origin": [-14, 15.5, -1], "size": [1, 1, 1], "uv": [16, 70], "mirror": true}
					]
				},
				{
					"name": "right_finger_2",
					"parent": "right_fingers",
					"pivot": [-13, 16.5, 0.5],
					"cubes": [
						{"origin": [-14, 15.5, 0], "size": [1, 1, 1], "uv": [72, 76], "mirror": true}
					]
				},
				{
					"name": "right_finger_3",
					"parent": "right_fingers",
					"pivot": [-13, 16.5, 1.5],
					"cubes": [
						{"origin": [-14, 15.5, 1], "size": [1, 1, 1], "uv": [76, 76], "mirror": true}
					]
				},
				{
					"name": "head",
					"parent": "chest",
					"pivot": [0, 19, 0],
					"cubes": [
						{"origin": [-4.5, 19, -4.5], "size": [9, 9, 9], "uv": [40, 35]},
						{"origin": [-4.5, 19, -5], "size": [9, 3, 4], "inflate": -0.01, "pivot": [0, 19, -4], "rotation": [5, 0, 0], "uv": [54, 18]}
					]
				},
				{
					"name": "left_eye",
					"parent": "head",
					"pivot": [2.5, 23, -4.51],
					"cubes": [
						{"origin": [1.7, 21.5, -4.51], "size": [2, 3, 0], "pivot": [2.2, 23.5, 0], "rotation": [0, 0, -5], "uv": [46, 65]},
						{"origin": [1.8, 24.4, -4.53], "size": [2, 1, 0], "pivot": [2.8, 24.9, -4.53], "rotation": [0, 0, 5], "uv": [32, 52]},
						{"origin": [2.7, 22, -4.52], "size": [1, 1, 0], "pivot": [2.2, 23.5, 0], "rotation": [0, 0, -5], "uv": [36, 52]},
						{"origin": [2.7, 22.5, -4.53], "size": [1, 1, 0], "pivot": [2.2, 23.5, 0], "rotation": [0, 0, -5], "uv": [38, 52]}
					]
				},
				{
					"name": "left_eyelid",
					"parent": "left_eye",
					"pivot": [2, 23, -3.03],
					"cubes": [
						{"origin": [1.7, 21.5, -3.54], "size": [2, 3, 1], "pivot": [2.2, 23.5, 1], "rotation": [0, 0, -5], "uv": [48, 18]}
					]
				},
				{
					"name": "left_mad_eye",
					"parent": "left_eye",
					"pivot": [2, 23, -3.03],
					"cubes": [
						{"origin": [1.7, 22, -3.53], "size": [2, 3, 1], "pivot": [2.2, 23.5, 1], "rotation": [0, 0, -5], "uv": [76, 40]}
					]
				},
				{
					"name": "left_puipl",
					"parent": "left_eye",
					"pivot": [2.5, 24, -4.52],
					"cubes": [
						{"origin": [2.2, 23.5, -4.52], "size": [1, 1, 0], "pivot": [2.2, 23.5, 0], "rotation": [0, 0, -5], "uv": [38, 51]}
					]
				},
				{
					"name": "right_eye",
					"parent": "head",
					"pivot": [-2.5, 23, -4.51],
					"cubes": [
						{"origin": [-3.7, 21.5, -4.51], "size": [2, 3, 0], "pivot": [-2.2, 23.5, 0], "rotation": [0, 0, 5], "uv": [46, 65], "mirror": true},
						{"origin": [-3.8, 24.4, -4.53], "size": [2, 1, 0], "pivot": [-2.8, 24.9, -4.53], "rotation": [0, 0, -5], "uv": [32, 52], "mirror": true},
						{"origin": [-3.7, 22, -4.52], "size": [1, 1, 0], "pivot": [-2.2, 23.5, 0], "rotation": [0, 0, 5], "uv": [36, 52], "mirror": true},
						{"origin": [-3.7, 22.5, -4.53], "size": [1, 1, 0], "pivot": [-2.2, 23.5, 0], "rotation": [0, 0, 5], "uv": [38, 52], "mirror": true}
					]
				},
				{
					"name": "right_eyelid",
					"parent": "right_eye",
					"pivot": [-2, 23, -3.03],
					"cubes": [
						{"origin": [-3.7, 21.5, -3.54], "size": [2, 3, 1], "pivot": [-2.2, 23.5, 1], "rotation": [0, 0, 5], "uv": [48, 18], "mirror": true}
					]
				},
				{
					"name": "right_mad_eye",
					"parent": "right_eye",
					"pivot": [-2, 23, -3.03],
					"cubes": [
						{"origin": [-3.7, 22, -3.53], "size": [2, 3, 1], "pivot": [-2.2, 23.5, 1], "rotation": [0, 0, 5], "uv": [76, 40], "mirror": true}
					]
				},
				{
					"name": "right_puipl",
					"parent": "right_eye",
					"pivot": [-2.5, 24, -4.52],
					"cubes": [
						{"origin": [-3.2, 23.5, -4.52], "size": [1, 1, 0], "pivot": [-2.2, 23.5, 0], "rotation": [0, 0, 5], "uv": [38, 51], "mirror": true}
					]
				},
				{
					"name": "mouth",
					"parent": "head",
					"pivot": [0, 21, -5.2]
				},
				{
					"name": "closed_mouth",
					"parent": "mouth",
					"pivot": [0, 21.1, -5.2],
					"cubes": [
						{"origin": [-1.5, 20.5, -5], "size": [3, 1, 0], "pivot": [0, 19, -4], "rotation": [5, 0, 0], "uv": [22, 52]},
						{"origin": [-1, 21, -5.01], "size": [2, 1, 0], "pivot": [0, 19, -4], "rotation": [5, 0, 0], "uv": [28, 52]}
					]
				},
				{
					"name": "opened_mouth",
					"parent": "mouth",
					"pivot": [0, 21.1, -5.2],
					"cubes": [
						{"origin": [-2, 19.5, -5], "size": [4, 2, 0], "pivot": [-0.5, 19, -4], "rotation": [5, 0, 0], "uv": [76, 44]}
					]
				},
				{
					"name": "left_ear",
					"parent": "head",
					"pivot": [2, 27, 0],
					"cubes": [
						{"origin": [1.5, 22.5, -1.5], "size": [6, 6, 3], "pivot": [2, 27, 0], "rotation": [0, 0, -42.5], "uv": [46, 69]},
						{"origin": [7.5, 23.5, -1], "size": [3, 5, 2], "pivot": [2, 27, 0], "rotation": [0, 0, -42.5], "uv": [72, 53]},
						{"origin": [4.5, 22.5, 0], "size": [12, 7, 0], "pivot": [2, 27, 0], "rotation": [0, 0, -42.5], "uv": [22, 65]}
					]
				},
				{
					"name": "left_ear_string",
					"parent": "left_ear",
					"pivot": [5, 26.5, 0],
					"rotation": [0, 0, -22.5],
					"cubes": [
						{"origin": [4.5, 23.5, 0], "size": [1, 3, 0], "inflate": 0.01, "uv": [28, 77]}
					]
				},
				{
					"name": "left_ear_string_2",
					"parent": "left_ear_string",
					"pivot": [5, 23.5, 0],
					"cubes": [
						{"origin": [4.5, 20.5, 0], "size": [1, 3, 0], "uv": [28, 80]}
					]
				},
				{
					"name": "left_ear_string_3",
					"parent": "left_ear_string_2",
					"pivot": [5, 20.5, 0],
					"cubes": [
						{"origin": [4.5, 17.5, 0], "size": [1, 3, 0], "inflate": 0.01, "uv": [28, 83]}
					]
				},
				{
					"name": "left_ear_string_4",
					"parent": "left_ear_string_3",
					"pivot": [5, 17.5, 0],
					"cubes": [
						{"origin": [4.5, 14.5, 0], "size": [1, 3, 0], "uv": [28, 86]}
					]
				},
				{
					"name": "left_ear_string_end",
					"parent": "left_ear_string_4",
					"pivot": [5, 14.5, 0],
					"cubes": [
						{"origin": [2.5, 11.5, 0], "size": [3, 3, 0], "inflate": 0.01, "uv": [76, 46]}
					]
				},
				{
					"name": "right_ear",
					"parent": "head",
					"pivot": [-2, 27, 0],
					"cubes": [
						{"origin": [-7.5, 22.5, -1.5], "size": [6, 6, 3], "pivot": [-2, 27, 0], "rotation": [0, 0, 42.5], "uv": [46, 69], "mirror": true},
						{"origin": [-10.5, 23.5, -1], "size": [3, 5, 2], "pivot": [-2, 27, 0], "rotation": [0, 0, 42.5], "uv": [72, 53], "mirror": true},
						{"origin": [-16.5, 22.5, 0], "size": [12, 7, 0], "pivot": [-2, 27, 0], "rotation": [0, 0, 42.5], "uv": [22, 65], "mirror": true}
					]
				},
				{
					"name": "right_ear_string",
					"parent": "right_ear",
					"pivot": [-5, 26.5, 0],
					"rotation": [0, 0, 22.5],
					"cubes": [
						{"origin": [-5.5, 23.5, 0], "size": [1, 3, 0], "inflate": 0.01, "uv": [28, 77], "mirror": true}
					]
				},
				{
					"name": "right_ear_string_2",
					"parent": "right_ear_string",
					"pivot": [-5, 23.5, 0],
					"cubes": [
						{"origin": [-5.5, 20.5, 0], "size": [1, 3, 0], "uv": [28, 80], "mirror": true}
					]
				},
				{
					"name": "right_ear_string_3",
					"parent": "right_ear_string_2",
					"pivot": [-5, 20.5, 0],
					"cubes": [
						{"origin": [-5.5, 17.5, 0], "size": [1, 3, 0], "inflate": 0.01, "uv": [28, 83], "mirror": true}
					]
				},
				{
					"name": "right_ear_string_4",
					"parent": "right_ear_string_3",
					"pivot": [-5, 17.5, 0],
					"cubes": [
						{"origin": [-5.5, 14.5, 0], "size": [1, 3, 0], "uv": [28, 86], "mirror": true}
					]
				},
				{
					"name": "right_ear_string_end",
					"parent": "right_ear_string_4",
					"pivot": [-5, 14.5, 0],
					"cubes": [
						{"origin": [-5.5, 11.5, 0], "size": [3, 3, 0], "inflate": 0.01, "uv": [76, 46], "mirror": true}
					]
				}
			]
		}
	]
}