{
	"format_version": "1.12.0",
	"minecraft:geometry": [
		{
			"description": {
				"identifier": "geometry.throh",
				"texture_width": 128,
				"texture_height": 128,
				"visible_bounds_width": 5,
				"visible_bounds_height": 3.5,
				"visible_bounds_offset": [0, 1.25, 0]
			},
			"bones": [
				{
					"name": "throh",
					"pivot": [0, 0, 0]
				},
				{
					"name": "body",
					"parent": "throh",
					"pivot": [0, 0, 0]
				},
				{
					"name": "torso",
					"parent": "body",
					"pivot": [0.05, 10, 0.5],
					"cubes": [
						{"origin": [-6.95, 10, -3.5], "size": [14, 4, 8], "uv": [74, 116]}
					]
				},
				{
					"name": "chest",
					"parent": "torso",
					"pivot": [0.05, 14, 4.5],
					"cubes": [
						{"origin": [-0.45, 17, -4.025], "size": [1, 6, 0], "uv": [0, 98]},
						{"origin": [-6.95, 14, -4], "size": [14, 12, 9], "inflate": 0.01, "uv": [0, 0]}
					]
				},
				{
					"name": "bone9",
					"parent": "chest",
					"pivot": [7.05, 25.25, 1.75],
					"cubes": [
						{"origin": [7.05, 20.25, -0.75], "size": [9, 5, 5], "uv": [30, 33]}
					]
				},
				{
					"name": "bone10",
					"parent": "bone9",
					"pivot": [16.05, 22.25, 4.25],
					"cubes": [
						{"origin": [16.05, 20.25, -0.75], "size": [9, 5, 5], "inflate": 0.03, "uv": [42, 21]}
					]
				},
				{
					"name": "bone22",
					"parent": "bone10",
					"pivot": [25.05, 22.75, 1.75],
					"cubes": [
						{"origin": [25.05, 20.25, -0.75], "size": [2, 5, 5], "uv": [18, 63], "mirror": true}
					]
				},
				{
					"name": "bone23",
					"parent": "bone22",
					"pivot": [27.05, 24.25, 0.25],
					"cubes": [
						{"origin": [27.05, 23.225, -0.65], "size": [3, 2, 2], "inflate": 0.025, "uv": [70, 20]}
					]
				},
				{
					"name": "bone24",
					"parent": "bone23",
					"pivot": [30.05, 25.25, 0.25],
					"cubes": [
						{"origin": [30.05, 23.225, -0.65], "size": [3, 2, 2], "uv": [22, 73]}
					]
				},
				{
					"name": "bone27",
					"parent": "bone22",
					"pivot": [27.05, 21.5, 0.25],
					"cubes": [
						{"origin": [27.05, 20.475, -0.65], "size": [3, 2, 2], "inflate": 0.025, "uv": [36, 70]}
					]
				},
				{
					"name": "bone28",
					"parent": "bone27",
					"pivot": [30.05, 21.5, -0.65],
					"cubes": [
						{"origin": [30.05, 20.475, -0.65], "size": [3, 2, 2], "uv": [74, 4]}
					]
				},
				{
					"name": "bone25",
					"parent": "bone22",
					"pivot": [27.05, 24.25, 3],
					"cubes": [
						{"origin": [27.05, 23.225, 2.1], "size": [3, 2, 2], "inflate": 0.025, "uv": [70, 24]}
					]
				},
				{
					"name": "bone26",
					"parent": "bone25",
					"pivot": [30.05, 25.25, 3],
					"cubes": [
						{"origin": [30.05, 23.225, 2.1], "size": [3, 2, 2], "uv": [74, 0]}
					]
				},
				{
					"name": "bone29",
					"parent": "chest",
					"pivot": [-6.95, 25.5, 1.75],
					"cubes": [
						{"origin": [-15.95, 20.5, -0.75], "size": [9, 5, 5], "uv": [30, 33], "mirror": true}
					]
				},
				{
					"name": "bone30",
					"parent": "bone29",
					"pivot": [-15.95, 22.5, 4.25],
					"cubes": [
						{"origin": [-24.95, 20.5, -0.75], "size": [9, 5, 5], "inflate": 0.03, "uv": [42, 21], "mirror": true}
					]
				},
				{
					"name": "bone31",
					"parent": "bone30",
					"pivot": [-24.95, 23, 1.75],
					"cubes": [
						{"origin": [-26.95, 20.5, -0.75], "size": [2, 5, 5], "uv": [18, 63]}
					]
				},
				{
					"name": "bone32",
					"parent": "bone31",
					"pivot": [-26.95, 24.5, 0.25],
					"cubes": [
						{"origin": [-29.95, 23.475, -0.65], "size": [3, 2, 2], "inflate": 0.025, "uv": [49, 70]}
					]
				},
				{
					"name": "bone33",
					"parent": "bone32",
					"pivot": [-29.95, 25.5, 0.25],
					"cubes": [
						{"origin": [-32.95, 23.475, -0.65], "size": [3, 2, 2], "uv": [74, 8]}
					]
				},
				{
					"name": "bone34",
					"parent": "bone31",
					"pivot": [-26.95, 21.75, 0.25],
					"cubes": [
						{"origin": [-29.95, 20.725, -0.65], "size": [3, 2, 2], "inflate": 0.025, "uv": [61, 70]}
					]
				},
				{
					"name": "bone35",
					"parent": "bone34",
					"pivot": [-29.95, 21.75, -0.65],
					"cubes": [
						{"origin": [-32.95, 20.725, -0.65], "size": [3, 2, 2], "uv": [74, 12]}
					]
				},
				{
					"name": "bone36",
					"parent": "bone31",
					"pivot": [-26.95, 24.5, 3],
					"cubes": [
						{"origin": [-29.95, 23.475, 2.1], "size": [3, 2, 2], "inflate": 0.025, "uv": [1, 71]}
					]
				},
				{
					"name": "bone37",
					"parent": "bone36",
					"pivot": [-29.95, 25.5, 3],
					"cubes": [
						{"origin": [-32.95, 23.475, 2.1], "size": [3, 2, 2], "uv": [74, 16]}
					]
				},
				{
					"name": "head",
					"parent": "chest",
					"pivot": [0.05, 21.5, -2],
					"cubes": [
						{"origin": [-3.95, 19, -6], "size": [8, 9, 7], "uv": [0, 33]},
						{"origin": [-0.95, 20.5, -6.225], "size": [2, 4, 2], "pivot": [0.05, 22.5, -5.225], "rotation": [-2.5, 0, 0], "uv": [72, 70]},
						{"origin": [0.725, 23.825, -6.125], "size": [3, 1, 1], "pivot": [2.225, 24.325, -5.625], "rotation": [0, 0, -10], "uv": [70, 28]},
						{"origin": [-3.6, 23.825, -6.125], "size": [3, 1, 1], "pivot": [-2.1, 24.325, -5.625], "rotation": [0, 0, 10], "uv": [44, 74]}
					]
				},
				{
					"name": "bone3",
					"parent": "head",
					"pivot": [-2.05, 23.525, -6.025],
					"rotation": [0, 0, 10],
					"cubes": [
						{"origin": [-3.05, 22.525, -6.025], "size": [2, 2, 0], "uv": [12, 71]}
					]
				},
				{
					"name": "bone6",
					"parent": "bone3",
					"pivot": [-2.05, 23.675, -5.75],
					"cubes": [
						{"origin": [-3.05, 22.675, -6.25], "size": [2, 2, 1], "inflate": -0.2, "uv": [58, 74]}
					]
				},
				{
					"name": "bone7",
					"parent": "bone6",
					"pivot": [-2.025, 23.725, -6.075],
					"cubes": [
						{"origin": [-2.525, 23.225, -6.075], "size": [1, 1, 0], "uv": [44, 32]}
					]
				},
				{
					"name": "eyelid_right",
					"parent": "bone3",
					"pivot": [-2.05, 23.525, -6.025],
					"cubes": [
						{"origin": [-3.05, 22.525, -5.1], "size": [2, 2, 2], "uv": [0, 0]}
					]
				},
				{
					"name": "bone2",
					"parent": "head",
					"pivot": [2.15, 23.525, -6.025],
					"rotation": [0, 0, -10],
					"cubes": [
						{"origin": [1.15, 22.525, -6.025], "size": [2, 2, 0], "uv": [54, 31]}
					]
				},
				{
					"name": "bone4",
					"parent": "bone2",
					"pivot": [2.15, 23.675, -5.75],
					"cubes": [
						{"origin": [1.15, 22.675, -6.25], "size": [2, 2, 1], "inflate": -0.2, "uv": [52, 74]}
					]
				},
				{
					"name": "bone5",
					"parent": "bone4",
					"pivot": [2.125, 23.725, -6.075],
					"cubes": [
						{"origin": [1.625, 23.225, -6.075], "size": [1, 1, 0], "uv": [42, 32]}
					]
				},
				{
					"name": "eyelid_left",
					"parent": "bone2",
					"pivot": [2.15, 23.525, -5.025],
					"cubes": [
						{"origin": [1.15, 22.525, -5.1], "size": [2, 2, 2], "uv": [0, 0]}
					]
				},
				{
					"name": "bone",
					"parent": "head",
					"pivot": [0.55, 23.5, -8]
				},
				{
					"name": "bone8",
					"parent": "head",
					"pivot": [0.55, 5.925, -4.95],
					"cubes": [
						{"origin": [-2.95, 20.65, -6.025], "size": [6, 1, 0], "uv": [42, 31]},
						{"origin": [3.05, 19.875, -6.025], "size": [1, 1, 0], "uv": [46, 20]},
						{"origin": [-3.95, 19.875, -6.025], "size": [1, 1, 0], "uv": [46, 32]}
					]
				},
				{
					"name": "bone40",
					"parent": "torso",
					"pivot": [-0.2, 12.25, -3.5],
					"rotation": [-14.33501, 4.46375, 16.93839],
					"cubes": [
						{"origin": [-2.2, 4.25, -3.5], "size": [3, 8, 0], "uv": [38, 74]}
					]
				},
				{
					"name": "bone39",
					"parent": "torso",
					"pivot": [-0.2, 12.25, -3.5],
					"rotation": [-14.33501, -4.46375, -16.93839],
					"cubes": [
						{"origin": [-1.2, 4.25, -3.5], "size": [3, 8, 0], "uv": [32, 74]}
					]
				},
				{
					"name": "bone21",
					"parent": "torso",
					"pivot": [-6.95, 12, 0.5],
					"rotation": [0, 0, 22.5],
					"cubes": [
						{"origin": [-6.95, 8, -3.5], "size": [1, 4, 8], "inflate": 0.025, "uv": [0, 59]}
					]
				},
				{
					"name": "bone20",
					"parent": "torso",
					"pivot": [7.05, 12, 0.5],
					"rotation": [0, 0, -22.5],
					"cubes": [
						{"origin": [6.05, 8, -3.5], "size": [1, 4, 8], "inflate": 0.025, "uv": [0, 59]}
					]
				},
				{
					"name": "bone38",
					"parent": "torso",
					"pivot": [0.05, 12, 4.5],
					"rotation": [10, 0, 0],
					"cubes": [
						{"origin": [-6.95, 8, 3.5], "size": [14, 4, 1], "inflate": 0.025, "uv": [24, 123]}
					]
				},
				{
					"name": "bone19",
					"parent": "torso",
					"pivot": [0.05, 12, -3.5],
					"rotation": [-10, 0, 0],
					"cubes": [
						{"origin": [-6.95, 8, -3.5], "size": [14, 4, 1], "inflate": 0.025, "uv": [24, 118]}
					]
				},
				{
					"name": "bone15",
					"parent": "body",
					"pivot": [-4.2, 10.25, 0.5],
					"cubes": [
						{"origin": [-6.7, 5.25, -2], "size": [5, 5, 5], "uv": [40, 53]}
					]
				},
				{
					"name": "bone16",
					"parent": "bone15",
					"pivot": [-4.15, 5.25, -1.95],
					"cubes": [
						{"origin": [-6.7, 1.25, -2], "size": [5, 4, 5], "inflate": 0.025, "uv": [58, 31]}
					]
				},
				{
					"name": "bone17",
					"parent": "bone16",
					"pivot": [-5.7, 2, -2],
					"cubes": [
						{"origin": [-6.7, 0, -2], "size": [5, 2, 5], "uv": [56, 63]}
					]
				},
				{
					"name": "bone18",
					"parent": "bone17",
					"pivot": [-4.2, 0, -2],
					"cubes": [
						{"origin": [-5.7, 0, -4], "size": [3, 2, 2], "uv": [12, 73]}
					]
				},
				{
					"name": "bone11",
					"parent": "body",
					"pivot": [4.3, 10.25, 0.5],
					"cubes": [
						{"origin": [1.8, 5.25, -2], "size": [5, 5, 5], "uv": [40, 53]}
					]
				},
				{
					"name": "bone12",
					"parent": "bone11",
					"pivot": [4.25, 5.25, -1.95],
					"cubes": [
						{"origin": [1.8, 1.25, -2], "size": [5, 4, 5], "inflate": 0.025, "uv": [58, 31]}
					]
				},
				{
					"name": "bone13",
					"parent": "bone12",
					"pivot": [5.8, 2, -2],
					"cubes": [
						{"origin": [1.8, 0, -2], "size": [5, 2, 5], "uv": [56, 63]}
					]
				},
				{
					"name": "bone14",
					"parent": "bone13",
					"pivot": [4.3, 0, -2],
					"cubes": [
						{"origin": [2.8, 0, -4], "size": [3, 2, 2], "inflate": 0.01, "uv": [20, 49]}
					]
				}
			]
		}
	]
}