{
	"format_version": "1.8.0",
	"animations": {
		"animation.fire_audino.pose": {
			"loop": true,
			"bones": {
				"left_ear_string": {
					"rotation": [-19.98724, -1.49469, 8.20379],
					"position": [0.00381, 0.08716, 0]
				},
				"left_ear_string_2": {
					"rotation": [-7.5, 0, -45]
				},
				"left_ear_string_closed_end": {
					"rotation": [0, 0, 0],
					"scale": 0
				},
				"head": {
					"rotation": [2.5, -5, 5],
					"position": [0, -0.5, 0]
				},
				"left_ear": {
					"rotation": [-0.87038, 4.92385, -10.03742]
				},
				"left_ear_string_opend_end": {
					"rotation": [0, 0, -35],
					"position": [-0.09235, 0.2774, 0]
				},
				"right_ear": {
					"rotation": [-0.87038, -4.92385, 10.03742]
				},
				"right_ear_string": {
					"rotation": [0, 0, -5],
					"position": [-1, 0, 0]
				},
				"right_ear_string_2": {
					"rotation": [0, 0, 15]
				},
				"right_ear_string_closed_end": {
					"rotation": [0, 0, 90]
				},
				"right_ear_string_opend_end": {
					"scale": 0
				},
				"left_leg": {
					"rotation": [0, 22.5, 0]
				},
				"left_knee": {
					"rotation": [0, 10, 0]
				},
				"torso": {
					"rotation": [0, 10, 0]
				},
				"chest": {
					"rotation": [0, -10, 0]
				},
				"right_leg": {
					"rotation": [0, -22.5, 0]
				},
				"right_knee": {
					"rotation": [0, -10, 0]
				},
				"left_arm": {
					"rotation": [12.46341, -10.57738, 29.84557],
					"position": [0, 0.5, 0]
				},
				"left_elbow": {
					"rotation": [0, 12.5, -45],
					"position": [-0.42516, 0.31931, 0.08533]
				},
				"left_hand": {
					"rotation": [72.5, 0, -12.5],
					"position": [0.27011, -0.16358, 0.0168]
				},
				"left_finger_1": {
					"rotation": [0, 10, 0],
					"position": [-0.09325, 0.02869, -0.02195]
				},
				"left_finger_3": {
					"rotation": [0, -10, 0],
					"position": [-0.09325, 0.02869, -0.02195]
				},
				"tail": {
					"rotation": [-4.53359, -2.11089, -24.91643],
					"position": [2.95442, 0, -0.47906]
				},
				"left_puipl": {
					"position": [0, 0, 0]
				},
				"opened_mouth": {
					"position": [0, 0, 1]
				},
				"right_puipl": {
					"position": [0, 0, 0]
				},
				"right_arm": {
					"rotation": [27.19157, -3.81024, -35.74751]
				},
				"right_elbow": {
					"rotation": [0, 0, 22.5]
				},
				"right_finger_1": {
					"rotation": [0, -10, 0],
					"position": [0.09325, 0.02869, -0.02195]
				},
				"right_finger_3": {
					"rotation": [0, 10, 0],
					"position": [0.09325, 0.02869, -0.02195]
				}
			}
		},
		"animation.fire_audino.ground_base": {
			"loop": true,
			"animation_length": 2,
			"bones": {
				"torso": {
					"rotation": [5, 0, 0]
				},
				"tail": {
					"rotation": [-10, 0, 0],
					"position": [0, 0.08682, -0.4924]
				},
				"chest": {
					"rotation": [-5, 0, 0],
					"position": [0, -0.4981, -0.04358]
				},
				"left_arm": {
					"rotation": [0, 0, 50],
					"position": [-0.5, 1, 0]
				},
				"left_elbow": {
					"rotation": [0, 0, 15],
					"position": [0.51158, -0.16818, 0]
				},
				"left_finger_1": {
					"rotation": [0, 10, 0],
					"position": [-0.09063, 0.04226, 0]
				},
				"left_finger_3": {
					"rotation": [0, -10, 0],
					"position": [-0.09063, 0.04226, 0]
				},
				"opened_mouth": {
					"position": [0, 0, 1]
				},
				"left_ear": {
					"rotation": [0, 0, -10]
				},
				"left_ear_string": {
					"rotation": [0, 0, 10]
				},
				"left_ear_string_2": {
					"rotation": [0, 0, -45]
				},
				"left_ear_string_closed_end": {
					"rotation": [0, 0, -90]
				},
				"left_ear_string_opend_end": {
					"scale": 0
				},
				"right_ear": {
					"rotation": [0, 0, 10]
				},
				"right_ear_string": {
					"rotation": [0, 0, -10]
				},
				"right_ear_string_2": {
					"rotation": [0, 0, 45]
				},
				"right_ear_string_closed_end": {
					"rotation": [0, 0, 90]
				},
				"right_ear_string_opend_end": {
					"scale": 0
				},
				"right_arm": {
					"rotation": [0, 0, -50],
					"position": [0.5, 1, 0]
				},
				"right_elbow": {
					"rotation": [0, 0, -15],
					"position": [-0.51158, -0.16818, 0]
				},
				"right_finger_1": {
					"rotation": [0, -10, 0],
					"position": [0.09848, 0, 0.01736]
				},
				"right_finger_3": {
					"rotation": [0, 10, 0],
					"position": [0.09063, 0.04226, 0]
				}
			}
		},
		"animation.fire_audino.ground_idle": {
			"loop": true,
			"animation_length": 2,
			"bones": {
				"left_leg": {
					"rotation": [0, 22.5, 0]
				},
				"right_leg": {
					"rotation": [0, -22.5, 0]
				},
				"torso": {
					"rotation": ["5+math.sin(query.anim_time*90*2-60)*2", 0, 0],
					"position": [0, 0, 0]
				},
				"tail": {
					"rotation": [-10, "math.sin(query.anim_time*90*2+60)*4", "math.sin(query.anim_time*90*2)*6"],
					"position": [0, 0.08682, -0.4924]
				},
				"chest": {
					"rotation": ["-5+math.sin(query.anim_time*90*2)*2", 0, 0],
					"position": [0, -0.4981, -0.04358]
				},
				"left_arm": {
					"rotation": [0, "math.sin(query.anim_time*90*2+30)*4", "50+math.sin(query.anim_time*90*2)*4"],
					"position": [-0.5, 1, 0]
				},
				"left_elbow": {
					"rotation": [0, 0, "15+math.sin(query.anim_time*90*2-30)*4"],
					"position": [0.51158, -0.16818, 0]
				},
				"left_hand": {
					"rotation": [0, 0, "math.sin(query.anim_time*90*2-60)*4"]
				},
				"left_finger_1": {
					"rotation": [0, 10, 0],
					"position": [-0.09063, 0.04226, 0]
				},
				"left_finger_3": {
					"rotation": [0, -10, 0],
					"position": [-0.09063, 0.04226, 0]
				},
				"head": {
					"rotation": ["math.sin(query.anim_time*90*2+30)*-2", 0, 0]
				},
				"opened_mouth": {
					"position": [0, 0, 1]
				},
				"left_ear": {
					"rotation": [0, "math.sin(query.anim_time*90*2-60)*4", "-10+math.sin(query.anim_time*90*2)*2"]
				},
				"left_ear_string": {
					"rotation": [0, 0, "10+math.sin(query.anim_time*90*2)*4"]
				},
				"left_ear_string_2": {
					"rotation": [0, 0, "-45+math.sin(query.anim_time*90*2-30)*4"]
				},
				"left_ear_string_closed_end": {
					"rotation": [0, 0, -90]
				},
				"left_ear_string_opend_end": {
					"scale": 0
				},
				"right_ear": {
					"rotation": [0, "-math.sin(query.anim_time*90*2-60)*4", "10-math.sin(query.anim_time*90*2)*2"]
				},
				"right_ear_string": {
					"rotation": [0, 0, "-10-math.sin(query.anim_time*90*2)*4"]
				},
				"right_ear_string_2": {
					"rotation": [0, 0, "45-math.sin(query.anim_time*90*2-30)*4"]
				},
				"right_ear_string_closed_end": {
					"rotation": [0, 0, 90]
				},
				"right_ear_string_opend_end": {
					"scale": 0
				},
				"right_arm": {
					"rotation": [0, "-math.sin(query.anim_time*90*2+30)*4", "-50-math.sin(query.anim_time*90*2)*4"],
					"position": [0.5, 1, 0]
				},
				"right_elbow": {
					"rotation": [0, 0, "-15-math.sin(query.anim_time*90*2-30)*4"],
					"position": [-0.51158, -0.16818, 0]
				},
				"right_hand": {
					"rotation": [0, 0, "-math.sin(query.anim_time*90*2-60)*4"]
				},
				"right_finger_1": {
					"rotation": [0, -10, 0],
					"position": [0.09848, 0, 0.01736]
				},
				"right_finger_3": {
					"rotation": [0, 10, 0],
					"position": [0.09063, 0.04226, 0]
				}
			}
		},
		"animation.fire_audino.ground_walk": {
			"loop": true,
			"animation_length": 2,
			"bones": {
				"left_leg": {
					"rotation": {
						"0.0": {
							"post": [-22.5, 0, 0],
							"lerp_mode": "catmullrom"
						},
						"0.1667": {
							"post": [0, 0, 0],
							"lerp_mode": "catmullrom"
						},
						"0.5": {
							"post": [0, 0, 0],
							"lerp_mode": "catmullrom"
						},
						"0.6667": {
							"post": [22.5, 0, 0],
							"lerp_mode": "catmullrom"
						},
						"1.0": {
							"post": [-22.5, 0, 0],
							"lerp_mode": "catmullrom"
						},
						"1.1667": {
							"post": [0, 0, 0],
							"lerp_mode": "catmullrom"
						},
						"1.5": {
							"post": [0, 0, 0],
							"lerp_mode": "catmullrom"
						},
						"1.6667": {
							"post": [22.5, 0, 0],
							"lerp_mode": "catmullrom"
						},
						"2.0": {
							"post": [-22.5, 0, 0],
							"lerp_mode": "catmullrom"
						}
					},
					"position": {
						"0.0": {
							"post": [0, 0, -2],
							"lerp_mode": "catmullrom"
						},
						"0.1667": {
							"post": [0, 0, -2],
							"lerp_mode": "catmullrom"
						},
						"0.5": {
							"post": [0, 0, 1],
							"lerp_mode": "catmullrom"
						},
						"0.6667": {
							"post": [0, 0, 0],
							"lerp_mode": "catmullrom"
						},
						"1.0": {
							"post": [0, 0, -2],
							"lerp_mode": "catmullrom"
						},
						"1.1667": {
							"post": [0, 0, -2],
							"lerp_mode": "catmullrom"
						},
						"1.5": {
							"post": [0, 0, 1],
							"lerp_mode": "catmullrom"
						},
						"1.6667": {
							"post": [0, 0, 0],
							"lerp_mode": "catmullrom"
						},
						"2.0": {
							"post": [0, 0, -2],
							"lerp_mode": "catmullrom"
						}
					}
				},
				"left_knee": {
					"rotation": {
						"0.0": {
							"post": [0, 0, 0],
							"lerp_mode": "catmullrom"
						},
						"0.1667": {
							"post": [0, 0, 0],
							"lerp_mode": "catmullrom"
						},
						"0.5": {
							"post": [0, 0, 0],
							"lerp_mode": "catmullrom"
						},
						"0.6667": {
							"post": [45, 0, 0],
							"lerp_mode": "catmullrom"
						},
						"1.0": {
							"post": [0, 0, 0],
							"lerp_mode": "catmullrom"
						},
						"1.1667": {
							"post": [0, 0, 0],
							"lerp_mode": "catmullrom"
						},
						"1.5": {
							"post": [0, 0, 0],
							"lerp_mode": "catmullrom"
						},
						"1.6667": {
							"post": [45, 0, 0],
							"lerp_mode": "catmullrom"
						},
						"2.0": {
							"post": [0, 0, 0],
							"lerp_mode": "catmullrom"
						}
					},
					"position": {
						"0.0": {
							"post": [0, 0, 0],
							"lerp_mode": "catmullrom"
						},
						"0.1667": {
							"post": [0, 0, 0],
							"lerp_mode": "catmullrom"
						},
						"0.5": {
							"post": [0, 0, 0],
							"lerp_mode": "catmullrom"
						},
						"0.6667": {
							"post": [0, 0.92388, 0.38268],
							"lerp_mode": "catmullrom"
						},
						"1.0": {
							"post": [0, 0, 0],
							"lerp_mode": "catmullrom"
						},
						"1.1667": {
							"post": [0, 0, 0],
							"lerp_mode": "catmullrom"
						},
						"1.5": {
							"post": [0, 0, 0],
							"lerp_mode": "catmullrom"
						},
						"1.6667": {
							"post": [0, 0.92388, 0.38268],
							"lerp_mode": "catmullrom"
						},
						"2.0": {
							"post": [0, 0, 0],
							"lerp_mode": "catmullrom"
						}
					}
				},
				"left_foot": {
					"rotation": {
						"0.0": {
							"post": [0, 0, 0],
							"lerp_mode": "catmullrom"
						},
						"0.0833": {
							"post": [-20, 0, 0],
							"lerp_mode": "catmullrom"
						},
						"0.1667": {
							"post": [0, 0, 0],
							"lerp_mode": "catmullrom"
						},
						"1.0": {
							"post": [0, 0, 0],
							"lerp_mode": "catmullrom"
						},
						"1.0833": {
							"post": [-20, 0, 0],
							"lerp_mode": "catmullrom"
						},
						"1.1667": {
							"post": [0, 0, 0],
							"lerp_mode": "catmullrom"
						}
					},
					"position": {
						"0.0": {
							"post": [0, 0, 0],
							"lerp_mode": "catmullrom"
						},
						"0.0833": {
							"post": [0, -0.02557, -0.22214],
							"lerp_mode": "catmullrom"
						},
						"0.1667": {
							"post": [0, 0, 0],
							"lerp_mode": "catmullrom"
						},
						"1.0": {
							"post": [0, 0, 0],
							"lerp_mode": "catmullrom"
						},
						"1.0833": {
							"post": [0, -0.02557, -0.22214],
							"lerp_mode": "catmullrom"
						},
						"1.1667": {
							"post": [0, 0, 0],
							"lerp_mode": "catmullrom"
						}
					}
				},
				"right_leg": {
					"rotation": {
						"0.0": {
							"post": [0, 0, 0],
							"lerp_mode": "catmullrom"
						},
						"0.1667": {
							"post": [22.5, 0, 0],
							"lerp_mode": "catmullrom"
						},
						"0.5": {
							"post": [-22.5, 0, 0],
							"lerp_mode": "catmullrom"
						},
						"0.6667": {
							"post": [0, 0, 0],
							"lerp_mode": "catmullrom"
						},
						"1.0": {
							"post": [0, 0, 0],
							"lerp_mode": "catmullrom"
						},
						"1.1667": {
							"post": [22.5, 0, 0],
							"lerp_mode": "catmullrom"
						},
						"1.5": {
							"post": [-22.5, 0, 0],
							"lerp_mode": "catmullrom"
						},
						"1.6667": {
							"post": [0, 0, 0],
							"lerp_mode": "catmullrom"
						},
						"2.0": {
							"post": [0, 0, 0],
							"lerp_mode": "catmullrom"
						}
					},
					"position": {
						"0.0": {
							"post": [0, 0, 1],
							"lerp_mode": "catmullrom"
						},
						"0.1667": {
							"post": [0, 0, 0],
							"lerp_mode": "catmullrom"
						},
						"0.5": {
							"post": [0, 0, -2],
							"lerp_mode": "catmullrom"
						},
						"0.6667": {
							"post": [0, 0, -2],
							"lerp_mode": "catmullrom"
						},
						"1.0": {
							"post": [0, 0, 1],
							"lerp_mode": "catmullrom"
						},
						"1.1667": {
							"post": [0, 0, 0],
							"lerp_mode": "catmullrom"
						},
						"1.5": {
							"post": [0, 0, -2],
							"lerp_mode": "catmullrom"
						},
						"1.6667": {
							"post": [0, 0, -2],
							"lerp_mode": "catmullrom"
						},
						"2.0": {
							"post": [0, 0, 1],
							"lerp_mode": "catmullrom"
						}
					}
				},
				"right_knee": {
					"rotation": {
						"0.0": {
							"post": [0, 0, 0],
							"lerp_mode": "catmullrom"
						},
						"0.1667": {
							"post": [45, 0, 0],
							"lerp_mode": "catmullrom"
						},
						"0.5": {
							"post": [0, 0, 0],
							"lerp_mode": "catmullrom"
						},
						"0.6667": {
							"post": [0, 0, 0],
							"lerp_mode": "catmullrom"
						},
						"1.0": {
							"post": [0, 0, 0],
							"lerp_mode": "catmullrom"
						},
						"1.1667": {
							"post": [45, 0, 0],
							"lerp_mode": "catmullrom"
						},
						"1.5": {
							"post": [0, 0, 0],
							"lerp_mode": "catmullrom"
						},
						"1.6667": {
							"post": [0, 0, 0],
							"lerp_mode": "catmullrom"
						},
						"2.0": {
							"post": [0, 0, 0],
							"lerp_mode": "catmullrom"
						}
					},
					"position": {
						"0.0": {
							"post": [0, 0, 0],
							"lerp_mode": "catmullrom"
						},
						"0.1667": {
							"post": [0, 0.92388, 0.38268],
							"lerp_mode": "catmullrom"
						},
						"0.5": {
							"post": [0, 0, 0],
							"lerp_mode": "catmullrom"
						},
						"0.6667": {
							"post": [0, 0, 0],
							"lerp_mode": "catmullrom"
						},
						"1.0": {
							"post": [0, 0, 0],
							"lerp_mode": "catmullrom"
						},
						"1.1667": {
							"post": [0, 0.92388, 0.38268],
							"lerp_mode": "catmullrom"
						},
						"1.5": {
							"post": [0, 0, 0],
							"lerp_mode": "catmullrom"
						},
						"1.6667": {
							"post": [0, 0, 0],
							"lerp_mode": "catmullrom"
						},
						"2.0": {
							"post": [0, 0, 0],
							"lerp_mode": "catmullrom"
						}
					}
				},
				"right_foot": {
					"rotation": {
						"0.5": {
							"pre": [0, 0, 0],
							"post": [0, 0, 0],
							"lerp_mode": "catmullrom"
						},
						"0.5833": {
							"post": [-20, 0, 0],
							"lerp_mode": "catmullrom"
						},
						"0.6667": {
							"post": [0, 0, 0],
							"lerp_mode": "catmullrom"
						},
						"1.5": {
							"post": [0, 0, 0],
							"lerp_mode": "catmullrom"
						},
						"1.5833": {
							"post": [-20, 0, 0],
							"lerp_mode": "catmullrom"
						},
						"1.6667": {
							"post": [0, 0, 0],
							"lerp_mode": "catmullrom"
						}
					},
					"position": {
						"0.5": {
							"pre": [0, 0, 0],
							"post": [0, 0, 0],
							"lerp_mode": "catmullrom"
						},
						"0.5833": {
							"post": [0, -0.02557, -0.22214],
							"lerp_mode": "catmullrom"
						},
						"0.6667": {
							"post": [0, 0, 0],
							"lerp_mode": "catmullrom"
						},
						"1.5": {
							"post": [0, 0, 0],
							"lerp_mode": "catmullrom"
						},
						"1.5833": {
							"post": [0, -0.02557, -0.22214],
							"lerp_mode": "catmullrom"
						},
						"1.6667": {
							"post": [0, 0, 0],
							"lerp_mode": "catmullrom"
						}
					}
				},
				"torso": {
					"rotation": [5, "math.sin(query.anim_time*90*4-49)*6", "math.sin(query.anim_time*90*4-49)*2"],
					"position": [0, "math.sin(query.anim_time*90*4-42)*0.4", 0]
				},
				"tail": {
					"rotation": [-10, 0, "math.sin(query.anim_time*90*4)*6"],
					"position": [0, 0.08682, -0.4924]
				},
				"chest": {
					"rotation": ["-5-math.sin(query.anim_time*90*4+60)*2", "-math.sin(query.anim_time*90*4-42)*2", 0],
					"position": [0, -0.4981, -0.04358]
				},
				"left_arm": {
					"rotation": [0, "math.sin(query.anim_time*90*4)*8", "50+math.sin(query.anim_time*90*4-30)*6"],
					"position": [-0.5, 1, 0]
				},
				"left_elbow": {
					"rotation": [0, "math.sin(query.anim_time*90*4-30)*6", 15],
					"position": [0.51158, -0.16818, 0]
				},
				"left_hand": {
					"rotation": [0, "math.sin(query.anim_time*90*4-60)*6", 0]
				},
				"left_finger_1": {
					"rotation": [0, 10, 0],
					"position": [-0.09063, 0.04226, 0]
				},
				"left_finger_3": {
					"rotation": [0, -10, 0],
					"position": [-0.09063, 0.04226, 0]
				},
				"head": {
					"rotation": ["-math.sin(query.anim_time*90*4)*2", 0, "math.sin(query.anim_time*90*4+60)*2"],
					"position": [0, "-0.2-math.sin(query.anim_time*90*4+30)*0.1", 0]
				},
				"opened_mouth": {
					"position": [0, 0, 1]
				},
				"left_ear": {
					"rotation": [0, "math.sin(query.anim_time*90*4)*4", "-10+math.sin(query.anim_time*90*4)*2"]
				},
				"left_ear_string": {
					"rotation": [0, 0, "10+math.sin(query.anim_time*90*4)*4"]
				},
				"left_ear_string_2": {
					"rotation": [0, 0, "-45+math.sin(query.anim_time*90*4-30)*4"]
				},
				"left_ear_string_closed_end": {
					"rotation": [0, 0, "-90+math.sin(query.anim_time*90*4-60)*4"]
				},
				"left_ear_string_opend_end": {
					"scale": 0
				},
				"right_ear": {
					"rotation": [0, "-math.sin(query.anim_time*90*4)*4", "10-math.sin(query.anim_time*90*4)*2"]
				},
				"right_ear_string": {
					"rotation": [0, 0, "-10-math.sin(query.anim_time*90*4)*4"]
				},
				"right_ear_string_2": {
					"rotation": [0, 0, "45-math.sin(query.anim_time*90*4-30)*4"]
				},
				"right_ear_string_closed_end": {
					"rotation": [0, 0, "90-math.sin(query.anim_time*90*4-60)*4"]
				},
				"right_ear_string_opend_end": {
					"scale": 0
				},
				"right_arm": {
					"rotation": [0, "math.sin(query.anim_time*90*4)*8", "-50+math.sin(query.anim_time*90*4-30)*6"],
					"position": [0.5, 1, 0]
				},
				"right_elbow": {
					"rotation": [0, "math.sin(query.anim_time*90*4-30)*6", -15],
					"position": [-0.51158, -0.16818, 0]
				},
				"right_hand": {
					"rotation": [0, "math.sin(query.anim_time*90*4-60)*6", 0]
				},
				"right_finger_1": {
					"rotation": [0, -10, 0],
					"position": [0.09848, 0, 0.01736]
				},
				"right_finger_3": {
					"rotation": [0, 10, 0],
					"position": [0.09063, 0.04226, 0]
				}
			}
		},
		"animation.fire_audino.cry": {
			"animation_length": 2,
			"bones": {
				"body": {
					"position": {
						"0.0": {
							"post": [0, 0, 0],
							"lerp_mode": "catmullrom"
						},
						"0.75": {
							"post": [0, 0, 0],
							"lerp_mode": "catmullrom"
						},
						"0.7917": {
							"post": [0, -1, 0],
							"lerp_mode": "catmullrom"
						},
						"0.8333": {
							"post": [0, 0, 0],
							"lerp_mode": "catmullrom"
						},
						"0.875": {
							"post": [0, -1, 0],
							"lerp_mode": "catmullrom"
						},
						"0.9167": {
							"post": [0, 0, 0],
							"lerp_mode": "catmullrom"
						},
						"1.25": {
							"post": [0, 0, 0],
							"lerp_mode": "catmullrom"
						},
						"1.75": {
							"post": [0, 0, 0],
							"lerp_mode": "catmullrom"
						}
					}
				},
				"left_leg": {
					"position": {
						"0.0": {
							"post": [0, 0, 0],
							"lerp_mode": "catmullrom"
						},
						"0.375": {
							"post": [0, 0, 0],
							"lerp_mode": "catmullrom"
						},
						"0.625": {
							"post": [0, 1, -2],
							"lerp_mode": "catmullrom"
						},
						"0.75": {
							"post": [0, 0, -2],
							"lerp_mode": "catmullrom"
						},
						"1.25": {
							"post": [0, 0, -2],
							"lerp_mode": "catmullrom"
						},
						"1.5": {
							"post": [0, 0, -2],
							"lerp_mode": "catmullrom"
						},
						"1.625": {
							"post": [0, 1, -0.59],
							"lerp_mode": "catmullrom"
						},
						"1.75": {
							"post": [0, 0, 0],
							"lerp_mode": "catmullrom"
						}
					}
				},
				"torso": {
					"rotation": {
						"0.0": {
							"post": [0, 0, 0],
							"lerp_mode": "catmullrom"
						},
						"0.25": {
							"post": [-0.45446, -5.41629, 5.00332],
							"lerp_mode": "catmullrom"
						},
						"0.5": {
							"post": [-0.45446, -5.41629, 5.00332],
							"lerp_mode": "catmullrom"
						},
						"0.75": {
							"post": [0, 0, 0],
							"lerp_mode": "catmullrom"
						},
						"1.25": {
							"post": [0, 0, 0],
							"lerp_mode": "catmullrom"
						},
						"1.75": {
							"post": [0, 0, 0],
							"lerp_mode": "catmullrom"
						}
					}
				},
				"chest": {
					"rotation": {
						"0.0": {
							"post": [0, 0, 0],
							"lerp_mode": "catmullrom"
						},
						"0.25": {
							"post": [5, 5, 0],
							"lerp_mode": "catmullrom"
						},
						"0.5": {
							"post": [5, 0, 0],
							"lerp_mode": "catmullrom"
						},
						"0.75": {
							"post": [0, 0, 0],
							"lerp_mode": "catmullrom"
						},
						"1.25": {
							"post": [0, 0, 0],
							"lerp_mode": "catmullrom"
						},
						"1.75": {
							"post": [0, 0, 0],
							"lerp_mode": "catmullrom"
						}
					}
				},
				"head": {
					"rotation": {
						"0.0": {
							"post": [0, 0, 0],
							"lerp_mode": "catmullrom"
						},
						"0.25": {
							"post": [7.5, 0, 0],
							"lerp_mode": "catmullrom"
						},
						"0.5": {
							"post": [7.5, 0, 0],
							"lerp_mode": "catmullrom"
						},
						"0.75": {
							"post": [-2.5, 0, 0],
							"lerp_mode": "catmullrom"
						},
						"1.25": {
							"post": [-2.5, 0, 0],
							"lerp_mode": "catmullrom"
						},
						"1.75": {
							"post": [0, 0, 0],
							"lerp_mode": "catmullrom"
						}
					}
				},
				"left_eyelid": {
					"position": {
						"0.0": [0, 0, 0],
						"0.25": {
							"pre": [0, 0, 0],
							"post": [0, 0, -1]
						},
						"0.5": {
							"pre": [0, 0, -1],
							"post": [0, 0, -1]
						},
						"0.75": {
							"pre": [0, 0, -1],
							"post": [0, 0, 0]
						},
						"1.25": {
							"pre": [0, 0, 0],
							"post": [0, 0, 0]
						},
						"1.5": {
							"pre": [0, 0, 0],
							"post": [0, 0, -1]
						},
						"1.75": {
							"pre": [0, 0, -1],
							"post": [0, 0, 0]
						}
					}
				},
				"left_mad_eye": {
					"position": {
						"0.0": [0, 0, 0],
						"0.75": {
							"pre": [0, 0, 0],
							"post": [0, 0, -1]
						},
						"1.25": {
							"pre": [0, 0, -1],
							"post": [0, 0, -1]
						},
						"1.5": {
							"pre": [0, 0, -1],
							"post": [0, 0, 0]
						},
						"1.75": {
							"pre": [0, 0, 0],
							"post": [0, 0, 0]
						}
					}
				},
				"left_puipl": {
					"position": {
						"0.0": [0, 0, 0],
						"0.75": {
							"pre": [0, 0, 0],
							"post": [-0.4, -1, 0]
						},
						"1.25": {
							"pre": [-0.4, -1, 0],
							"post": [-0.4, -1, 0]
						},
						"1.75": {
							"pre": [-0.4, -1, 0],
							"post": [0, 0, 0]
						}
					}
				},
				"closed_mouth": {
					"position": {
						"0.0": [0, 0, 0],
						"0.75": {
							"pre": [0, 0, 0],
							"post": [0, 0, 1]
						},
						"1.25": {
							"pre": [0, 0, 1],
							"post": [0, 0, 1]
						},
						"1.75": {
							"pre": [0, 0, 1],
							"post": [0, 0, 0]
						}
					}
				},
				"opened_mouth": {
					"position": {
						"0.0": [0, 0, 0],
						"0.75": {
							"pre": [0, 0, 0],
							"post": [0, 0, -1]
						},
						"1.25": {
							"pre": [0, 0, -1],
							"post": [0, 0, -1]
						},
						"1.75": {
							"pre": [0, 0, -1],
							"post": [0, 0, 0]
						}
					}
				},
				"right_eyelid": {
					"position": {
						"0.0": [0, 0, 0],
						"0.25": {
							"pre": [0, 0, 0],
							"post": [0, 0, -1]
						},
						"0.5": {
							"pre": [0, 0, -1],
							"post": [0, 0, -1]
						},
						"0.75": {
							"pre": [0, 0, -1],
							"post": [0, 0, 0]
						},
						"1.25": {
							"pre": [0, 0, 0],
							"post": [0, 0, 0]
						},
						"1.5": {
							"pre": [0, 0, 0],
							"post": [0, 0, -1]
						},
						"1.75": {
							"pre": [0, 0, -1],
							"post": [0, 0, 0]
						}
					}
				},
				"right_mad_eye": {
					"position": {
						"0.0": [0, 0, 0],
						"0.75": {
							"pre": [0, 0, 0],
							"post": [0, 0, -1]
						},
						"1.25": {
							"pre": [0, 0, -1],
							"post": [0, 0, -1]
						},
						"1.5": {
							"pre": [0, 0, -1],
							"post": [0, 0, 0]
						},
						"1.75": {
							"pre": [0, 0, 0],
							"post": [0, 0, 0]
						}
					}
				},
				"right_puipl": {
					"position": {
						"0.0": [0, 0, 0],
						"0.75": {
							"pre": [0, 0, 0],
							"post": [0.4, -1, 0]
						},
						"1.25": {
							"pre": [0.4, -1, 0],
							"post": [0.4, -1, 0]
						},
						"1.75": {
							"pre": [0.4, -1, 0],
							"post": [0, 0, 0]
						}
					}
				}
			}
		},
		"animation.fire_audino.sleep": {
			"loop": true,
			"animation_length": 2,
			"bones": {
				"torso": {
					"rotation": ["5+math.sin(query.anim_time*90*2-60)*1", 0, 0]
				},
				"tail": {
					"rotation": [-10, 0, 0],
					"position": [0, 0.08682, -0.4924]
				},
				"chest": {
					"rotation": ["-5+math.sin(query.anim_time*90*2)*1", 0, 0],
					"position": [0, -0.4981, -0.04358]
				},
				"left_arm": {
					"rotation": [-29.72036, 57.1355, 38.25777],
					"position": [0.5, 0, -0.5]
				},
				"left_elbow": {
					"rotation": [0, 0, 82.5],
					"position": [0.51158, 0.83182, 0]
				},
				"left_finger_1": {
					"rotation": [0, 10, 0],
					"position": [-0.09063, 0.04226, 0]
				},
				"left_finger_3": {
					"rotation": [0, -10, 0],
					"position": [-0.09063, 0.04226, 0]
				},
				"opened_mouth": {
					"position": [0, 0, 1]
				},
				"left_ear": {
					"rotation": [0, 0, -10]
				},
				"left_ear_string": {
					"rotation": [0, 0, 10]
				},
				"left_ear_string_2": {
					"rotation": [0, 0, -45]
				},
				"left_ear_string_closed_end": {
					"rotation": [0, 0, -90]
				},
				"left_ear_string_opend_end": {
					"scale": 0
				},
				"right_ear": {
					"rotation": [0, 0, 10]
				},
				"right_ear_string": {
					"rotation": [0, 0, -10]
				},
				"right_ear_string_2": {
					"rotation": [0, 0, 45]
				},
				"right_ear_string_closed_end": {
					"rotation": [0, 0, 90]
				},
				"right_ear_string_opend_end": {
					"scale": 0
				},
				"right_arm": {
					"rotation": [-29.72036, -57.1355, -38.25777],
					"position": [-0.5, 0, -0.5]
				},
				"right_elbow": {
					"rotation": [0, 0, -82.5],
					"position": [-0.51158, 0.83182, 0]
				},
				"right_finger_1": {
					"rotation": [0, -10, 0],
					"position": [0.09848, 0, 0.01736]
				},
				"right_finger_3": {
					"rotation": [0, 10, 0],
					"position": [0.09063, 0.04226, 0]
				},
				"left_leg": {
					"rotation": [0, 22.5, 0]
				},
				"right_leg": {
					"rotation": [0, -22.5, 0]
				},
				"head": {
					"rotation": ["10+math.sin(query.anim_time*90*2-120)*1", 0, 0],
					"position": [0, -1, 0]
				},
				"left_eyelid": {
					"position": [0, 0, -1]
				},
				"right_eyelid": {
					"position": [0, 0, -1]
				}
			}
		},
		"animation.fire_audino.blink": {
			"animation_length": 0.125,
			"bones": {
				"left_eye": {
					"position": {
						"0.0": [0, 0, 0.03],
						"0.125": [0, 0, 0]
					}
				},
				"right_eye": {
					"position": {
						"0.0": [0, 0, 0.03],
						"0.125": [0, 0, 0]
					}
				}
			}
		}
	}
}