{
	"format_version": "1.8.0",
	"animations": {
		"animation.fire_mega_audino.t-pose": {
			"loop": true,
			"bones": {
				"torso": {
					"rotation": [17.5, 0, 0]
				},
				"tail": {
					"rotation": [-22.5, 0, 0]
				},
				"chest": {
					"rotation": [-15, 0, 0]
				},
				"left_arm": {
					"rotation": [0, 0, 22.5]
				},
				"right_arm": {
					"rotation": [0, 0, -22.5]
				},
				"head": {
					"rotation": [-2.5, 0, 0],
					"position": [0, -0.99905, -0.54362]
				},
				"opened_mouth": {
					"position": [0, 0, 1]
				},
				"left_ear_string": {
					"rotation": [0, 0, -20],
					"position": [0, 0.5, 0]
				},
				"left_ear_string_3": {
					"rotation": [0, 0, 22.5],
					"position": [0, 0.2, 0]
				},
				"left_ear_string_4": {
					"rotation": [0, 0, 45],
					"position": [0.1, 0.3, 0]
				},
				"left_ear_string_end": {
					"rotation": [0, 0, 67.5],
					"position": [0.3, 0.5, 0]
				},
				"right_ear_string": {
					"rotation": [0, 0, 20],
					"position": [0, 0.5, 0]
				},
				"right_ear_string_3": {
					"rotation": [0, 0, -22.5],
					"position": [0, 0.2, 0]
				},
				"right_ear_string_4": {
					"rotation": [0, 0, -45],
					"position": [-0.1, 0.3, 0]
				},
				"right_ear_string_end": {
					"rotation": [0, 0, -67.5],
					"position": [-0.3, 0.5, 0]
				}
			}
		},
		"animation.fire_mega_audino.pose": {
			"loop": true,
			"bones": {
				"torso": {
					"rotation": [7.28829, 1.92592, -9.7539]
				},
				"tail": {
					"rotation": [-4.9924, -9.43003, 33.36965],
					"position": [2.31367, 3.5774, 1.0295]
				},
				"chest": {
					"rotation": [-5.03277, 0.49556, 1.55766],
					"position": [0, 0, 0]
				},
				"left_arm": {
					"rotation": [22.5, 0, 45],
					"position": [0.49946, -0.02033, 0.01128]
				},
				"left_elbow": {
					"rotation": [0, 0, -5]
				},
				"left_hand": {
					"rotation": [0, 0, -10]
				},
				"left_finger_1": {
					"rotation": [0, 5, 0],
					"position": [-0.09962, 0, 0.00872]
				},
				"left_finger_3": {
					"rotation": [0, -5, 0],
					"position": [-0.09962, 0, -0.00872]
				},
				"right_arm": {
					"rotation": [46.07101, -26.33782, -14.20212],
					"position": [-0.11106, 0.44056, -2.20874]
				},
				"right_elbow": {
					"rotation": [0, 0, 67.5],
					"position": [0.38268, -0.92388, 0]
				},
				"right_hand": {
					"rotation": [0, 0, -20],
					"position": [0, 0.5, 0]
				},
				"right_finger_1": {
					"rotation": [0, -5, 0],
					"position": [0.1, 0, 0]
				},
				"right_finger_3": {
					"rotation": [0, 5, 0],
					"position": [0.1, 0, 0]
				},
				"head": {
					"rotation": [-2.75153, -5.00452, 4.57155],
					"position": [-0.00792, -0.19964, -0.00891]
				},
				"left_puipl": {
					"position": [0.5, 0, 0]
				},
				"right_puipl": {
					"position": [0.5, 0, 0]
				},
				"opened_mouth": {
					"position": [0, 0, 1]
				},
				"left_ear": {
					"rotation": [-11.21158, -9.33567, -1.12573]
				},
				"left_ear_string": {
					"rotation": [-10.34527, -14.76689, -17.33601],
					"position": [-1.10575, 0.46252, -0.16095]
				},
				"left_ear_string_2": {
					"rotation": [6.8048, 3.49246, 1.38486],
					"position": [0, 0.5, 0]
				},
				"left_ear_string_3": {
					"rotation": [0, 0, 22.5],
					"position": [0, 0.2, 0]
				},
				"left_ear_string_4": {
					"rotation": [0, 0, 45],
					"position": [0.1, 0.3, 0]
				},
				"left_ear_string_end": {
					"rotation": [0, 0, 67.5],
					"position": [0.3, 0.5, 0]
				},
				"right_ear": {
					"rotation": [-8.45748, 10.71194, 6.14359]
				},
				"right_ear_string": {
					"rotation": [0, 0, 20],
					"position": [0, 0.5, 0]
				},
				"right_ear_string_2": {
					"rotation": [-1.64151, 6.09739, 19.15023]
				},
				"right_ear_string_3": {
					"rotation": [0, 0, -22.5],
					"position": [0, 0.2, 0]
				},
				"right_ear_string_4": {
					"rotation": [0, 0, -45],
					"position": [-0.1, 0.3, 0]
				},
				"right_ear_string_end": {
					"rotation": [0, 0, -67.5],
					"position": [-0.3, 0.5, 0]
				},
				"left_leg": {
					"rotation": [0, 22.5, 0],
					"position": [-1, 0, -1]
				},
				"left_dress_flap": {
					"rotation": [0, 0, -22.5]
				},
				"right_leg": {
					"rotation": [0, 22.5, 0],
					"position": [2, 0, 1]
				},
				"left_tuft_string_open": {
					"position": [-0.15038, 3.86211, 3.17198]
				},
				"left_tuft_string_closed": {
					"rotation": [-10.08453, "7.3855+2,5", -23.80962]
				},
				"right_tuft_string_closed": {
					"position": [-0.11817, -0.04263, 0.99208]
				},
				"right_tuft_string_open": {
					"rotation": [-37.01329, 20.32954, 68.83273]
				},
				"right_tuft_string_open_2": {
					"rotation": [0, 0, 37.5],
					"position": [0.11213, 0.35355, 0]
				},
				"right_tuft_string_open_3": {
					"rotation": [0, 0, 45],
					"position": [0.07071, 0.35355, 0]
				},
				"right_tuft_string_open_4": {
					"rotation": [0, 0, 22.5],
					"position": [0.07654, 0.18478, 0]
				},
				"right_dress_flap": {
					"rotation": [0, 0, 22.5]
				},
				"right_dress_side": {
					"rotation": [0, 0, 10]
				}
			}
		},
		"animation.fire_mega_audino.ground_base": {
			"loop": true,
			"animation_length": 2,
			"bones": {
				"left_ear_string_closed_end": {
					"rotation": [0, 0, -90]
				},
				"left_ear_string_opend_end": {
					"scale": 0
				},
				"right_ear_string_closed_end": {
					"rotation": [0, 0, 90]
				},
				"right_ear_string_opend_end": {
					"scale": 0
				},
				"torso": {
					"rotation": [5, 0, 0]
				},
				"tail": {
					"rotation": [-10, 0, 0],
					"position": [0, 0.08682, -0.4924]
				},
				"chest": {
					"rotation": [-5, 0, 0],
					"position": [0, -0.4981, -0.04358]
				},
				"left_tuft_string_closed": {
					"rotation": [-10, 10, -32.5],
					"position": [0.5, 0, 0]
				},
				"right_tuft_string_closed": {
					"rotation": [-10, -10, 32.5],
					"position": [-0.5, 0, 0]
				},
				"left_arm": {
					"rotation": [10, 0, 40],
					"position": [0, 1, 0]
				},
				"left_elbow": {
					"rotation": [0, 0, 15],
					"position": [0.51158, -0.16818, 0]
				},
				"left_finger_1": {
					"rotation": [0, 10, 0],
					"position": [-0.09063, 0.04226, 0]
				},
				"left_finger_3": {
					"rotation": [0, -10, 0],
					"position": [-0.09063, 0.04226, 0]
				},
				"right_arm": {
					"rotation": [10, 0, -40],
					"position": [0.5, 1, 0]
				},
				"right_elbow": {
					"rotation": [0, 0, -15],
					"position": [-0.51158, -0.16818, 0]
				},
				"right_finger_1": {
					"rotation": [0, -10, 0],
					"position": [0.09848, 0, 0.01736]
				},
				"right_finger_3": {
					"rotation": [0, 10, 0],
					"position": [0.09063, 0.04226, 0]
				},
				"opened_mouth": {
					"position": [0, 0, 1]
				},
				"left_ear": {
					"rotation": [0, 0, -10]
				},
				"left_ear_string": {
					"rotation": [0.63293, -0.03056, 9.9798],
					"position": [-0.65972, -0.9007, 0.05919]
				},
				"left_ear_string_2": {
					"rotation": [1.2172, 0, -39.9301],
					"position": [-0.10017, 0.28321, 0.00706]
				},
				"left_ear_string_3": {
					"rotation": [0, 0, 22.5],
					"position": [0, 0.2, 0]
				},
				"left_ear_string_4": {
					"rotation": [0, 0, 45],
					"position": [0.1, 0.3, 0]
				},
				"left_ear_string_end": {
					"rotation": [0, 0, 67.5],
					"position": [0.3, 0.5, 0]
				},
				"right_ear": {
					"rotation": [0, 0, 10]
				},
				"right_ear_string": {
					"rotation": [0.63293, 0.03056, -9.9798],
					"position": [0.65972, -0.9007, 0.05919]
				},
				"right_ear_string_2": {
					"rotation": [1.2172, 0, 39.9301],
					"position": [0.10017, 0.28321, 0.00706]
				},
				"right_ear_string_3": {
					"rotation": [0, 0, -22.5],
					"position": [0, 0.2, 0]
				},
				"right_ear_string_4": {
					"rotation": [0, 0, -45],
					"position": [-0.1, 0.3, 0]
				},
				"right_ear_string_end": {
					"rotation": [0, 0, -67.5],
					"position": [-0.3, 0.5, 0]
				}
			}
		},
		"animation.fire_mega_audino.ground_walk": {
			"loop": true,
			"animation_length": 2,
			"bones": {
				"left_ear_string_closed_end": {
					"rotation": [0, 0, "-90+math.sin(query.anim_time*90*4-60)*4"]
				},
				"left_ear_string_opend_end": {
					"scale": 0
				},
				"right_ear_string_closed_end": {
					"rotation": [0, 0, "90-math.sin(query.anim_time*90*4-60)*4"]
				},
				"right_ear_string_opend_end": {
					"scale": 0
				},
				"left_leg": {
					"rotation": {
						"0.0": {
							"post": [-22.5, 0, 0],
							"lerp_mode": "catmullrom"
						},
						"0.1667": {
							"post": [0, 0, 0],
							"lerp_mode": "catmullrom"
						},
						"0.5": {
							"post": [0, 0, 0],
							"lerp_mode": "catmullrom"
						},
						"0.6667": {
							"post": [22.5, 0, 0],
							"lerp_mode": "catmullrom"
						},
						"1.0": {
							"post": [-22.5, 0, 0],
							"lerp_mode": "catmullrom"
						},
						"1.1667": {
							"post": [0, 0, 0],
							"lerp_mode": "catmullrom"
						},
						"1.5": {
							"post": [0, 0, 0],
							"lerp_mode": "catmullrom"
						},
						"1.6667": {
							"post": [22.5, 0, 0],
							"lerp_mode": "catmullrom"
						},
						"2.0": {
							"post": [-22.5, 0, 0],
							"lerp_mode": "catmullrom"
						}
					},
					"position": {
						"0.0": {
							"post": [0, 0, -2],
							"lerp_mode": "catmullrom"
						},
						"0.1667": {
							"post": [0, 0, -2],
							"lerp_mode": "catmullrom"
						},
						"0.5": {
							"post": [0, 0, 1],
							"lerp_mode": "catmullrom"
						},
						"0.6667": {
							"post": [0, 0, 0],
							"lerp_mode": "catmullrom"
						},
						"1.0": {
							"post": [0, 0, -2],
							"lerp_mode": "catmullrom"
						},
						"1.1667": {
							"post": [0, 0, -2],
							"lerp_mode": "catmullrom"
						},
						"1.5": {
							"post": [0, 0, 1],
							"lerp_mode": "catmullrom"
						},
						"1.6667": {
							"post": [0, 0, 0],
							"lerp_mode": "catmullrom"
						},
						"2.0": {
							"post": [0, 0, -2],
							"lerp_mode": "catmullrom"
						}
					}
				},
				"left_knee": {
					"rotation": {
						"0.0": {
							"post": [0, 0, 0],
							"lerp_mode": "catmullrom"
						},
						"0.1667": {
							"post": [0, 0, 0],
							"lerp_mode": "catmullrom"
						},
						"0.5": {
							"post": [0, 0, 0],
							"lerp_mode": "catmullrom"
						},
						"0.6667": {
							"post": [45, 0, 0],
							"lerp_mode": "catmullrom"
						},
						"1.0": {
							"post": [0, 0, 0],
							"lerp_mode": "catmullrom"
						},
						"1.1667": {
							"post": [0, 0, 0],
							"lerp_mode": "catmullrom"
						},
						"1.5": {
							"post": [0, 0, 0],
							"lerp_mode": "catmullrom"
						},
						"1.6667": {
							"post": [45, 0, 0],
							"lerp_mode": "catmullrom"
						},
						"2.0": {
							"post": [0, 0, 0],
							"lerp_mode": "catmullrom"
						}
					},
					"position": {
						"0.0": {
							"post": [0, 0, 0],
							"lerp_mode": "catmullrom"
						},
						"0.1667": {
							"post": [0, 0, 0],
							"lerp_mode": "catmullrom"
						},
						"0.5": {
							"post": [0, 0, 0],
							"lerp_mode": "catmullrom"
						},
						"0.6667": {
							"post": [0, 0.92388, 0.38268],
							"lerp_mode": "catmullrom"
						},
						"1.0": {
							"post": [0, 0, 0],
							"lerp_mode": "catmullrom"
						},
						"1.1667": {
							"post": [0, 0, 0],
							"lerp_mode": "catmullrom"
						},
						"1.5": {
							"post": [0, 0, 0],
							"lerp_mode": "catmullrom"
						},
						"1.6667": {
							"post": [0, 0.92388, 0.38268],
							"lerp_mode": "catmullrom"
						},
						"2.0": {
							"post": [0, 0, 0],
							"lerp_mode": "catmullrom"
						}
					}
				},
				"left_foot": {
					"rotation": {
						"0.0": {
							"post": [0, 0, 0],
							"lerp_mode": "catmullrom"
						},
						"0.0833": {
							"post": [-20, 0, 0],
							"lerp_mode": "catmullrom"
						},
						"0.1667": {
							"post": [0, 0, 0],
							"lerp_mode": "catmullrom"
						},
						"1.0": {
							"post": [0, 0, 0],
							"lerp_mode": "catmullrom"
						},
						"1.0833": {
							"post": [-20, 0, 0],
							"lerp_mode": "catmullrom"
						},
						"1.1667": {
							"post": [0, 0, 0],
							"lerp_mode": "catmullrom"
						}
					},
					"position": {
						"0.0": {
							"post": [0, 0, 0],
							"lerp_mode": "catmullrom"
						},
						"0.0833": {
							"post": [0, -0.02557, -0.22214],
							"lerp_mode": "catmullrom"
						},
						"0.1667": {
							"post": [0, 0, 0],
							"lerp_mode": "catmullrom"
						},
						"1.0": {
							"post": [0, 0, 0],
							"lerp_mode": "catmullrom"
						},
						"1.0833": {
							"post": [0, -0.02557, -0.22214],
							"lerp_mode": "catmullrom"
						},
						"1.1667": {
							"post": [0, 0, 0],
							"lerp_mode": "catmullrom"
						}
					}
				},
				"right_leg": {
					"rotation": {
						"0.0": {
							"post": [0, 0, 0],
							"lerp_mode": "catmullrom"
						},
						"0.1667": {
							"post": [22.5, 0, 0],
							"lerp_mode": "catmullrom"
						},
						"0.5": {
							"post": [-22.5, 0, 0],
							"lerp_mode": "catmullrom"
						},
						"0.6667": {
							"post": [0, 0, 0],
							"lerp_mode": "catmullrom"
						},
						"1.0": {
							"post": [0, 0, 0],
							"lerp_mode": "catmullrom"
						},
						"1.1667": {
							"post": [22.5, 0, 0],
							"lerp_mode": "catmullrom"
						},
						"1.5": {
							"post": [-22.5, 0, 0],
							"lerp_mode": "catmullrom"
						},
						"1.6667": {
							"post": [0, 0, 0],
							"lerp_mode": "catmullrom"
						},
						"2.0": {
							"post": [0, 0, 0],
							"lerp_mode": "catmullrom"
						}
					},
					"position": {
						"0.0": {
							"post": [0, 0, 1],
							"lerp_mode": "catmullrom"
						},
						"0.1667": {
							"post": [0, 0, 0],
							"lerp_mode": "catmullrom"
						},
						"0.5": {
							"post": [0, 0, -2],
							"lerp_mode": "catmullrom"
						},
						"0.6667": {
							"post": [0, 0, -2],
							"lerp_mode": "catmullrom"
						},
						"1.0": {
							"post": [0, 0, 1],
							"lerp_mode": "catmullrom"
						},
						"1.1667": {
							"post": [0, 0, 0],
							"lerp_mode": "catmullrom"
						},
						"1.5": {
							"post": [0, 0, -2],
							"lerp_mode": "catmullrom"
						},
						"1.6667": {
							"post": [0, 0, -2],
							"lerp_mode": "catmullrom"
						},
						"2.0": {
							"post": [0, 0, 1],
							"lerp_mode": "catmullrom"
						}
					}
				},
				"right_knee": {
					"rotation": {
						"0.0": {
							"post": [0, 0, 0],
							"lerp_mode": "catmullrom"
						},
						"0.1667": {
							"post": [45, 0, 0],
							"lerp_mode": "catmullrom"
						},
						"0.5": {
							"post": [0, 0, 0],
							"lerp_mode": "catmullrom"
						},
						"0.6667": {
							"post": [0, 0, 0],
							"lerp_mode": "catmullrom"
						},
						"1.0": {
							"post": [0, 0, 0],
							"lerp_mode": "catmullrom"
						},
						"1.1667": {
							"post": [45, 0, 0],
							"lerp_mode": "catmullrom"
						},
						"1.5": {
							"post": [0, 0, 0],
							"lerp_mode": "catmullrom"
						},
						"1.6667": {
							"post": [0, 0, 0],
							"lerp_mode": "catmullrom"
						},
						"2.0": {
							"post": [0, 0, 0],
							"lerp_mode": "catmullrom"
						}
					},
					"position": {
						"0.0": {
							"post": [0, 0, 0],
							"lerp_mode": "catmullrom"
						},
						"0.1667": {
							"post": [0, 0.92388, 0.38268],
							"lerp_mode": "catmullrom"
						},
						"0.5": {
							"post": [0, 0, 0],
							"lerp_mode": "catmullrom"
						},
						"0.6667": {
							"post": [0, 0, 0],
							"lerp_mode": "catmullrom"
						},
						"1.0": {
							"post": [0, 0, 0],
							"lerp_mode": "catmullrom"
						},
						"1.1667": {
							"post": [0, 0.92388, 0.38268],
							"lerp_mode": "catmullrom"
						},
						"1.5": {
							"post": [0, 0, 0],
							"lerp_mode": "catmullrom"
						},
						"1.6667": {
							"post": [0, 0, 0],
							"lerp_mode": "catmullrom"
						},
						"2.0": {
							"post": [0, 0, 0],
							"lerp_mode": "catmullrom"
						}
					}
				},
				"right_foot": {
					"rotation": {
						"0.5": {
							"pre": [0, 0, 0],
							"post": [0, 0, 0],
							"lerp_mode": "catmullrom"
						},
						"0.5833": {
							"post": [-20, 0, 0],
							"lerp_mode": "catmullrom"
						},
						"0.6667": {
							"post": [0, 0, 0],
							"lerp_mode": "catmullrom"
						},
						"1.5": {
							"post": [0, 0, 0],
							"lerp_mode": "catmullrom"
						},
						"1.5833": {
							"post": [-20, 0, 0],
							"lerp_mode": "catmullrom"
						},
						"1.6667": {
							"post": [0, 0, 0],
							"lerp_mode": "catmullrom"
						}
					},
					"position": {
						"0.5": {
							"pre": [0, 0, 0],
							"post": [0, 0, 0],
							"lerp_mode": "catmullrom"
						},
						"0.5833": {
							"post": [0, -0.02557, -0.22214],
							"lerp_mode": "catmullrom"
						},
						"0.6667": {
							"post": [0, 0, 0],
							"lerp_mode": "catmullrom"
						},
						"1.5": {
							"post": [0, 0, 0],
							"lerp_mode": "catmullrom"
						},
						"1.5833": {
							"post": [0, -0.02557, -0.22214],
							"lerp_mode": "catmullrom"
						},
						"1.6667": {
							"post": [0, 0, 0],
							"lerp_mode": "catmullrom"
						}
					}
				},
				"torso": {
					"rotation": [5, "math.sin(query.anim_time*90*4-49)*6", "math.sin(query.anim_time*90*4-49)*2"],
					"position": [0, "math.sin(query.anim_time*90*4-42)*0.4", 0]
				},
				"left_dress_side": {
					"rotation": [0, 0, "-5-math.sin(query.anim_time*90*4)*4"]
				},
				"left_dress_flap": {
					"rotation": [0, 0, "-5-math.sin(query.anim_time*90*4-30)*6"]
				},
				"right_dress_side": {
					"rotation": [0, 0, "5+math.sin(query.anim_time*90*4)*4"]
				},
				"right_dress_flap": {
					"rotation": [0, 0, "5+math.sin(query.anim_time*90*4-30)*6"]
				},
				"tail": {
					"rotation": [-10, 0, "math.sin(query.anim_time*90*4)*6"],
					"position": [0, 0.08682, -0.4924]
				},
				"chest": {
					"rotation": ["-5-math.sin(query.anim_time*90*4+60)*2", "-math.sin(query.anim_time*90*4-42)*2", 0],
					"position": [0, -0.4981, -0.04358]
				},
				"left_tuft_string_closed": {
					"rotation": [-10, 10, -32.5],
					"position": [0.5, 0, 0]
				},
				"left_tuft_string_open": {
					"position": [-1, 3.99817, -0.1209]
				},
				"left_tuft_string_open_2": {
					"position": [0, 2.99863, -0.09068]
				},
				"left_tuft_string_open_3": {
					"position": [0, 2.99863, -0.09068]
				},
				"left_tuft_string_open_4": {
					"position": [0, 2.99863, -0.09068]
				},
				"right_tuft_string_closed": {
					"rotation": [-10, -10, 32.5],
					"position": [-0.5, 0, 0]
				},
				"right_tuft_string_open": {
					"position": [1, 3.99817, -0.1209]
				},
				"right_tuft_string_open_2": {
					"position": [0, 2.99863, -0.09068]
				},
				"right_tuft_string_open_3": {
					"position": [0, 2.99863, -0.09068]
				},
				"right_tuft_string_open_4": {
					"position": [0, 2.99863, -0.09068]
				},
				"left_arm": {
					"rotation": [0, "math.sin(query.anim_time*90*4)*8", "27.5+math.sin(query.anim_time*90*4-30)*6"],
					"position": [-0.5, 1, 0]
				},
				"left_elbow": {
					"rotation": [0, "math.sin(query.anim_time*90*4-30)*6", 15],
					"position": [0.51158, -0.16818, 0]
				},
				"left_hand": {
					"rotation": [0, "math.sin(query.anim_time*90*4-60)*6", 0]
				},
				"left_finger_1": {
					"rotation": [0, 10, 0],
					"position": [-0.09063, 0.04226, 0]
				},
				"left_finger_3": {
					"rotation": [0, -10, 0],
					"position": [-0.09063, 0.04226, 0]
				},
				"right_arm": {
					"rotation": [0, "math.sin(query.anim_time*90*4)*8", "-27.5+math.sin(query.anim_time*90*4-30)*6"],
					"position": [0.5, 1, 0]
				},
				"right_elbow": {
					"rotation": [0, "math.sin(query.anim_time*90*4-30)*6", -15],
					"position": [-0.51158, -0.16818, 0]
				},
				"right_hand": {
					"rotation": [0, "math.sin(query.anim_time*90*4-60)*6", 0]
				},
				"right_finger_1": {
					"rotation": [0, -10, 0],
					"position": [0.09848, 0, 0.01736]
				},
				"right_finger_3": {
					"rotation": [0, 10, 0],
					"position": [0.09063, 0.04226, 0]
				},
				"head": {
					"rotation": ["-math.sin(query.anim_time*90*4)*2", 0, "math.sin(query.anim_time*90*4+60)*2"],
					"position": [0, "-0.2-math.sin(query.anim_time*90*4+30)*0.1", 0]
				},
				"opened_mouth": {
					"position": [0, 0, 1]
				},
				"left_ear": {
					"rotation": [0, "math.sin(query.anim_time*90*4)*4", "-10+math.sin(query.anim_time*90*4)*2"]
				},
				"left_ear_string": {
					"rotation": [0.63293, -0.03056, "9.9798+math.sin(query.anim_time*90*4)*4"],
					"position": [-0.65972, -0.9007, 0.05919]
				},
				"left_ear_string_2": {
					"rotation": [1.2172, 0, "-39.9301+math.sin(query.anim_time*90*4-30)*4"],
					"position": [-0.10017, 0.28321, 0.00706]
				},
				"left_ear_string_3": {
					"rotation": [0, 0, 22.5],
					"position": [0, 0.2, 0]
				},
				"left_ear_string_4": {
					"rotation": [0, 0, 45],
					"position": [0.1, 0.3, 0]
				},
				"left_ear_string_end": {
					"rotation": [0, 0, 67.5],
					"position": [0.3, 0.5, 0]
				},
				"right_ear": {
					"rotation": [0, "-math.sin(query.anim_time*90*4)*4", "10-math.sin(query.anim_time*90*4)*2"]
				},
				"right_ear_string": {
					"rotation": [0.63293, 0.03056, "-9.9798-math.sin(query.anim_time*90*4)*4"],
					"position": [0.65972, -0.9007, 0.05919]
				},
				"right_ear_string_2": {
					"rotation": [1.2172, 0, "39.9301-math.sin(query.anim_time*90*4-30)*4"],
					"position": [0.10017, 0.28321, 0.00706]
				},
				"right_ear_string_3": {
					"rotation": [0, 0, -22.5],
					"position": [0, 0.2, 0]
				},
				"right_ear_string_4": {
					"rotation": [0, 0, -45],
					"position": [-0.1, 0.3, 0]
				},
				"right_ear_string_end": {
					"rotation": [0, 0, -67.5],
					"position": [-0.3, 0.5, 0]
				}
			}
		},
		"animation.fire_mega_audino.ground_idle": {
			"loop": true,
			"animation_length": 2,
			"bones": {
				"left_ear_string_closed_end": {
					"rotation": [0, 0, -90]
				},
				"left_ear_string_opend_end": {
					"scale": 0
				},
				"right_ear_string_closed_end": {
					"rotation": [0, 0, 90]
				},
				"right_ear_string_opend_end": {
					"scale": 0
				},
				"left_leg": {
					"rotation": [0, 22.5, 0]
				},
				"right_leg": {
					"rotation": [0, -22.5, 0]
				},
				"torso": {
					"rotation": ["5+math.sin(query.anim_time*90*2-60)*2", 0, 0],
					"position": [0, 0, 0]
				},
				"left_dress_side": {
					"rotation": [0, 0, -2.5]
				},
				"left_dress_flap": {
					"rotation": [0, 0, -22.5]
				},
				"right_dress_side": {
					"rotation": [0, 0, 2.5]
				},
				"right_dress_flap": {
					"rotation": [0, 0, 22.5]
				},
				"tail": {
					"rotation": [-10, "math.sin(query.anim_time*90*2+60)*4", "math.sin(query.anim_time*90*2)*6"],
					"position": [0, 0.08682, -0.4924]
				},
				"chest": {
					"rotation": ["-5+math.sin(query.anim_time*90*2)*2", 0, 0],
					"position": [0, -0.4981, -0.04358]
				},
				"left_tuft_string_closed": {
					"rotation": [-10, 10, -32.5],
					"position": [0.5, 0, 0]
				},
				"left_tuft_string_open": {
					"position": [-1, 3.99817, -0.1209]
				},
				"left_tuft_string_open_2": {
					"position": [0, 2.99863, -0.09068]
				},
				"left_tuft_string_open_3": {
					"position": [0, 2.99863, -0.09068]
				},
				"left_tuft_string_open_4": {
					"position": [0, 2.99863, -0.09068]
				},
				"right_tuft_string_closed": {
					"rotation": [-10, -10, 32.5],
					"position": [-0.5, 0, 0]
				},
				"right_tuft_string_open": {
					"position": [1, 3.99817, -0.1209]
				},
				"right_tuft_string_open_2": {
					"position": [0, 2.99863, -0.09068]
				},
				"right_tuft_string_open_3": {
					"position": [0, 2.99863, -0.09068]
				},
				"right_tuft_string_open_4": {
					"position": [0, 2.99863, -0.09068]
				},
				"left_arm": {
					"rotation": [10, "math.sin(query.anim_time*90*2+30)*4", "40+math.sin(query.anim_time*90*2)*4"],
					"position": [0, 1, 0]
				},
				"left_elbow": {
					"rotation": [0, 0, "15+math.sin(query.anim_time*90*2-30)*4"],
					"position": [0.51158, -0.16818, 0]
				},
				"left_hand": {
					"rotation": [0, 0, "math.sin(query.anim_time*90*2-60)*4"]
				},
				"left_finger_1": {
					"rotation": [0, 10, 0],
					"position": [-0.09063, 0.04226, 0]
				},
				"left_finger_3": {
					"rotation": [0, -10, 0],
					"position": [-0.09063, 0.04226, 0]
				},
				"right_arm": {
					"rotation": [10, "-math.sin(query.anim_time*90*2+30)*4", "-40-math.sin(query.anim_time*90*2)*4"],
					"position": [0, 1, 0]
				},
				"right_elbow": {
					"rotation": [0, 0, "-15-math.sin(query.anim_time*90*2-30)*4"],
					"position": [-0.51158, -0.16818, 0]
				},
				"right_hand": {
					"rotation": [0, 0, "-math.sin(query.anim_time*90*2-60)*4"]
				},
				"right_finger_1": {
					"rotation": [0, -10, 0],
					"position": [0.09848, 0, 0.01736]
				},
				"right_finger_3": {
					"rotation": [0, 10, 0],
					"position": [0.09063, 0.04226, 0]
				},
				"head": {
					"rotation": ["math.sin(query.anim_time*90*2+30)*-2", 0, 0],
					"position": [0, -0.09995, 0.00302]
				},
				"opened_mouth": {
					"position": [0, 0, 1]
				},
				"left_ear": {
					"rotation": [0, "math.sin(query.anim_time*90*2-60)*4", "-10+math.sin(query.anim_time*90*2)*2"]
				},
				"left_ear_string": {
					"rotation": [0.63293, -0.03056, "9.9798+math.sin(query.anim_time*90*2)*2"],
					"position": [-0.65972, -0.9007, 0.05919]
				},
				"left_ear_string_2": {
					"rotation": [1.2172, 0, "-39.9301+math.sin(query.anim_time*90*2-30)*2"],
					"position": [-0.10017, 0.28321, 0.00706]
				},
				"left_ear_string_3": {
					"rotation": [0, 0, 22.5],
					"position": [0, 0.2, 0]
				},
				"left_ear_string_4": {
					"rotation": [0, 0, 45],
					"position": [0.1, 0.3, 0]
				},
				"left_ear_string_end": {
					"rotation": [0, 0, 67.5],
					"position": [0.3, 0.5, 0]
				},
				"right_ear": {
					"rotation": [0, "-math.sin(query.anim_time*90*2-60)*4", "10-math.sin(query.anim_time*90*2)*2"]
				},
				"right_ear_string": {
					"rotation": [0.63293, 0.03056, "-9.9798-math.sin(query.anim_time*90*2)*2"],
					"position": [0.65972, -0.9007, 0.05919]
				},
				"right_ear_string_2": {
					"rotation": [1.2172, 0, "39.9301-math.sin(query.anim_time*90*2-30)*2"],
					"position": [0.10017, 0.28321, 0.00706]
				},
				"right_ear_string_3": {
					"rotation": [0, 0, -22.5],
					"position": [0, 0.2, 0]
				},
				"right_ear_string_4": {
					"rotation": [0, 0, -45],
					"position": [-0.1, 0.3, 0]
				},
				"right_ear_string_end": {
					"rotation": [0, 0, -67.5],
					"position": [-0.3, 0.5, 0]
				}
			}
		},
		"animation.fire_mega_audino.cry": {
			"animation_length": 2,
			"bones": {
				"torso": {
					"rotation": {
						"0.0": {
							"post": [0, 0, 0],
							"lerp_mode": "catmullrom"
						},
						"0.25": {
							"post": [-10, 0, 0],
							"lerp_mode": "catmullrom"
						},
						"0.5": {
							"post": [0, 0, 0],
							"lerp_mode": "catmullrom"
						},
						"0.6667": {
							"post": [0, 0, 0],
							"lerp_mode": "catmullrom"
						},
						"0.875": {
							"post": [-10, 0, 0],
							"lerp_mode": "catmullrom"
						},
						"1.375": {
							"post": [-10, 0, 0],
							"lerp_mode": "catmullrom"
						},
						"1.5": {
							"post": [-5, 0, 0],
							"lerp_mode": "catmullrom"
						},
						"1.8333": {
							"post": [0, 0, 0],
							"lerp_mode": "catmullrom"
						}
					}
				},
				"chest": {
					"rotation": {
						"0.0": {
							"post": [0, 0, 0],
							"lerp_mode": "catmullrom"
						},
						"0.25": {
							"post": [10, 0, 0],
							"lerp_mode": "catmullrom"
						},
						"0.5": {
							"post": [15, 0, 0],
							"lerp_mode": "catmullrom"
						},
						"0.6667": {
							"post": [15, 0, 0],
							"lerp_mode": "catmullrom"
						},
						"0.875": {
							"post": [5, 0, 0],
							"lerp_mode": "catmullrom"
						},
						"1.375": {
							"post": [5, 0, 0],
							"lerp_mode": "catmullrom"
						},
						"1.5": {
							"post": [10, 0, 0],
							"lerp_mode": "catmullrom"
						},
						"1.8333": {
							"post": [0, 0, 0],
							"lerp_mode": "catmullrom"
						}
					}
				},
				"chest_tuft": {
					"rotation": {
						"0.0": {
							"post": [0, 0, 0],
							"lerp_mode": "catmullrom"
						},
						"0.25": {
							"post": [-5, 0, 0],
							"lerp_mode": "catmullrom"
						},
						"0.5": {
							"post": [-10, 0, 0],
							"lerp_mode": "catmullrom"
						},
						"0.6667": {
							"post": [-10, 0, 0],
							"lerp_mode": "catmullrom"
						},
						"1.8333": {
							"post": [0, 0, 0],
							"lerp_mode": "catmullrom"
						}
					}
				},
				"left_arm": {
					"rotation": {
						"0.0": {
							"post": [0, 0, 0],
							"lerp_mode": "catmullrom"
						},
						"0.625": {
							"post": [0, 0, 0],
							"lerp_mode": "catmullrom"
						},
						"0.875": {
							"post": [0, -22.5, 0],
							"lerp_mode": "catmullrom"
						},
						"1.375": {
							"post": [0, -22.5, 0],
							"lerp_mode": "catmullrom"
						},
						"1.8333": {
							"post": [0, 0, 0],
							"lerp_mode": "catmullrom"
						}
					}
				},
				"right_arm": {
					"rotation": {
						"0.0": {
							"post": [0, 0, 0],
							"lerp_mode": "catmullrom"
						},
						"0.625": {
							"post": [0, 0, 0],
							"lerp_mode": "catmullrom"
						},
						"0.875": {
							"post": [0, 22.5, 0],
							"lerp_mode": "catmullrom"
						},
						"1.375": {
							"post": [0, 22.5, 0],
							"lerp_mode": "catmullrom"
						},
						"1.8333": {
							"post": [0, 0, 0],
							"lerp_mode": "catmullrom"
						}
					}
				},
				"head": {
					"rotation": {
						"0.0": {
							"post": [0, 0, 0],
							"lerp_mode": "catmullrom"
						},
						"0.25": {
							"post": [5, 0, 0],
							"lerp_mode": "catmullrom"
						},
						"0.5": {
							"post": [5, 0, 0],
							"lerp_mode": "catmullrom"
						},
						"0.6667": {
							"post": [5, 0, 0],
							"lerp_mode": "catmullrom"
						},
						"0.875": {
							"post": [-5, 0, 0],
							"lerp_mode": "catmullrom"
						},
						"1.375": {
							"post": [-5, 0, 0],
							"lerp_mode": "catmullrom"
						},
						"1.5": {
							"post": [5, 0, 0],
							"lerp_mode": "catmullrom"
						},
						"1.8333": {
							"post": [0, 0, 0],
							"lerp_mode": "catmullrom"
						}
					},
					"position": {
						"0.0": {
							"post": [0, 0, 0],
							"lerp_mode": "catmullrom"
						},
						"0.25": {
							"post": [0, 0, 0],
							"lerp_mode": "catmullrom"
						},
						"0.5": {
							"post": [0, -0.48296, -0.12941],
							"lerp_mode": "catmullrom"
						},
						"0.6667": {
							"post": [0, -0.48296, -0.12941],
							"lerp_mode": "catmullrom"
						},
						"1.8333": {
							"post": [0, 0, 0],
							"lerp_mode": "catmullrom"
						}
					}
				},
				"left_eyelid": {
					"position": {
						"0.0": [0, 0, 0],
						"0.5": {
							"pre": [0, 0, 0],
							"post": [0, 0, -1]
						},
						"0.6667": {
							"pre": [0, 0, -1],
							"post": [0, 0, -1]
						},
						"0.875": {
							"pre": [0, 0, -1],
							"post": [0, 0, 0]
						},
						"1.375": {
							"pre": [0, 0, 0],
							"post": [0, 0, 0]
						},
						"1.5": {
							"pre": [0, 0, 0],
							"post": [0, 0, -1]
						},
						"1.8333": {
							"pre": [0, 0, -1],
							"post": [0, 0, 0]
						}
					}
				},
				"right_eyelid": {
					"position": {
						"0.0": [0, 0, 0],
						"0.5": {
							"pre": [0, 0, 0],
							"post": [0, 0, -1]
						},
						"0.6667": {
							"pre": [0, 0, -1],
							"post": [0, 0, -1]
						},
						"0.875": {
							"pre": [0, 0, -1],
							"post": [0, 0, 0]
						},
						"1.375": {
							"pre": [0, 0, 0],
							"post": [0, 0, 0]
						},
						"1.5": {
							"pre": [0, 0, 0],
							"post": [0, 0, -1]
						},
						"1.8333": {
							"pre": [0, 0, -1],
							"post": [0, 0, 0]
						}
					}
				},
				"closed_mouth": {
					"position": {
						"0.0": [0, 0, 0],
						"0.875": {
							"pre": [0, 0, 0],
							"post": [0, 0, 1]
						},
						"1.375": {
							"pre": [0, 0, 1],
							"post": [0, 0, 1]
						},
						"1.5": {
							"pre": [0, 0, 1],
							"post": [0, 0, 0]
						},
						"1.8333": {
							"pre": [0, 0, 0],
							"post": [0, 0, 0]
						}
					}
				},
				"opened_mouth": {
					"position": {
						"0.0": [0, 0, 0],
						"0.875": {
							"pre": [0, 0, 0],
							"post": [0, 0, -1]
						},
						"1.375": {
							"pre": [0, 0, -1],
							"post": [0, 0, -1]
						},
						"1.5": {
							"pre": [0, 0, -1],
							"post": [0, 0, 0]
						},
						"1.8333": {
							"pre": [0, 0, 0],
							"post": [0, 0, 0]
						}
					}
				}
			}
		},
		"animation.fire_mega_audino.blink": {
			"animation_length": 0.1667,
			"bones": {
				"left_eye": {
					"position": {
						"0.0": [0, 0, 0.3],
						"0.1667": [0, 0, 0]
					}
				},
				"right_eye": {
					"position": {
						"0.0": [0, 0, 0.3],
						"0.1667": [0, 0, 0]
					}
				}
			}
		}
	}
}