{
	"format_version": "1.21.0",
	"minecraft:geometry": [
		{
			"description": {
				"identifier": "geometry.palkia",
				"texture_width": 1024,
				"texture_height": 512,
				"visible_bounds_width": 20,
				"visible_bounds_height": 17,
				"visible_bounds_offset": [0, 6.5, 0]
			},
			"bones": [
				{
					"name": "palkia",
					"pivot": [0, -1, 0]
				},
				{
					"name": "body",
					"parent": "palkia",
					"pivot": [0, -5, 0]
				},
				{
					"name": "torso",
					"parent": "body",
					"pivot": [0.25, 42.91667, 9],
					"rotation": [7.5, 0, 0],
					"cubes": [
						{"origin": [-17, 25.25, -6], "size": [34, 27, 31], "uv": [543, 6]},
						{"origin": [0, 21.25, -9], "size": [0, 29, 31], "uv": [278, 319]},
						{"origin": [14.03265, 22.19099, -7.91191], "size": [0, 29, 37], "pivot": [14.03265, 36.69099, 8.58809], "rotation": [0.6574, 7.4713, 5.04292], "uv": [52, 260]},
						{"origin": [-14.1243, 22.24952, -7.98518], "size": [0, 29, 37], "pivot": [-14.1243, 36.74952, 8.51482], "rotation": [0.6574, -7.4713, -5.04292], "uv": [52, 260]},
						{"origin": [-14, 51.25, -4], "size": [28, 5, 27], "uv": [139, 168]}
					]
				},
				{
					"name": "torso_upper",
					"parent": "torso",
					"pivot": [0, 54.25, 11.6],
					"rotation": [2.5, 0, 0],
					"cubes": [
						{"origin": [-12.5, 54.4515, -1.90188], "size": [25, 24, 23], "uv": [99, 0]}
					]
				},
				{
					"name": "chest",
					"parent": "torso_upper",
					"pivot": [-0.05, 70.05836, 18.55205],
					"rotation": [15, 0, 0]
				},
				{
					"name": "neck",
					"parent": "chest",
					"pivot": [-0.05, 89.73436, 21.46568],
					"rotation": [-62.52362, 0, 0],
					"cubes": [
						{"origin": [-11.05, 68.78038, 2.49964], "size": [22, 21, 19], "uv": [132, 280]},
						{"origin": [-0.05, 88.16858, 2.76359], "size": [0, 4, 20], "uv": [408, 415]}
					]
				},
				{
					"name": "bone12",
					"parent": "neck",
					"pivot": [-4.55, 89.23038, 2.24964],
					"rotation": [16.38772, -11.83171, -2.81202]
				},
				{
					"name": "bone81",
					"parent": "bone12",
					"pivot": [-4.25, 88.28038, -15.50036]
				},
				{
					"name": "bone83",
					"parent": "bone81",
					"pivot": [4.65, 88.28038, 1.24964],
					"rotation": [0, 20, 0],
					"cubes": [
						{"origin": [4.4, 85.53038, 0.24964], "size": [1, 7, 10], "inflate": 0.03, "pivot": [4.65, 88.53038, 1.74964], "rotation": [-2.5, 0, 0], "uv": [227, 449]}
					]
				},
				{
					"name": "bone84",
					"parent": "bone83",
					"pivot": [4.6, 87.48992, 12.11157],
					"cubes": [
						{"origin": [3.6, 86.80538, 10.29964], "size": [2, 6, 27], "inflate": 0.025, "uv": [132, 378]},
						{"origin": [3.6, 73.80538, 10.39964], "size": [2, 13, 15], "pivot": [5.35, 82.80538, 10.89964], "rotation": [22.5, 0, 0], "uv": [232, 420]}
					]
				},
				{
					"name": "bone85",
					"parent": "bone84",
					"pivot": [5.35, 79.80538, 10.89964],
					"cubes": [
						{"origin": [4.6, 80.55538, 10.39964], "size": [0, 12, 70], "inflate": 0.025, "uv": [0, 82]}
					]
				},
				{
					"name": "bone86",
					"parent": "bone85",
					"pivot": [5.25, 87.30538, 12.89964],
					"rotation": [-9.5, 0, 0],
					"cubes": [
						{"origin": [4.5, 77.05538, 10.39964], "size": [0, 12, 65], "inflate": 0.025, "uv": [140, 77]}
					]
				},
				{
					"name": "bone87",
					"parent": "bone86",
					"pivot": [5.15, 84.05538, 12.89964],
					"rotation": [-9.5, 0, 0],
					"cubes": [
						{"origin": [4.4, 72.30538, 10.39964], "size": [0, 12, 58], "inflate": 0.025, "pivot": [4.15, 77.30538, 10.89964], "rotation": [0.5, 0, 0], "uv": [0, 164]}
					]
				},
				{
					"name": "bone82",
					"parent": "bone81",
					"pivot": [-4, 88.28038, 2.24964],
					"rotation": [0, 5, 0],
					"cubes": [
						{"origin": [-5.45, 85.40538, 2.24964], "size": [1, 7, 10], "inflate": 0.03, "pivot": [-4.7, 88.40538, 3.74964], "rotation": [-2.5, 0, 0], "uv": [227, 449]}
					]
				},
				{
					"name": "bone77",
					"parent": "bone82",
					"pivot": [-4.725, 86.38992, 14.06157],
					"cubes": [
						{"origin": [-5.725, 86.70538, 12.34964], "size": [2, 6, 27], "inflate": 0.025, "uv": [132, 378]},
						{"origin": [-5.725, 73.70538, 12.34964], "size": [2, 13, 15], "inflate": -0.025, "pivot": [-3.975, 82.70538, 12.84964], "rotation": [22.5, 0, 0], "uv": [232, 420]}
					]
				},
				{
					"name": "bone78",
					"parent": "bone77",
					"pivot": [-3.975, 79.70538, 12.84964],
					"cubes": [
						{"origin": [-4.725, 80.45538, 12.34964], "size": [0, 12, 70], "uv": [0, 82], "mirror": true}
					]
				},
				{
					"name": "bone79",
					"parent": "bone78",
					"pivot": [-3.875, 87.20538, 14.84964],
					"rotation": [-9.5, 0, 0],
					"cubes": [
						{"origin": [-4.625, 76.95538, 12.34964], "size": [0, 12, 65], "uv": [140, 77]}
					]
				},
				{
					"name": "bone80",
					"parent": "bone79",
					"pivot": [-3.775, 83.95538, 14.84964],
					"rotation": [-9.5, 0, 0],
					"cubes": [
						{"origin": [-4.525, 72.20538, 12.34964], "size": [0, 12, 58], "pivot": [-4.775, 77.20538, 12.84964], "rotation": [0.5, 0, 0], "uv": [0, 164]}
					]
				},
				{
					"name": "bone18",
					"parent": "neck",
					"pivot": [-0.55, 88.28038, 2.74964],
					"rotation": [15, 0, 0],
					"cubes": [
						{"origin": [-0.65, 87.15538, -15.15036], "size": [1, 5, 19], "inflate": -0.03, "pivot": [0.1, 89.15538, -14.65036], "rotation": [1.40171, -15.04751, 0], "uv": [85, 416]},
						{"origin": [-0.4, 87.18038, -15.25036], "size": [1, 5, 19], "inflate": -0.03, "pivot": [-0.15, 89.18038, -14.75036], "rotation": [1.40171, 15.04751, 0], "uv": [85, 416]},
						{"origin": [-9.55, 70.28038, -16.25036], "size": [19, 18, 19], "uv": [0, 342]},
						{"origin": [-0.05, 87.10538, -16.25036], "size": [0, 5, 21], "inflate": 0.01, "uv": [407, 389]}
					]
				},
				{
					"name": "bone",
					"parent": "bone18",
					"pivot": [-0.05, 86.88038, -15.25036],
					"rotation": [10, 0, 0],
					"cubes": [
						{"origin": [-8.05, 72.30567, -31.62561], "size": [16, 15, 16], "uv": [352, 174]},
						{"origin": [-0.55, 86.30567, -33.10061], "size": [1, 6, 19], "inflate": -0.03, "uv": [416, 305]}
					]
				},
				{
					"name": "head",
					"parent": "bone",
					"pivot": [-0.55, 83.74247, -31.74668],
					"rotation": [12.5, 0, 0],
					"cubes": [
						{"origin": [-8.05, 72.86082, -40.59398], "size": [16, 14, 10], "inflate": -0.01, "uv": [400, 205]},
						{"origin": [-7.05, 75.91082, -44.59398], "size": [14, 6, 6], "inflate": 0.025, "uv": [434, 35]},
						{"origin": [-5.27062, 75.88601, -50.11455], "size": [10, 6, 10], "inflate": -0.025, "pivot": [-0.77062, 79.36101, -44.61455], "rotation": [0, -45, 0], "uv": [36, 425]},
						{"origin": [-0.55, 86.44114, -46.92033], "size": [1, 6, 16], "uv": [426, 0]},
						{"origin": [-0.05, 85.69114, -50.92033], "size": [0, 6, 6], "pivot": [0.45, 88.69114, -47.92033], "rotation": [12.5, 0, 0], "uv": [402, 305]}
					]
				},
				{
					"name": "bone96",
					"parent": "head",
					"pivot": [-7.75, 77.57874, -39.86636],
					"rotation": [58.5, 0, 0],
					"cubes": [
						{"origin": [-7.75, 76.52348, -43.92717], "size": [1, 4, 6], "pivot": [-7.25, 78.02348, -40.92717], "rotation": [-17.5, 0, 0], "uv": [172, 420]}
					]
				},
				{
					"name": "bone93",
					"parent": "head",
					"pivot": [6.5, 77.57874, -39.86636],
					"rotation": [58.5, 0, 0],
					"cubes": [
						{"origin": [6.5, 76.52348, -43.92717], "size": [1, 4, 6], "pivot": [7, 78.02348, -40.92717], "rotation": [-17.5, 0, 0], "uv": [172, 420]}
					]
				},
				{
					"name": "helm",
					"parent": "head",
					"pivot": [-0.55, 86.66082, -39.59398],
					"rotation": [4, 0, 0],
					"cubes": [
						{"origin": [-8.05, 81.86333, -46.49502], "size": [16, 5, 6], "inflate": -0.015, "uv": [466, 78]}
					]
				},
				{
					"name": "bone7",
					"parent": "helm",
					"pivot": [-2.675, 84.56314, -47.09068],
					"rotation": [0, -45, 0],
					"cubes": [
						{"origin": [-5.84562, 81.86333, -53.93625], "size": [11, 4, 11], "inflate": -0.025, "uv": [256, 206]}
					]
				},
				{
					"name": "jaw",
					"parent": "head",
					"pivot": [-0.05, 76.26082, -40.81898],
					"rotation": [-5, 0, 0],
					"cubes": [
						{"origin": [-7.05, 73.51082, -44.81898], "size": [14, 2, 5], "inflate": 0.03, "uv": [434, 54]},
						{"origin": [-7.05, 75.51082, -44.81898], "size": [14, 1, 6], "uv": [434, 47]}
					]
				},
				{
					"name": "bone47",
					"parent": "jaw",
					"pivot": [-0.05, 75.56082, -41.81898],
					"rotation": [0, -45, 0],
					"cubes": [
						{"origin": [-7.1, 73.53582, -48.84398], "size": [10, 3, 10], "inflate": -0.03, "uv": [426, 22]}
					]
				},
				{
					"name": "bone2",
					"parent": "jaw",
					"pivot": [7.93684, 74.86082, -42.33329],
					"rotation": [-10, 7.5, 0],
					"cubes": [
						{"origin": [8.13684, 72.86082, -49.33329], "size": [0, 5, 14], "uv": [442, 449]}
					]
				},
				{
					"name": "bone94",
					"parent": "bone2",
					"pivot": [-7.93684, 75.36082, -44.33329],
					"rotation": [0, -15, 0],
					"cubes": [
						{"origin": [-8.13684, 72.86082, -51.33329], "size": [0, 5, 14], "uv": [442, 449], "mirror": true}
					]
				},
				{
					"name": "bone76",
					"parent": "head",
					"pivot": [2.72938, 75.96101, -48.41455],
					"rotation": [-36.40051, -28.53623, 57.05902],
					"cubes": [
						{"origin": [1.72938, 74.96101, -48.41455], "size": [2, 2, 0], "uv": [2, 2]}
					]
				},
				{
					"name": "bone88",
					"parent": "head",
					"pivot": [-2.92062, 75.96101, -48.36455],
					"rotation": [144.70841, -27.947, -121.392],
					"cubes": [
						{"origin": [-3.92062, 74.96101, -48.36455], "size": [2, 2, 0], "uv": [2, 2]}
					]
				},
				{
					"name": "eye_left2",
					"parent": "head",
					"pivot": [-7.1125, 81.62795, -43.21639],
					"cubes": [
						{"origin": [-7.125, 80.12795, -43.71639], "size": [0, 1, 1], "uv": [136, 170]},
						{"origin": [-7.1, 79.62795, -44.21639], "size": [0, 2, 2], "uv": [135, 172]}
					]
				},
				{
					"name": "eye_left",
					"parent": "head",
					"pivot": [7.0125, 81.37795, -43.21639],
					"cubes": [
						{"origin": [7, 79.62795, -44.21639], "size": [0, 2, 2], "uv": [135, 165]},
						{"origin": [7.025, 80.12795, -43.71639], "size": [0, 1, 1], "uv": [136, 170]}
					]
				},
				{
					"name": "eyelid_left",
					"parent": "head",
					"pivot": [6, 79.74247, -43.24668],
					"cubes": [
						{"origin": [6, 79.24247, -44.24668], "size": [0, 1, 2], "uv": [536, 4]}
					]
				},
				{
					"name": "eyelid_right",
					"parent": "head",
					"pivot": [-6.1, 79.74247, -43.24668],
					"cubes": [
						{"origin": [-6.1, 79.24247, -44.24668], "size": [0, 1, 2], "uv": [536, 4], "mirror": true}
					]
				},
				{
					"name": "locator_seat_1",
					"parent": "neck",
					"pivot": [0, 93, 17],
					"locators": {
						"seat_1": [0, 89.75, 17]
					}
				},
				{
					"name": "arm_left",
					"parent": "chest",
					"pivot": [12.22221, 80.7304, 8.41568],
					"rotation": [-0.05341, 0.05639, 0.22055],
					"cubes": [
						{"origin": [11.11177, 73.69685, 1.24573], "size": [10, 14, 14], "uv": [84, 387]},
						{"origin": [11.11177, 73.69685, 7.74573], "size": [10, 14, 1], "inflate": 0.02, "uv": [360, 497]},
						{"origin": [9.87221, 73.1804, 0.66568], "size": [6, 15, 15], "pivot": [12.87221, 80.6804, 8.16568], "rotation": [180, 0, 0], "uv": [19, 102]}
					]
				},
				{
					"name": "bone6",
					"parent": "arm_left",
					"pivot": [17.86177, 78.69685, 9.24573],
					"rotation": [-14.80268, -7.88864, -12.98488],
					"cubes": [
						{"origin": [16.96357, 68.62481, -3.25427], "size": [5, 22, 23], "uv": [76, 342]},
						{"origin": [16.93643, 68.62481, 8.24573], "size": [5, 22, 1], "inflate": 0.02, "uv": [590, 489]},
						{"origin": [17.96357, 57.62481, 3.77073], "size": [7, 11, 11], "uv": [342, 423]},
						{"origin": [17.93643, 57.62481, 8.27073], "size": [7, 11, 1], "inflate": 0.02, "uv": [412, 500]}
					]
				},
				{
					"name": "bone97",
					"parent": "bone6",
					"pivot": [40.46357, 69.62481, 7.24573],
					"cubes": [
						{"origin": [21.46357, 67.62481, -7.75427], "size": [8, 6, 9], "pivot": [26.46357, 71.12481, -3.75427], "rotation": [17.5, 0, 0], "uv": [34, 467]},
						{"origin": [23.46357, 63.62481, -5.75427], "size": [4, 30, 28], "uv": [214, 319]},
						{"origin": [20.46357, 63.62481, -5.75427], "size": [3, 30, 28], "uv": [338, 206]},
						{"origin": [21.46357, 82.62481, -7.75427], "size": [8, 6, 9], "pivot": [26.46357, 86.12481, -3.75427], "rotation": [-17.5, 0, 0], "uv": [34, 467]},
						{"origin": [27.46357, 63.62481, -5.75427], "size": [1, 30, 8], "uv": [116, 164]},
						{"origin": [27.46357, 84.62481, 2.24573], "size": [1, 9, 20], "uv": [402, 276]},
						{"origin": [21.46357, 85.62481, 5.24573], "size": [8, 10, 6], "pivot": [26.46357, 90.62481, 8.24573], "rotation": [180, 0, 0], "uv": [446, 415]},
						{"origin": [21.46357, 82.62481, 15.24573], "size": [8, 6, 9], "pivot": [26.96357, 85.62481, 20.24573], "rotation": [17.5, 0, 0], "uv": [434, 439]},
						{"origin": [27.71357, 73.62481, 3.24573], "size": [4, 10, 10], "uv": [98, 202]},
						{"origin": [21.46357, 67.62481, 15.24573], "size": [8, 6, 9], "pivot": [26.96357, 70.62481, 20.24573], "rotation": [-17.5, 0, 0], "uv": [230, 403]},
						{"origin": [21.46357, 61.62481, 5.24573], "size": [8, 10, 6], "uv": [446, 415]},
						{"origin": [27.46357, 63.62481, 14.24573], "size": [1, 21, 8], "uv": [196, 320]},
						{"origin": [27.46357, 63.62481, 2.24573], "size": [1, 9, 12], "uv": [324, 129]}
					]
				},
				{
					"name": "bone48",
					"parent": "bone6",
					"pivot": [21.71357, 57.62481, 13.74573],
					"rotation": [-30, 0, 0],
					"cubes": [
						{"origin": [18.46357, 52.62481, 4.74573], "size": [6, 5, 9], "uv": [444, 291]}
					]
				},
				{
					"name": "bone15",
					"parent": "bone48",
					"pivot": [22.21357, 52.62481, 13.74573],
					"rotation": [-45, 0, 0],
					"cubes": [
						{"origin": [17.61357, 40.62481, 3.74573], "size": [9, 12, 11], "inflate": 0.025, "uv": [262, 489]},
						{"origin": [18.21357, 31.62481, 4.74573], "size": [6, 9, 9], "uv": [436, 104]}
					]
				},
				{
					"name": "bone46",
					"parent": "bone15",
					"pivot": [23.31357, 32.82481, 9.42073],
					"rotation": [-0.21803, -2.49048, 2.50474]
				},
				{
					"name": "bone28",
					"parent": "bone46",
					"pivot": [23.02792, 32.93753, 8.4333],
					"rotation": [0, 0, 12.5],
					"cubes": [
						{"origin": [22.90292, 31.93753, 3.8333], "size": [2, 22, 6], "inflate": 0.05, "pivot": [24.40292, 37.43753, 7.3333], "rotation": [5.01405, 2.38151, -3.53656], "uv": [196, 349]}
					]
				},
				{
					"name": "bone29",
					"parent": "bone28",
					"pivot": [22.97792, 30.93753, 5.9333],
					"rotation": [12.1929, 0.21881, 2.32769],
					"cubes": [
						{"origin": [22.34785, 31.74718, 4.09893], "size": [3, 24, 3], "inflate": 0.05, "pivot": [24.32492, 31.2757, 5.85965], "rotation": [-2.5, 0, -5], "uv": [122, 454]}
					]
				},
				{
					"name": "bone89",
					"parent": "bone29",
					"pivot": [23.42474, 31.10589, 5.24868],
					"rotation": [8.42352, 18.68817, -2.32274],
					"cubes": [
						{"origin": [22.64785, 31.74718, 4.39893], "size": [2, 22, 3], "inflate": 0.05, "pivot": [24.62492, 31.2757, 6.15965], "rotation": [-2.5, 0, -5], "uv": [66, 441]}
					]
				},
				{
					"name": "bone14",
					"parent": "bone46",
					"pivot": [23.02792, 32.93753, 10.44889],
					"rotation": [0, 0, 12.5],
					"cubes": [
						{"origin": [22.92792, 31.93753, 9.34889], "size": [2, 22, 5], "inflate": 0.05, "pivot": [24.42792, 37.43753, 10.84889], "rotation": [-5.01025, -1.88342, -3.58028], "uv": [325, 276]}
					]
				},
				{
					"name": "bone24",
					"parent": "bone14",
					"pivot": [22.97792, 30.18753, 13.69889],
					"rotation": [-11.19966, 2.22177, 1.77792],
					"cubes": [
						{"origin": [22.57726, 31.55662, 11.28539], "size": [3, 24, 3], "inflate": 0.05, "pivot": [24.46717, 31.0899, 12.48122], "rotation": [2.5, 0, -5], "uv": [366, 445]}
					]
				},
				{
					"name": "bone90",
					"parent": "bone24",
					"pivot": [23.37792, 30.93753, 12.99039],
					"rotation": [-8.42352, -18.68817, -2.32274],
					"cubes": [
						{"origin": [22.70104, 31.57881, 10.64015], "size": [2, 22, 3], "inflate": 0.05, "pivot": [24.6781, 31.10733, 11.87943], "rotation": [2.53852, 9.99038, -4.55933], "uv": [198, 450]}
					]
				},
				{
					"name": "bone25",
					"parent": "bone14",
					"pivot": [22.67792, 33.18753, 15.69889],
					"rotation": [-4.70234, -25.03367, 3.52102]
				},
				{
					"name": "bone10",
					"parent": "bone46",
					"pivot": [22.92792, 32.93753, 7.44889],
					"rotation": [0, 0, 12.5],
					"cubes": [
						{"origin": [21.42792, 31.93753, 7.74889], "size": [4, 25, 3], "inflate": 0.05, "uv": [296, 446]}
					]
				},
				{
					"name": "bone44",
					"parent": "bone15",
					"pivot": [31.96357, 32.62481, 7.74573]
				},
				{
					"name": "bone20",
					"parent": "bone15",
					"pivot": [24.23857, 30.62481, 8.94573],
					"cubes": [
						{"origin": [18.23857, 24.62481, 3.69573], "size": [7, 7, 11], "uv": [300, 206]}
					]
				},
				{
					"name": "bone21",
					"parent": "bone20",
					"pivot": [23.73857, 24.62481, 8.62073],
					"cubes": [
						{"origin": [20.73857, 21.62481, 7.79573], "size": [3, 3, 3], "inflate": 0.1, "uv": [454, 243]}
					]
				},
				{
					"name": "bone22",
					"parent": "bone21",
					"pivot": [23.83857, 21.52481, 9.14573],
					"cubes": [
						{"origin": [20.73857, 16.42481, 8.29573], "size": [3, 5, 2], "inflate": 0.1, "uv": [402, 317]}
					]
				},
				{
					"name": "bone52",
					"parent": "bone20",
					"pivot": [23.73857, 27.62481, 13.12073],
					"rotation": [45, 0, 0],
					"cubes": [
						{"origin": [20.73857, 24.62481, 12.29573], "size": [3, 3, 3], "inflate": 0.1, "uv": [454, 243]}
					]
				},
				{
					"name": "bone53",
					"parent": "bone52",
					"pivot": [23.83857, 24.52481, 13.79573],
					"cubes": [
						{"origin": [20.73857, 19.42481, 12.79573], "size": [3, 5, 2], "inflate": 0.1, "uv": [402, 317]}
					]
				},
				{
					"name": "bone50",
					"parent": "bone20",
					"pivot": [23.73857, 27.62481, 5.37073],
					"rotation": [-45, 0, 0],
					"cubes": [
						{"origin": [20.73857, 24.62481, 3.54573], "size": [3, 3, 3], "inflate": 0.1, "uv": [454, 243]}
					]
				},
				{
					"name": "bone51",
					"parent": "bone50",
					"pivot": [23.83857, 24.52481, 4.94573],
					"cubes": [
						{"origin": [20.73857, 19.42481, 4.04573], "size": [3, 5, 2], "inflate": 0.1, "uv": [388, 457]}
					]
				},
				{
					"name": "bone8",
					"parent": "bone20",
					"pivot": [23.73857, 24.62481, 5.87073],
					"cubes": [
						{"origin": [20.73857, 21.62481, 4.04573], "size": [3, 3, 3], "inflate": 0.1, "uv": [454, 243]}
					]
				},
				{
					"name": "bone17",
					"parent": "bone8",
					"pivot": [23.76357, 21.57481, 5.24573],
					"cubes": [
						{"origin": [20.73857, 16.42481, 4.54573], "size": [3, 5, 2], "inflate": 0.1, "uv": [402, 317]}
					]
				},
				{
					"name": "bone23",
					"parent": "bone20",
					"pivot": [23.73857, 24.62481, 12.12073],
					"cubes": [
						{"origin": [20.73857, 21.62481, 11.29573], "size": [3, 3, 3], "inflate": 0.1, "uv": [454, 243]}
					]
				},
				{
					"name": "bone30",
					"parent": "bone23",
					"pivot": [23.83857, 21.52481, 12.79573],
					"cubes": [
						{"origin": [20.73857, 16.42481, 11.79573], "size": [3, 5, 2], "inflate": 0.1, "uv": [402, 317]}
					]
				},
				{
					"name": "bone11",
					"parent": "bone15",
					"pivot": [27.70107, 34.87481, 8.74573],
					"rotation": [0, 0, 7.5]
				},
				{
					"name": "arm_right",
					"parent": "chest",
					"pivot": [-12.32221, 80.7304, 8.41568],
					"rotation": [-0.05341, -0.05639, -0.22055],
					"cubes": [
						{"origin": [-21.21177, 73.69685, 1.24573], "size": [10, 14, 14], "uv": [84, 387], "mirror": true},
						{"origin": [-21.88823, 73.69685, 7.74573], "size": [10, 14, 1], "inflate": 0.02, "uv": [360, 497], "mirror": true},
						{"origin": [-16.12779, 73.1804, 0.66568], "size": [6, 15, 15], "pivot": [-13.12779, 80.6804, 8.16568], "rotation": [180, 0, 0], "uv": [19, 102]}
					]
				},
				{
					"name": "bone5",
					"parent": "arm_right",
					"pivot": [-17.96177, 78.69685, 9.24573],
					"rotation": [-14.80268, 7.88864, 12.98488],
					"cubes": [
						{"origin": [-22.06357, 68.62481, -3.25427], "size": [5, 22, 23], "uv": [76, 342], "mirror": true},
						{"origin": [-22.06357, 68.62481, 8.24573], "size": [5, 22, 1], "inflate": 0.02, "uv": [590, 489], "mirror": true},
						{"origin": [-25.06357, 57.62481, 3.77073], "size": [7, 11, 11], "uv": [342, 423], "mirror": true},
						{"origin": [-25.06357, 57.62481, 8.27073], "size": [7, 11, 1], "inflate": 0.02, "uv": [412, 500], "mirror": true}
					]
				},
				{
					"name": "bone98",
					"parent": "bone5",
					"pivot": [-33.56357, 80.62481, -0.75427],
					"cubes": [
						{"origin": [-28.56357, 63.62481, -5.75427], "size": [1, 30, 8], "uv": [116, 164], "mirror": true},
						{"origin": [-28.56357, 63.62481, 2.24573], "size": [1, 9, 12], "uv": [324, 129], "mirror": true},
						{"origin": [-29.56357, 61.62481, 5.24573], "size": [8, 10, 6], "uv": [446, 415], "mirror": true},
						{"origin": [-29.56357, 67.62481, -7.75427], "size": [8, 6, 9], "pivot": [-26.56357, 71.12481, -3.75427], "rotation": [17.5, 0, 0], "uv": [34, 467], "mirror": true},
						{"origin": [-29.56357, 82.62481, -7.75427], "size": [8, 6, 9], "pivot": [-26.56357, 86.12481, -3.75427], "rotation": [-17.5, 0, 0], "uv": [34, 467], "mirror": true},
						{"origin": [-27.56357, 63.62481, -5.75427], "size": [4, 30, 28], "uv": [214, 319], "mirror": true},
						{"origin": [-29.56357, 85.62481, 5.24573], "size": [8, 10, 6], "pivot": [-26.56357, 90.62481, 8.24573], "rotation": [180, 0, 0], "uv": [446, 415], "mirror": true},
						{"origin": [-28.56357, 84.62481, 2.24573], "size": [1, 9, 20], "uv": [402, 276], "mirror": true},
						{"origin": [-29.56357, 82.62481, 15.24573], "size": [8, 6, 9], "pivot": [-27.06357, 85.62481, 20.24573], "rotation": [17.5, 0, 0], "uv": [434, 439], "mirror": true},
						{"origin": [-28.56357, 63.62481, 14.24573], "size": [1, 21, 8], "uv": [196, 320], "mirror": true},
						{"origin": [-29.56357, 67.62481, 15.24573], "size": [8, 6, 9], "pivot": [-27.06357, 70.62481, 20.24573], "rotation": [-17.5, 0, 0], "uv": [230, 403], "mirror": true},
						{"origin": [-23.56357, 63.62481, -5.75427], "size": [3, 30, 28], "uv": [338, 206], "mirror": true},
						{"origin": [-31.81357, 73.62481, 3.24573], "size": [4, 10, 10], "uv": [98, 202], "mirror": true}
					]
				},
				{
					"name": "bone54",
					"parent": "bone5",
					"pivot": [-21.81357, 57.62481, 13.74573],
					"rotation": [-30, 0, 0],
					"cubes": [
						{"origin": [-24.56357, 52.62481, 4.74573], "size": [6, 5, 9], "uv": [444, 291], "mirror": true}
					]
				},
				{
					"name": "bone55",
					"parent": "bone54",
					"pivot": [-22.31357, 52.62481, 13.74573],
					"rotation": [-45, 0, 0],
					"cubes": [
						{"origin": [-26.71357, 40.62481, 3.74573], "size": [9, 12, 11], "inflate": 0.025, "uv": [262, 489], "mirror": true},
						{"origin": [-24.31357, 31.62481, 4.74573], "size": [6, 9, 9], "uv": [436, 104], "mirror": true}
					]
				},
				{
					"name": "bone56",
					"parent": "bone55",
					"pivot": [-23.41357, 32.82481, 9.42073],
					"rotation": [-0.21803, 2.49048, -2.50474]
				},
				{
					"name": "bone57",
					"parent": "bone56",
					"pivot": [-23.12792, 32.93753, 8.4333],
					"rotation": [0, 0, -12.5],
					"cubes": [
						{"origin": [-25.00292, 31.93753, 3.8333], "size": [2, 22, 6], "inflate": 0.05, "pivot": [-24.50292, 37.43753, 7.3333], "rotation": [5.01405, -2.38151, 3.53656], "uv": [196, 349], "mirror": true}
					]
				},
				{
					"name": "bone58",
					"parent": "bone57",
					"pivot": [-23.07792, 30.93753, 5.9333],
					"rotation": [12.1929, -0.21881, -2.32769],
					"cubes": [
						{"origin": [-25.44785, 31.74718, 4.09893], "size": [3, 24, 3], "inflate": 0.05, "pivot": [-24.42492, 31.2757, 5.85965], "rotation": [-2.5, 0, 5], "uv": [122, 454], "mirror": true}
					]
				},
				{
					"name": "bone59",
					"parent": "bone58",
					"pivot": [-23.52474, 31.10589, 5.24868],
					"rotation": [8.42352, -18.68817, 2.32274],
					"cubes": [
						{"origin": [-24.74785, 31.74718, 4.39893], "size": [2, 22, 3], "inflate": 0.05, "pivot": [-24.72492, 31.2757, 6.15965], "rotation": [-2.5, 0, 5], "uv": [66, 441], "mirror": true}
					]
				},
				{
					"name": "bone60",
					"parent": "bone56",
					"pivot": [-23.12792, 32.93753, 10.44889],
					"rotation": [0, 0, -12.5],
					"cubes": [
						{"origin": [-25.12792, 31.93753, 9.34889], "size": [2, 22, 5], "inflate": 0.05, "pivot": [-24.62792, 37.43753, 10.84889], "rotation": [-5.01025, 1.88342, 3.58028], "uv": [325, 276], "mirror": true}
					]
				},
				{
					"name": "bone61",
					"parent": "bone60",
					"pivot": [-23.07792, 30.18753, 13.69889],
					"rotation": [-11.19966, -2.22177, -1.77792],
					"cubes": [
						{"origin": [-25.67726, 31.55662, 11.28539], "size": [3, 24, 3], "inflate": 0.05, "pivot": [-24.56717, 31.0899, 12.48122], "rotation": [2.5, 0, 5], "uv": [366, 445], "mirror": true}
					]
				},
				{
					"name": "bone62",
					"parent": "bone61",
					"pivot": [-23.47792, 30.93753, 12.99039],
					"rotation": [-8.42352, 18.68817, 2.32274],
					"cubes": [
						{"origin": [-24.80104, 31.57881, 10.64015], "size": [2, 22, 3], "inflate": 0.05, "pivot": [-24.7781, 31.10733, 11.87943], "rotation": [2.53852, -9.99038, 4.55933], "uv": [198, 450], "mirror": true}
					]
				},
				{
					"name": "bone63",
					"parent": "bone60",
					"pivot": [-22.77792, 33.18753, 15.69889],
					"rotation": [-4.70234, 25.03367, -3.52102]
				},
				{
					"name": "bone64",
					"parent": "bone56",
					"pivot": [-23.02792, 32.93753, 7.44889],
					"rotation": [0, 0, -12.5],
					"cubes": [
						{"origin": [-25.52792, 31.93753, 7.74889], "size": [4, 25, 3], "inflate": 0.05, "pivot": [-23.02792, 37.43753, 9.24889], "rotation": [0, -2, 0], "uv": [296, 446], "mirror": true}
					]
				},
				{
					"name": "bone65",
					"parent": "bone55",
					"pivot": [-32.06357, 32.62481, 7.74573]
				},
				{
					"name": "bone66",
					"parent": "bone55",
					"pivot": [-24.33857, 30.62481, 8.94573],
					"cubes": [
						{"origin": [-25.33857, 24.62481, 3.69573], "size": [7, 7, 11], "uv": [300, 206], "mirror": true}
					]
				},
				{
					"name": "bone67",
					"parent": "bone66",
					"pivot": [-23.83857, 24.62481, 8.62073],
					"cubes": [
						{"origin": [-23.83857, 21.62481, 7.79573], "size": [3, 3, 3], "inflate": 0.1, "uv": [30, 456], "mirror": true}
					]
				},
				{
					"name": "bone68",
					"parent": "bone67",
					"pivot": [-23.93857, 21.54981, 9.19573],
					"cubes": [
						{"origin": [-23.83857, 16.42481, 8.29573], "size": [3, 5, 2], "inflate": 0.1, "uv": [458, 178], "mirror": true}
					]
				},
				{
					"name": "bone69",
					"parent": "bone66",
					"pivot": [-23.83857, 27.62481, 13.12073],
					"rotation": [45, 0, 0],
					"cubes": [
						{"origin": [-23.83857, 24.62481, 12.29573], "size": [3, 3, 3], "inflate": 0.1, "uv": [54, 456], "mirror": true}
					]
				},
				{
					"name": "bone70",
					"parent": "bone69",
					"pivot": [-23.83857, 24.52481, 13.79573],
					"cubes": [
						{"origin": [-23.83857, 19.42481, 12.79573], "size": [3, 5, 2], "inflate": 0.1, "uv": [458, 178], "mirror": true}
					]
				},
				{
					"name": "bone71",
					"parent": "bone66",
					"pivot": [-23.83857, 27.62481, 5.37073],
					"rotation": [-45, 0, 0],
					"cubes": [
						{"origin": [-23.83857, 24.62481, 3.54573], "size": [3, 3, 3], "inflate": 0.1, "uv": [42, 456], "mirror": true}
					]
				},
				{
					"name": "bone72",
					"parent": "bone71",
					"pivot": [-23.83857, 24.37481, 4.54573],
					"cubes": [
						{"origin": [-23.83857, 19.42481, 4.04573], "size": [3, 5, 2], "inflate": 0.1, "uv": [458, 178], "mirror": true}
					]
				},
				{
					"name": "bone73",
					"parent": "bone66",
					"pivot": [-23.83857, 24.62481, 5.87073],
					"cubes": [
						{"origin": [-23.83857, 21.62481, 4.04573], "size": [3, 3, 3], "inflate": 0.1, "uv": [30, 456]}
					]
				},
				{
					"name": "bone74",
					"parent": "bone73",
					"pivot": [-23.93857, 21.52481, 5.44573],
					"cubes": [
						{"origin": [-23.83857, 16.42481, 4.54573], "size": [3, 5, 2], "inflate": 0.1, "uv": [458, 178], "mirror": true}
					]
				},
				{
					"name": "bone75",
					"parent": "bone66",
					"pivot": [-23.83857, 24.62481, 12.12073],
					"cubes": [
						{"origin": [-23.83857, 21.62481, 11.29573], "size": [3, 3, 3], "inflate": 0.1, "uv": [30, 456], "mirror": true}
					]
				},
				{
					"name": "bone91",
					"parent": "bone75",
					"pivot": [-23.93857, 21.52481, 12.79573],
					"cubes": [
						{"origin": [-23.83857, 16.42481, 11.79573], "size": [3, 5, 2], "inflate": 0.1, "uv": [458, 178], "mirror": true}
					]
				},
				{
					"name": "bone92",
					"parent": "bone55",
					"pivot": [-27.80107, 34.87481, 8.74573],
					"rotation": [0, 0, -7.5]
				},
				{
					"name": "bone101",
					"parent": "chest",
					"pivot": [-0.025, 80.20936, 9.69068],
					"rotation": [7.5, 0, 0],
					"cubes": [
						{"origin": [-14.025, 73.70936, -3.30932], "size": [28, 16, 26], "inflate": 0.1, "uv": [0, 234]}
					]
				},
				{
					"name": "bone49",
					"parent": "chest",
					"pivot": [0.2, 81.16858, 21.68859],
					"rotation": [-90, 0, 0],
					"cubes": [
						{"origin": [-0.05, 78.91858, 11.68859], "size": [0, 4, 14], "inflate": 0.01, "pivot": [-0.55, 80.91858, 18.68859], "rotation": [-2.5, 0, 0], "uv": [127, 436]}
					]
				},
				{
					"name": "bone33",
					"parent": "torso",
					"pivot": [0.25, 38.25, 13],
					"rotation": [-42.5, 0, 0],
					"cubes": [
						{"origin": [-13, 26.93131, 10.2425], "size": [26, 25, 28], "uv": [150, 82]},
						{"origin": [0, 24.60118, 17.22455], "size": [0, 24, 22], "uv": [-1, 378]}
					]
				},
				{
					"name": "bone34",
					"parent": "bone33",
					"pivot": [0, 38.35118, 32.72455],
					"cubes": [
						{"origin": [-11, 28.415, 30.63467], "size": [22, 22, 27], "uv": [239, 225]},
						{"origin": [0, 25.58488, 32.86672], "size": [0, 19, 26], "uv": [173, 467]}
					]
				},
				{
					"name": "bone95",
					"parent": "bone34",
					"pivot": [0, 39.27821, 54.1961],
					"cubes": [
						{"origin": [-9, 29.915, 52.63467], "size": [18, 19, 25], "uv": [0, 21]},
						{"origin": [0, 26.95072, 51.86409], "size": [0, 17, 27], "pivot": [0, 35.45072, 65.36409], "rotation": [2.5, 0, 0], "uv": [36, 468]}
					]
				},
				{
					"name": "bone35",
					"parent": "bone95",
					"pivot": [0.15, 40.08488, 74.86672],
					"cubes": [
						{"origin": [-8, 31.03084, 70.88204], "size": [16, 17, 22], "inflate": -0.2, "uv": [340, 322]},
						{"origin": [0, 28.70072, 71.86409], "size": [0, 17, 21], "pivot": [0, 37.20072, 82.36409], "rotation": [7.5, 0, 0], "uv": [42, 387]}
					]
				},
				{
					"name": "bone37",
					"parent": "bone35",
					"pivot": [0, 40.20072, 86.86409],
					"cubes": [
						{"origin": [-6, 33.01321, 88.81389], "size": [12, 13, 19], "uv": [366, 61]},
						{"origin": [0, 30.43308, 85.79594], "size": [0, 13, 19], "pivot": [0, 37.43308, 93.79594], "rotation": [12.5, 0, 0], "uv": [406, 111]}
					]
				},
				{
					"name": "bone38",
					"parent": "bone37",
					"pivot": [0, 39.68308, 106.79594],
					"cubes": [
						{"origin": [-4, 34.89381, 103.90047], "size": [8, 9, 16], "uv": [402, 251]}
					]
				},
				{
					"name": "bone39",
					"parent": "bone38",
					"pivot": [0.25, 39.06368, 120.13252],
					"cubes": [
						{"origin": [-3, 35.81908, 117.65301], "size": [6, 7, 11], "uv": [174, 432]}
					]
				},
				{
					"name": "leg_right",
					"parent": "body",
					"pivot": [-14.25, 37.475, 7.5],
					"rotation": [26.63207, 11.3022, 1.99535],
					"cubes": [
						{"origin": [-30.3628, 27.3589, -16.64078], "size": [18, 22, 30], "uv": [256, 154]},
						{"origin": [-28.8872, 29.18951, -21.69286], "size": [15, 16, 13], "pivot": [-21.3872, 35.68951, -16.69286], "rotation": [40, 0, 0], "uv": [453, 480], "mirror": true}
					]
				},
				{
					"name": "bone31",
					"parent": "leg_right",
					"pivot": [-21.3628, 36.7839, -24.04078],
					"rotation": [10, 0, 0],
					"cubes": [
						{"origin": [-27.3628, 25.77472, -24.11839], "size": [12, 11, 11], "uv": [412, 158], "mirror": true}
					]
				},
				{
					"name": "bone32",
					"parent": "bone31",
					"pivot": [-21.1372, 25.82253, -13.79549],
					"rotation": [-12.5, 0, 0],
					"cubes": [
						{"origin": [-29.3872, 12.347, -25.45299], "size": [16, 15, 11], "pivot": [-21.3872, 20.347, -18.95299], "rotation": [-12.5, 0, 0], "uv": [304, 397], "mirror": true}
					]
				},
				{
					"name": "foot_right",
					"parent": "bone32",
					"pivot": [-21.1128, 17.89919, -14.12589],
					"rotation": [-2.49762, -0.10901, -2.49762]
				},
				{
					"name": "bone36",
					"parent": "foot_right",
					"pivot": [-21.35108, 13.55603, -18.47999],
					"rotation": [17.5, 0, 0],
					"cubes": [
						{"origin": [-29.85108, 7.00141, -19.98488], "size": [17, 11, 12], "uv": [295, 75], "mirror": true}
					]
				},
				{
					"name": "bone40",
					"parent": "bone36",
					"pivot": [-20.85108, 5.50141, -9.98488],
					"rotation": [-27.5, 0, 0],
					"cubes": [
						{"origin": [-24.85108, 1.50141, -15.98488], "size": [7, 6, 6], "uv": [454, 231], "mirror": true},
						{"origin": [-23.85108, -0.99859, -14.98488], "size": [5, 3, 4], "pivot": [-21.35108, 1.50141, -10.98488], "rotation": [-10, 0, 0], "uv": [448, 431], "mirror": true}
					]
				},
				{
					"name": "bone41",
					"parent": "foot_right",
					"pivot": [-20.82608, 17.75603, -18.82999],
					"rotation": [-21, 0, 0],
					"cubes": [
						{"origin": [-32.77608, 6.70888, -32.52545], "size": [23, 11, 19], "inflate": -0.05, "uv": [218, 0], "mirror": true}
					]
				},
				{
					"name": "toes2",
					"parent": "bone41",
					"pivot": [-21.02608, 6.60888, -32.57545],
					"cubes": [
						{"origin": [-27.25108, 6.53877, -39.44401], "size": [12, 9, 7], "inflate": -0.075, "uv": [305, 379], "mirror": true},
						{"origin": [-25.75108, 6.53877, -45.19401], "size": [9, 5, 6], "inflate": -0.075, "uv": [450, 265], "mirror": true}
					]
				},
				{
					"name": "bone42",
					"parent": "toes2",
					"pivot": [-11.82751, 7.01377, -32.21901],
					"rotation": [1.04946, 19.94019, 1.37501],
					"cubes": [
						{"origin": [-15.30848, 6.71377, -38.7241], "size": [5, 6, 7], "inflate": -0.2, "uv": [449, 375], "mirror": true}
					]
				},
				{
					"name": "bone43",
					"parent": "bone42",
					"pivot": [-12.60848, 6.51377, -37.4991],
					"rotation": [-1.5, 0, 0],
					"cubes": [
						{"origin": [-14.55848, 6.71377, -42.2991], "size": [4, 4, 4], "inflate": -0.225, "uv": [324, 303]}
					]
				},
				{
					"name": "bone45",
					"parent": "toes2",
					"pivot": [-30.77608, 7.01377, -32.21901],
					"rotation": [1.04946, -19.94019, -1.37501],
					"cubes": [
						{"origin": [-32.29511, 6.71377, -38.7241], "size": [5, 6, 7], "inflate": -0.2, "uv": [379, 424], "mirror": true}
					]
				},
				{
					"name": "bone100",
					"parent": "bone45",
					"pivot": [-29.99511, 6.51377, -37.4991],
					"rotation": [-1.5, 0, 0],
					"cubes": [
						{"origin": [-32.04511, 6.71377, -42.2991], "size": [4, 4, 4], "inflate": -0.225, "uv": [324, 303], "mirror": true}
					]
				},
				{
					"name": "bone102",
					"parent": "bone32",
					"pivot": [-21.3872, 26.33569, -13.0576],
					"rotation": [27.5, 0, 0],
					"cubes": [
						{"origin": [-27.3872, 18.23961, -24.10159], "size": [12, 8, 11], "uv": [358, 396], "mirror": true}
					]
				},
				{
					"name": "leg_left",
					"parent": "body",
					"pivot": [14.25, 37.475, 7.5],
					"rotation": [26.63207, -11.3022, -1.99535],
					"cubes": [
						{"origin": [12.3628, 27.3589, -16.64078], "size": [18, 22, 30], "uv": [256, 154], "mirror": true},
						{"origin": [13.8628, 29.18951, -21.69286], "size": [15, 16, 13], "pivot": [21.3628, 35.68951, -16.69286], "rotation": [40, 0, 0], "uv": [453, 480], "mirror": true}
					]
				},
				{
					"name": "bone3",
					"parent": "leg_left",
					"pivot": [21.3628, 36.7839, -24.04078],
					"rotation": [10, 0, 0],
					"cubes": [
						{"origin": [15.3628, 25.77472, -24.11839], "size": [12, 11, 11], "uv": [412, 158]}
					]
				},
				{
					"name": "bone99",
					"parent": "bone3",
					"pivot": [21.1372, 25.82253, -13.79549],
					"rotation": [-12.5, 0, 0],
					"cubes": [
						{"origin": [13.3872, 12.347, -25.45299], "size": [16, 15, 11], "pivot": [21.3872, 20.347, -18.95299], "rotation": [-12.5, 0, 0], "uv": [304, 397]}
					]
				},
				{
					"name": "foot_left",
					"parent": "bone99",
					"pivot": [21.1128, 17.89919, -14.12589],
					"rotation": [-2.49762, 0.10901, 2.49762]
				},
				{
					"name": "bone19",
					"parent": "foot_left",
					"pivot": [21.35108, 13.55603, -18.47999],
					"rotation": [17.5, 0, 0],
					"cubes": [
						{"origin": [12.85108, 7.00141, -19.98488], "size": [17, 11, 12], "uv": [295, 75]}
					]
				},
				{
					"name": "bone27",
					"parent": "bone19",
					"pivot": [20.85108, 5.50141, -9.98488],
					"rotation": [-27.5, 0, 0],
					"cubes": [
						{"origin": [17.85108, 1.50141, -15.98488], "size": [7, 6, 6], "uv": [454, 231]},
						{"origin": [18.85108, -0.99859, -14.98488], "size": [5, 3, 4], "pivot": [21.35108, 1.50141, -10.98488], "rotation": [-10, 0, 0], "uv": [448, 431]}
					]
				},
				{
					"name": "bone9",
					"parent": "foot_left",
					"pivot": [20.82608, 17.75603, -18.82999],
					"rotation": [-21, 0, 0],
					"cubes": [
						{"origin": [9.77608, 6.70888, -32.52545], "size": [23, 11, 19], "inflate": -0.05, "uv": [218, 0]}
					]
				},
				{
					"name": "toes",
					"parent": "bone9",
					"pivot": [21.02608, 6.60888, -32.57545],
					"cubes": [
						{"origin": [15.25108, 6.53877, -39.44401], "size": [12, 9, 7], "inflate": -0.075, "uv": [305, 379]},
						{"origin": [16.75108, 6.53877, -45.19401], "size": [9, 5, 6], "inflate": -0.075, "uv": [450, 265]}
					]
				},
				{
					"name": "bone4",
					"parent": "toes",
					"pivot": [11.82751, 7.01377, -32.21901],
					"rotation": [1.04946, -19.94019, -1.37501],
					"cubes": [
						{"origin": [10.30848, 6.71377, -38.7241], "size": [5, 6, 7], "inflate": -0.2, "uv": [449, 375]}
					]
				},
				{
					"name": "bone16",
					"parent": "bone4",
					"pivot": [12.60848, 6.51377, -37.4991],
					"rotation": [-1.5, 0, 0],
					"cubes": [
						{"origin": [10.55848, 6.71377, -42.2991], "size": [4, 4, 4], "inflate": -0.225, "uv": [324, 303], "mirror": true}
					]
				},
				{
					"name": "bone13",
					"parent": "toes",
					"pivot": [30.77608, 7.01377, -32.21901],
					"rotation": [1.04946, 19.94019, 1.37501],
					"cubes": [
						{"origin": [27.29511, 6.71377, -38.7241], "size": [5, 6, 7], "inflate": -0.2, "uv": [379, 424]}
					]
				},
				{
					"name": "bone26",
					"parent": "bone13",
					"pivot": [29.99511, 6.51377, -37.4991],
					"rotation": [-1.5, 0, 0],
					"cubes": [
						{"origin": [28.04511, 6.71377, -42.2991], "size": [4, 4, 4], "inflate": -0.225, "uv": [324, 303]}
					]
				},
				{
					"name": "bone103",
					"parent": "bone99",
					"pivot": [21.3872, 26.33569, -13.0576],
					"rotation": [27.5, 0, 0],
					"cubes": [
						{"origin": [15.3872, 18.23961, -24.10159], "size": [12, 8, 11], "uv": [358, 396]}
					]
				}
			]
		}
	]
}