{
  "stunfisk": {
       "sounds": [
       "cobblemon:pokemon/stunfisk/stunfisk"
       ]
  },
    "victini": {
       "sounds": [
       "cobblemon:pokemon/victini/victini"
       ]
  },
    "pansage": {
       "sounds": [
       "cobblemon:pokemon/pansage/pansage"
       ]
  },
    "simisage": {
       "sounds": [
       "cobblemon:pokemon/simisage/simisage"
       ]
  },
    "pansear": {
       "sounds": [
       "cobblemon:pokemon/pansear/pansear"
       ]
  },
    "simisear": {
       "sounds": [
       "cobblemon:pokemon/simisear/simisear"
       ]
  },
    "panpour": {
       "sounds": [
       "cobblemon:pokemon/panpour/panpour"
       ]
  },
    "simipour": {
       "sounds": [
       "cobblemon:pokemon/simipour/simipour"
       ]
  },
    "gastly": {
       "sounds": ["cobblemon:pokemon/gastly/gastly"]
  },
	"haunter": {
       "sounds": ["cobblemon:pokemon/haunter/haunter"]
  },
	"gengar": {
       "sounds": ["cobblemon:pokemon/gengar/gengar"]
  },
	"gengarlaugh": {
       "sounds": ["cobblemon:pokemon/gengar/gengarlaugh"]
  },
	"megagengar": {
       "sounds": ["cobblemon:pokemon/megagengar/megagengar"]
  }
}
