{
	"format_version": "1.8.0",
	"animations": {
		"animation.dialga.ground_idle": {
			"loop": true,
			"bones": {
				"torso": {
					"rotation": ["math.sin(q.anim_time*90*1)*2", 0, 0],
					"position": [0, "-math.sin(q.anim_time*90*1)*0.8", 0]
				},
				"neck": {
					"rotation": ["5+math.sin(q.anim_time*90*1-60)*2", 0, 0]
				},
				"bone2": {
					"rotation": ["2.5+math.sin(q.anim_time*90*1-60)*2", 0, 0]
				},
				"head": {
					"rotation": ["-5+math.sin(q.anim_time*90*1-60)*4", 0, 0]
				},
				"tail": {
					"rotation": ["-20+math.sin(q.anim_time*90*1-60)*3", 0, 0]
				},
				"tail2": {
					"rotation": ["-7.5+math.sin(q.anim_time*90*1-60)*3", 0, 0]
				},
				"tail3": {
					"rotation": ["-2.5+math.sin(q.anim_time*90*1-60)*3", 0, 0]
				},
				"tail4": {
					"rotation": ["12.5+math.sin(q.anim_time*90*1-60)*3", 0, 0]
				},
				"tail5": {
					"rotation": ["12.5+math.sin(q.anim_time*90*1-60)*3", 0, 0]
				},
				"bone32": {
					"rotation": ["12.5+math.sin(q.anim_time*90*1-60)*3", 0, 0]
				},
				"bone21": {
					"rotation": [8.79063, -12.84897, "-18.1502-math.sin(q.anim_time*90*1)*3"],
					"position": [0, "-math.sin(q.anim_time*90*1)*0.7", 0]
				},
				"bone23": {
					"rotation": ["2.4335+math.sin(q.anim_time*90*1)*1", -0.57283, "10.7377+math.sin(q.anim_time*90*1)*5"]
				},
				"bone24": {
					"rotation": [0, 0, "1.5-math.sin(q.anim_time*90*1)*2"]
				},
				"bone22": {
					"rotation": [5.08646, 8.64254, "16.8283+math.sin(q.anim_time*90*1)*3"],
					"position": [0, "-math.sin(q.anim_time*90*1)*0.7", 0]
				},
				"bone25": {
					"rotation": ["2.4581+math.sin(q.anim_time*90*1)*1", 0.45544, "-10.4902-math.sin(q.anim_time*90*1)*5"]
				},
				"bone26": {
					"rotation": [-1, 0, "-1+math.sin(q.anim_time*90*1)*2"]
				},
				"bone18": {
					"rotation": [-20.23997, 17.86332, "1.8923+math.sin(q.anim_time*90*1)*3"],
					"position": [0, "-0.1-math.sin(q.anim_time*90*1)*0.7", 0]
				},
				"bone19": {
					"rotation": [8.24808, 0.09812, "-2.2479-math.sin(q.anim_time*90*1)*5"]
				},
				"bone20": {
					"rotation": [0, 0, "math.sin(q.anim_time*90*1)*2"]
				},
				"bone10": {
					"rotation": [-19.36219, -22.52351, "-4.4634-math.sin(q.anim_time*90*1)*3"],
					"position": [0, "-0.4-math.sin(q.anim_time*90*1)*0.7", 0]
				},
				"bone12": {
					"rotation": [6.49841, -0.14691, "2.4914+math.sin(q.anim_time*90*1)*5"]
				},
				"bone13": {
					"rotation": [1.75, 0, "-math.sin(q.anim_time*90*1)*2"]
				},
				"bone9": {
					"rotation": ["math.sin(q.anim_time*90*1-60)*2", 0, 0]
				},
				"body": {
					"position": [0, -4.4, 0]
				},
				"bone33": {
					"rotation": [18.75, 0, 0]
				},
				"bone36": {
					"rotation": [17.5, 0, 0]
				},
				"bone37": {
					"rotation": [0, 0, 5]
				},
				"bone38": {
					"rotation": [0, 0, -5]
				}
			}
		},
		"animation.dialga.battle_idle": {
			"loop": true,
			"bones": {
				"torso": {
					"rotation": ["10+math.sin(q.anim_time*90*1)*2", 0, 0],
					"position": [0, "-3-math.sin(q.anim_time*90*1-60)*0.8", 0]
				},
				"bone9": {
					"rotation": ["15+math.sin(q.anim_time*90*1-60)*2", 0, 0]
				},
				"neck": {
					"rotation": ["-7.5+math.sin(q.anim_time*90*1-60)*2", 0, 0]
				},
				"bone2": {
					"rotation": ["math.sin(q.anim_time*90*1-60)*2", 0, 0]
				},
				"head": {
					"rotation": ["-10+math.sin(q.anim_time*90*1-60)*4", 0, 0]
				},
				"jaw": {
					"rotation": ["12.5-math.sin(q.anim_time*90*1+70)*3", 0, 0]
				},
				"tail": {
					"rotation": ["-17.5+math.sin(q.anim_time*90*1-60)*3", 0, 0]
				},
				"tail2": {
					"rotation": ["-5+math.sin(q.anim_time*90*1-60)*3", 0, 0]
				},
				"tail3": {
					"rotation": ["20+math.sin(q.anim_time*90*1-60)*3", 0, 0]
				},
				"tail4": {
					"rotation": ["17.5+math.sin(q.anim_time*90*1-60)*3", 0, 0]
				},
				"tail5": {
					"rotation": ["20+math.sin(q.anim_time*90*1-60)*3", 0, 0]
				},
				"bone32": {
					"rotation": ["22.5+math.sin(q.anim_time*90*1-60)*3", 0, 0]
				},
				"bone21": {
					"rotation": [-1.81248, -7.1976, "-14.9182-math.sin(q.anim_time*90*1)*3"],
					"position": [0, "-4.5-math.sin(q.anim_time*90*1)*0.7", 0]
				},
				"bone23": {
					"rotation": ["5.6585+math.sin(q.anim_time*90*1)*1", -3.1297, "12.4108+math.sin(q.anim_time*90*1)*5"]
				},
				"bone22": {
					"rotation": [2.98791, 7.49929, "12.3961+math.sin(q.anim_time*90*1)*3"],
					"position": [0, "-3-math.sin(q.anim_time*90*1)*0.7", 0]
				},
				"bone25": {
					"rotation": ["2.5+math.sin(q.anim_time*90*1)*1", 0, "-10-math.sin(q.anim_time*90*1)*5"]
				},
				"bone18": {
					"rotation": [25.5554, 16.31486, "37.3001+math.sin(q.anim_time*90*1)*3"],
					"position": [0, "-7-math.sin(q.anim_time*90*1)*0.7", 0]
				},
				"bone19": {
					"rotation": [-0.90225, 1.38248, "-7.1014-math.sin(q.anim_time*90*1)*5"]
				},
				"bone10": {
					"rotation": [-31.47439, -34.88482, "-0.1672-math.sin(q.anim_time*90*1)*3"],
					"position": [0, "-7-math.sin(q.anim_time*90*1)*0.7", -2]
				},
				"bone12": {
					"rotation": [16.12412, 1.01587, "-4.1852+math.sin(q.anim_time*90*1)*5"]
				},
				"bone13": {
					"rotation": [5.4792, -0.47863, "4.9771-math.sin(q.anim_time*90*1)*2"]
				},
				"bone24": {
					"rotation": [0, 0, "-math.sin(q.anim_time*90*1)*2"]
				},
				"bone26": {
					"rotation": [0, 0, "math.sin(q.anim_time*90*1)*2"]
				},
				"bone20": {
					"rotation": ["0+math.sin(q.anim_time*90*1)*1", 0, "-3+math.sin(q.anim_time*90*1)*2"]
				},
				"bone33": {
					"rotation": [19.89445, 0.76505, 0.32153]
				},
				"bone36": {
					"rotation": [0, 0, -24.75]
				},
				"bone37": {
					"rotation": [2.49403, -3.50203, 0.07821]
				}
			}
		},
		"animation.dialga.pose2": {
			"loop": true,
			"bones": {
				"torso": {
					"rotation": [-15, 0, 0]
				},
				"bone9": {
					"rotation": [0, -10, 0]
				},
				"neck": {
					"rotation": [19.25427, -12.93447, 2.62534]
				},
				"bone2": {
					"rotation": [20, -15, 0]
				},
				"head": {
					"rotation": [-27.5, 0, 0]
				},
				"bone28": {
					"position": [0, -1.5, 1]
				},
				"bone27": {
					"position": [0, -2, 0]
				},
				"jaw": {
					"rotation": [42.5, 0, 0]
				},
				"bone18": {
					"rotation": [-27.946, 47.04453, 1.62565],
					"position": [0, 10, 1]
				},
				"bone19": {
					"rotation": [39.06948, 0.0966, 12.10931]
				},
				"bone20": {
					"rotation": [15, 0, 0]
				},
				"bone10": {
					"rotation": [-82.64293, -37.14903, 18.16731],
					"position": [0, 10, 1]
				},
				"bone12": {
					"rotation": [26.0146, -0.32778, -16.51626]
				},
				"bone13": {
					"rotation": [20, 0, 0]
				},
				"tail": {
					"rotation": [15, 0, 0]
				},
				"tail2": {
					"rotation": [10.80524, -22.13991, -4.11405]
				},
				"tail3": {
					"rotation": [28.06681, -11.06861, -5.84485]
				},
				"tail4": {
					"rotation": [15.91527, -19.291, -5.38152]
				},
				"tail5": {
					"rotation": [18.54835, -19.03771, -6.24605]
				},
				"bone32": {
					"rotation": [25, 0, 0]
				},
				"bone33": {
					"rotation": [37.60555, -3.9649, -3.04868]
				},
				"bone23": {
					"rotation": [0, -2.5, 0]
				},
				"bone36": {
					"rotation": [14.98637, -0.64686, 2.41492]
				},
				"bone37": {
					"rotation": [0, -5, 0]
				}
			}
		},
		"animation.dialga.special": {
			"animation_length": 4.0769,
			"bones": {
				"body": {
					"position": {
						"0.0": [0, 0, 0],
						"1.0769": [0, 0, 0],
						"1.2308": [0, -1, -6],
						"1.3077": [0, -2, -6],
						"1.3846": [0, -1, -6],
						"1.4615": [0, -2, -6],
						"1.5385": [0, -1, -6],
						"1.6154": [0, -2, -6],
						"1.6923": [0, -1, -6],
						"1.7692": [0, -2, -6],
						"1.8462": [0, -1, -6],
						"1.9231": [0, -2, -6],
						"2.0": [0, -1, -6],
						"2.0769": [0, -2, -6],
						"2.1538": [0, -1, -6],
						"2.2308": [0, -2, -6],
						"2.3077": [0, -1, -6],
						"2.3846": [0, -2, -6],
						"2.4615": [0, -1, -6],
						"3.3846": [0, 0, 0],
						"3.6923": {
							"pre": [0, 0, 0],
							"post": [0, 0, 0],
							"lerp_mode": "catmullrom"
						},
						"3.8462": {
							"post": [0, 0, 0],
							"lerp_mode": "catmullrom"
						}
					}
				},
				"torso": {
					"rotation": {
						"0.0": {
							"post": [10, 0, 0],
							"lerp_mode": "catmullrom"
						},
						"0.3077": {
							"post": [13.72, 0, 0],
							"lerp_mode": "catmullrom"
						},
						"0.5385": {
							"post": [5, 0, 0],
							"lerp_mode": "catmullrom"
						},
						"1.0769": [-12.5, 0, 0],
						"1.2308": [15, 0, 0],
						"2.6154": {
							"pre": [15, 0, 0],
							"post": [15, 0, 0],
							"lerp_mode": "catmullrom"
						},
						"3.3846": {
							"post": [3.41, 0, 0],
							"lerp_mode": "catmullrom"
						},
						"3.6923": {
							"post": [10, 0, 0],
							"lerp_mode": "catmullrom"
						},
						"3.8462": {
							"post": [10, 0, 0],
							"lerp_mode": "catmullrom"
						}
					},
					"position": {
						"0.0": {
							"post": [0, -3, 0],
							"lerp_mode": "catmullrom"
						},
						"1.2308": [0, -3, 0],
						"2.6154": {
							"pre": [0, -3, 0],
							"post": [0, -3, 0],
							"lerp_mode": "catmullrom"
						},
						"3.6923": {
							"post": [0, -3, 0],
							"lerp_mode": "catmullrom"
						},
						"3.8462": {
							"post": [0, -3, 0],
							"lerp_mode": "catmullrom"
						}
					}
				},
				"bone9": {
					"rotation": {
						"0.0": {
							"post": [15, 0, 0],
							"lerp_mode": "catmullrom"
						},
						"0.5385": {
							"post": [12.5, 0, 0],
							"lerp_mode": "catmullrom"
						},
						"1.0769": {
							"post": [-10, 0, 0],
							"lerp_mode": "catmullrom"
						},
						"1.2308": {
							"post": [32.5, 0, 0],
							"lerp_mode": "catmullrom"
						},
						"2.6154": {
							"post": [32.5, 0, 0],
							"lerp_mode": "catmullrom"
						},
						"3.0": {
							"post": [22.5, 0, 0],
							"lerp_mode": "catmullrom"
						},
						"3.6154": {
							"post": [15, 0, 0],
							"lerp_mode": "catmullrom"
						},
						"3.8462": {
							"post": [15, 0, 0],
							"lerp_mode": "catmullrom"
						}
					}
				},
				"neck": {
					"rotation": {
						"0.0": {
							"post": [-7.5, 0, 0],
							"lerp_mode": "catmullrom"
						},
						"0.3077": {
							"post": [17.72074, -9.65594, -2.61298],
							"lerp_mode": "catmullrom"
						},
						"0.5385": {
							"post": [13.66734, -13.94903, 4.16808],
							"lerp_mode": "catmullrom"
						},
						"1.0769": {
							"post": [-10, 0, 0],
							"lerp_mode": "catmullrom"
						},
						"1.2308": {
							"post": [-10, 0, 0],
							"lerp_mode": "catmullrom"
						},
						"2.6154": {
							"post": [-10, 0, 0],
							"lerp_mode": "catmullrom"
						},
						"3.0": {
							"post": [8.15, 0, 0],
							"lerp_mode": "catmullrom"
						},
						"3.2308": {
							"post": [14.26, 0, 0],
							"lerp_mode": "catmullrom"
						},
						"3.6923": [-7.5, 0, 0],
						"3.8462": [-7.5, 0, 0]
					}
				},
				"bone2": {
					"rotation": {
						"0.0": {
							"post": [0, 0, 0],
							"lerp_mode": "catmullrom"
						},
						"0.3077": {
							"post": [17.47246, -4.7704, -1.4995],
							"lerp_mode": "catmullrom"
						},
						"0.5385": {
							"post": [14.27974, -20.18636, 7.23119],
							"lerp_mode": "catmullrom"
						},
						"1.0769": {
							"post": [-12.5, 0, 0],
							"lerp_mode": "catmullrom"
						},
						"1.2308": {
							"post": [-5, 0, 0],
							"lerp_mode": "catmullrom"
						},
						"2.6154": {
							"post": [-5, 0, 0],
							"lerp_mode": "catmullrom"
						},
						"3.0": {
							"post": [16.29, 0, 0],
							"lerp_mode": "catmullrom"
						},
						"3.2308": {
							"post": [16.7, 0, 0],
							"lerp_mode": "catmullrom"
						},
						"3.6154": {
							"post": [0, 0, 0],
							"lerp_mode": "catmullrom"
						},
						"3.8462": {
							"post": [0, 0, 0],
							"lerp_mode": "catmullrom"
						}
					}
				},
				"head": {
					"rotation": {
						"0.0": {
							"post": [-20, 0, 0],
							"lerp_mode": "catmullrom"
						},
						"0.3077": {
							"post": [-7.54124, -17.43848, -1.48944],
							"lerp_mode": "catmullrom"
						},
						"0.5385": {
							"post": [-2.5, 0, 0],
							"lerp_mode": "catmullrom"
						},
						"1.0769": {
							"post": [-30, 0, 0],
							"lerp_mode": "catmullrom"
						},
						"1.2308": {
							"post": [-40, 0, 0],
							"lerp_mode": "catmullrom"
						},
						"1.3077": {
							"post": [-45.96, 0, 0],
							"lerp_mode": "catmullrom"
						},
						"1.3846": {
							"post": [-40, 0, 0],
							"lerp_mode": "catmullrom"
						},
						"1.4615": {
							"post": [-45.96, 0, 0],
							"lerp_mode": "catmullrom"
						},
						"1.5385": {
							"post": [-40, 0, 0],
							"lerp_mode": "catmullrom"
						},
						"1.6154": {
							"post": [-45.96, 0, 0],
							"lerp_mode": "catmullrom"
						},
						"1.6923": {
							"post": [-40, 0, 0],
							"lerp_mode": "catmullrom"
						},
						"1.7692": {
							"post": [-45.96, 0, 0],
							"lerp_mode": "catmullrom"
						},
						"1.8462": {
							"post": [-40, 0, 0],
							"lerp_mode": "catmullrom"
						},
						"1.9231": {
							"post": [-45.96, 0, 0],
							"lerp_mode": "catmullrom"
						},
						"2.0": {
							"post": [-40, 0, 0],
							"lerp_mode": "catmullrom"
						},
						"2.0769": {
							"post": [-45.96, 0, 0],
							"lerp_mode": "catmullrom"
						},
						"2.1538": {
							"post": [-40, 0, 0],
							"lerp_mode": "catmullrom"
						},
						"2.2308": {
							"post": [-45.96, 0, 0],
							"lerp_mode": "catmullrom"
						},
						"2.3077": {
							"post": [-40, 0, 0],
							"lerp_mode": "catmullrom"
						},
						"2.3846": {
							"post": [-45.96, 0, 0],
							"lerp_mode": "catmullrom"
						},
						"2.4615": {
							"post": [-40, 0, 0],
							"lerp_mode": "catmullrom"
						},
						"2.5385": {
							"post": [-45.96, 0, 0],
							"lerp_mode": "catmullrom"
						},
						"2.6154": {
							"post": [-40, 0, 0],
							"lerp_mode": "catmullrom"
						},
						"3.1538": {
							"post": [-4.97, 0, 0],
							"lerp_mode": "catmullrom"
						},
						"3.6154": {
							"post": [-20, 0, 0],
							"lerp_mode": "catmullrom"
						},
						"3.6923": {
							"post": [-20, 0, 0],
							"lerp_mode": "catmullrom"
						},
						"3.8462": {
							"post": [-20, 0, 0],
							"lerp_mode": "catmullrom"
						}
					}
				},
				"jaw": {
					"rotation": {
						"0.0": {
							"post": [12.5, 0, 0],
							"lerp_mode": "catmullrom"
						},
						"0.3846": {
							"post": [2.5, 0, 0],
							"lerp_mode": "catmullrom"
						},
						"0.8462": {
							"post": [2.5, 0, 0],
							"lerp_mode": "catmullrom"
						},
						"1.0769": {
							"post": [-3.64, 0, 0],
							"lerp_mode": "catmullrom"
						},
						"1.2308": {
							"post": [53.29, 0, 0],
							"lerp_mode": "catmullrom"
						},
						"2.4615": {
							"post": [55, 0, 0],
							"lerp_mode": "catmullrom"
						},
						"3.2308": {
							"post": [12.5, 0, 0],
							"lerp_mode": "catmullrom"
						}
					}
				},
				"tail": {
					"rotation": {
						"0.0": {
							"post": [-17.5, 0, 0],
							"lerp_mode": "catmullrom"
						},
						"0.5385": {
							"post": [-22.5, 0, 0],
							"lerp_mode": "catmullrom"
						},
						"1.0769": {
							"post": [-17.5, 0, 0],
							"lerp_mode": "catmullrom"
						},
						"2.4615": {
							"post": [-17.5, 0, 0],
							"lerp_mode": "catmullrom"
						},
						"3.2308": {
							"post": [-17.5, 0, 0],
							"lerp_mode": "catmullrom"
						}
					}
				},
				"tail2": {
					"rotation": {
						"0.0": {
							"post": [-5, 0, 0],
							"lerp_mode": "catmullrom"
						},
						"0.5385": {
							"post": [21.25, 0, 0],
							"lerp_mode": "catmullrom"
						},
						"1.0769": {
							"post": [7.5, 0, 0],
							"lerp_mode": "catmullrom"
						},
						"2.4615": {
							"post": [7.5, 0, 0],
							"lerp_mode": "catmullrom"
						},
						"3.2308": {
							"post": [-5, 0, 0],
							"lerp_mode": "catmullrom"
						},
						"3.6923": {
							"post": [-5, 0, 0],
							"lerp_mode": "catmullrom"
						},
						"3.8462": {
							"post": [-5, 0, 0],
							"lerp_mode": "catmullrom"
						}
					}
				},
				"tail3": {
					"rotation": {
						"0.0": {
							"post": [20, 0, 0],
							"lerp_mode": "catmullrom"
						},
						"0.5385": {
							"post": [27.5, 0, 0],
							"lerp_mode": "catmullrom"
						},
						"1.0769": {
							"post": [5, 0, 0],
							"lerp_mode": "catmullrom"
						},
						"2.4615": {
							"post": [5, 0, 0],
							"lerp_mode": "catmullrom"
						},
						"3.2308": {
							"post": [20, 0, 0],
							"lerp_mode": "catmullrom"
						}
					}
				},
				"tail4": {
					"rotation": {
						"0.0": {
							"post": [17.5, 0, 0],
							"lerp_mode": "catmullrom"
						},
						"0.5385": {
							"post": [27.5, 0, 0],
							"lerp_mode": "catmullrom"
						},
						"1.0769": {
							"post": [7.5, 0, 0],
							"lerp_mode": "catmullrom"
						},
						"2.4615": {
							"post": [7.5, 0, 0],
							"lerp_mode": "catmullrom"
						},
						"3.2308": {
							"post": [17.5, 0, 0],
							"lerp_mode": "catmullrom"
						}
					}
				},
				"tail5": {
					"rotation": {
						"0.0": {
							"post": [20, 0, 0],
							"lerp_mode": "catmullrom"
						},
						"0.5385": {
							"post": [38.75, 0, 0],
							"lerp_mode": "catmullrom"
						},
						"1.0769": {
							"post": [7.5, 0, 0],
							"lerp_mode": "catmullrom"
						},
						"2.4615": {
							"post": [7.5, 0, 0],
							"lerp_mode": "catmullrom"
						},
						"3.2308": {
							"post": [20, 0, 0],
							"lerp_mode": "catmullrom"
						}
					}
				},
				"bone32": {
					"rotation": {
						"0.0": {
							"post": [22.5, 0, 0],
							"lerp_mode": "catmullrom"
						},
						"0.5385": {
							"post": [28.75, 0, 0],
							"lerp_mode": "catmullrom"
						},
						"1.0769": {
							"post": [15, 0, 0],
							"lerp_mode": "catmullrom"
						},
						"2.4615": {
							"post": [15, 0, 0],
							"lerp_mode": "catmullrom"
						},
						"3.2308": {
							"post": [22.5, 0, 0],
							"lerp_mode": "catmullrom"
						}
					}
				},
				"bone21": {
					"rotation": {
						"0.0": [5.43752, -7.1976, -14.9182],
						"1.0769": {
							"pre": [5.43752, -7.1976, -14.9182],
							"post": [5.43752, -7.1976, -14.9182],
							"lerp_mode": "catmullrom"
						},
						"1.2308": {
							"post": [12.93752, -7.1976, -14.9182],
							"lerp_mode": "catmullrom"
						},
						"2.4615": {
							"post": [12.93752, -7.1976, -14.9182],
							"lerp_mode": "catmullrom"
						},
						"3.2308": {
							"post": [5.43752, -7.1976, -14.9182],
							"lerp_mode": "catmullrom"
						},
						"3.6923": {
							"post": [5.43752, -7.1976, -14.9182],
							"lerp_mode": "catmullrom"
						},
						"3.8462": {
							"post": [5.43752, -7.1976, -14.9182],
							"lerp_mode": "catmullrom"
						}
					},
					"position": {
						"0.0": [0, -3.5, 0],
						"1.0769": {
							"pre": [0, -3.5, 0],
							"post": [0, -3.5, 0],
							"lerp_mode": "catmullrom"
						},
						"2.4615": {
							"post": [0, -3.5, 0],
							"lerp_mode": "catmullrom"
						},
						"3.2308": {
							"post": [0, -3.5, 0],
							"lerp_mode": "catmullrom"
						},
						"3.6923": {
							"post": [0, -3.5, 0],
							"lerp_mode": "catmullrom"
						},
						"3.8462": {
							"post": [0, -3.5, 0],
							"lerp_mode": "catmullrom"
						}
					}
				},
				"bone23": {
					"rotation": {
						"0.0": [0.6655, 0.12741, 12.4161],
						"1.0769": {
							"pre": [0.6655, 0.12741, 12.4161],
							"post": [0.6655, 0.12741, 12.4161],
							"lerp_mode": "catmullrom"
						},
						"1.2308": {
							"post": [8.1655, 0.12741, 12.4161],
							"lerp_mode": "catmullrom"
						},
						"2.4615": {
							"post": [8.1655, 0.12741, 12.4161],
							"lerp_mode": "catmullrom"
						},
						"3.0769": {
							"post": [0.6655, 0.12741, 12.4161],
							"lerp_mode": "catmullrom"
						},
						"3.2308": {
							"post": [0.6655, 0.12741, 12.4161],
							"lerp_mode": "catmullrom"
						}
					}
				},
				"bone24": {
					"rotation": {
						"0.0": {
							"post": [0, 0, 0],
							"lerp_mode": "catmullrom"
						},
						"1.0769": {
							"post": [0, 0, 0],
							"lerp_mode": "catmullrom"
						},
						"1.2308": [-12.5, 0, 0],
						"2.4615": [-12.5, 0, 0],
						"3.2308": {
							"pre": [0, 0, 0],
							"post": [0, 0, 0],
							"lerp_mode": "catmullrom"
						},
						"3.6923": {
							"post": [0, 0, 0],
							"lerp_mode": "catmullrom"
						},
						"3.8462": {
							"post": [0, 0, 0],
							"lerp_mode": "catmullrom"
						}
					}
				},
				"bone22": {
					"rotation": {
						"0.0": [4.98791, 7.49929, 12.3961],
						"1.0769": {
							"pre": [5.43718, 7.21175, 14.91982],
							"post": [5.43718, 7.21175, 14.91982],
							"lerp_mode": "catmullrom"
						},
						"1.2308": {
							"post": [12.9569, 7.19912, 15.0306],
							"lerp_mode": "catmullrom"
						},
						"2.4615": [12.9569, 7.19912, 15.0306],
						"3.2308": [5.43718, 7.21175, 14.91982],
						"3.6923": [4.98791, 7.49929, 12.3961],
						"3.8462": {
							"pre": [4.98791, 7.49929, 12.3961],
							"post": [4.98791, 7.49929, 12.3961],
							"lerp_mode": "catmullrom"
						}
					},
					"position": {
						"0.0": [0, -3, 0],
						"1.0769": {
							"pre": [0, -3, 0],
							"post": [0, -3, 0],
							"lerp_mode": "catmullrom"
						},
						"2.4615": [0, -3, 0],
						"3.2308": [0, -3, 0],
						"3.6923": [0, -3, 0],
						"3.8462": {
							"pre": [0, -3, 0],
							"post": [0, -3, 0],
							"lerp_mode": "catmullrom"
						}
					}
				},
				"bone25": {
					"rotation": {
						"0.0": [0, 0, -10],
						"1.0769": {
							"pre": [-0.72436, 0.27772, -12.62515],
							"post": [-0.72436, 0.27772, -12.62515],
							"lerp_mode": "catmullrom"
						},
						"1.2308": {
							"post": [-3.50615, 0.28991, -12.74038],
							"lerp_mode": "catmullrom"
						},
						"2.4615": {
							"post": [-3.50615, 0.28991, -12.74038],
							"lerp_mode": "catmullrom"
						},
						"3.2308": {
							"post": [-0.72436, 0.27772, -12.62515],
							"lerp_mode": "catmullrom"
						},
						"3.6923": {
							"post": [0, 0, -10],
							"lerp_mode": "catmullrom"
						},
						"3.8462": {
							"post": [0, 0, -10],
							"lerp_mode": "catmullrom"
						}
					}
				},
				"bone26": {
					"rotation": {
						"0.0": {
							"post": [0, 0, 0],
							"lerp_mode": "catmullrom"
						},
						"1.0769": {
							"post": [0, 0, 0],
							"lerp_mode": "catmullrom"
						},
						"1.2308": [-10, 0, 0],
						"2.4615": [-10, 0, 0],
						"3.2308": {
							"pre": [0, 0, 0],
							"post": [0, 0, 0],
							"lerp_mode": "catmullrom"
						},
						"3.6923": {
							"post": [0, 0, 0],
							"lerp_mode": "catmullrom"
						},
						"3.8462": {
							"post": [0, 0, 0],
							"lerp_mode": "catmullrom"
						}
					}
				},
				"bone18": {
					"rotation": {
						"0.0": [25.5554, 16.31486, 37.3001],
						"0.3077": {
							"pre": [26.3106, 17.09287, 34.15326],
							"post": [26.3106, 17.09287, 34.15326],
							"lerp_mode": "catmullrom"
						},
						"0.5385": {
							"post": [22.44561, 17.61706, 25.32362],
							"lerp_mode": "catmullrom"
						},
						"1.0769": [-13.67546, 3.37428, 21.90613],
						"1.2308": [27.16402, 8.06851, 46.25371],
						"2.6154": [27.16402, 8.06851, 46.25371],
						"3.2308": {
							"pre": [11.75557, 12.37938, 35.89889],
							"post": [11.75557, 12.37938, 35.89889],
							"lerp_mode": "catmullrom"
						},
						"3.4615": {
							"post": [16.95827, 11.33147, 44.71261],
							"lerp_mode": "catmullrom"
						},
						"3.8462": {
							"post": [25.5554, 16.31486, 37.3001],
							"lerp_mode": "catmullrom"
						}
					},
					"position": {
						"0.0": [0, -7, 0],
						"0.5385": {
							"pre": [0, -5, 0],
							"post": [0, -5, 0],
							"lerp_mode": "catmullrom"
						},
						"1.0769": [0, 5.52, 0],
						"1.2308": [0, -10, 0],
						"2.6154": [0, -10, 0],
						"3.2308": [0, -7.5, 0],
						"3.8462": {
							"pre": [0, -7, 0],
							"post": [0, -7, 0],
							"lerp_mode": "catmullrom"
						}
					}
				},
				"bone19": {
					"rotation": {
						"0.0": [-0.90225, 1.38248, -7.1014],
						"0.3077": {
							"pre": [1.24896, 1.11068, -8.72399],
							"post": [1.24896, 1.11068, -8.72399],
							"lerp_mode": "catmullrom"
						},
						"0.5385": {
							"post": [1.83327, 0.29049, -20.817],
							"lerp_mode": "catmullrom"
						},
						"1.0769": [12.50962, 1.99779, -19.16069],
						"1.2308": [1.44869, 1.16823, -35.84531],
						"2.6154": [1.44869, 1.16823, -35.84531],
						"3.2308": [0.59498, 1.10155, -5.47142],
						"3.4615": [12.30654, 0.7005, -16.10444],
						"3.8462": {
							"pre": [-0.90225, 1.38248, -7.1014],
							"post": [-0.90225, 1.38248, -7.1014],
							"lerp_mode": "catmullrom"
						}
					}
				},
				"bone20": {
					"rotation": {
						"0.0": {
							"post": [0, 0, 0],
							"lerp_mode": "catmullrom"
						},
						"0.3077": {
							"post": [-4.56265, -0.39875, -4.98411],
							"lerp_mode": "catmullrom"
						},
						"1.0769": {
							"post": [10, 0, 0],
							"lerp_mode": "catmullrom"
						},
						"1.2308": [0, 0, 2.5],
						"2.6154": [0, 0, 2.5],
						"3.2308": [2.49527, 0.21782, -6.2405],
						"3.4615": [6.1377, 0, -2.17896],
						"3.8462": {
							"pre": [0, 0, 0],
							"post": [0, 0, 0],
							"lerp_mode": "catmullrom"
						}
					}
				},
				"bone10": {
					"rotation": {
						"0.0": [-37.31136, -19.51491, 4.6849],
						"0.3077": {
							"pre": [-54.959, -17.51932, 6.2731],
							"post": [-54.959, -17.51932, 6.2731],
							"lerp_mode": "catmullrom"
						},
						"0.5385": {
							"post": [-44.5045, -19.51491, 4.6849],
							"lerp_mode": "catmullrom"
						},
						"1.0769": [-44.5045, -19.51491, 4.6849],
						"1.2308": [-58.92875, -59.22684, 9.63634],
						"2.6154": [-58.92875, -59.22684, 9.63634],
						"3.2308": {
							"pre": [-36.06136, -19.51491, 4.6849],
							"post": [-36.06136, -19.51491, 4.6849],
							"lerp_mode": "catmullrom"
						},
						"3.6154": {
							"post": [-37.31136, -19.51491, 4.6849],
							"lerp_mode": "catmullrom"
						}
					},
					"position": {
						"0.0": [0, -7, -2],
						"0.3077": {
							"pre": [0, -11.35, -2],
							"post": [0, -11.35, -2],
							"lerp_mode": "catmullrom"
						},
						"0.5385": {
							"post": [0, -4, -2],
							"lerp_mode": "catmullrom"
						},
						"1.0769": [0, 8, -2],
						"1.2308": [0, -12, -2],
						"2.6154": [0, -12, -2],
						"3.0": {
							"pre": [0, -1.91, -2],
							"post": [0, -1.91, -2],
							"lerp_mode": "catmullrom"
						},
						"3.2308": {
							"post": [0, -7, -2],
							"lerp_mode": "catmullrom"
						}
					}
				},
				"bone12": {
					"rotation": {
						"0.0": {
							"post": [17.12412, 1.01587, -4.1852],
							"lerp_mode": "catmullrom"
						},
						"0.3077": {
							"post": [35.78896, 0.04778, -13.77151],
							"lerp_mode": "catmullrom"
						},
						"0.6154": {
							"post": [39.12081, 0.0557, -18.08767],
							"lerp_mode": "catmullrom"
						},
						"0.8462": {
							"post": [33.94305, -0.63643, -15.47742],
							"lerp_mode": "catmullrom"
						},
						"1.0769": {
							"post": [41.61966, -0.31262, -16.37057],
							"lerp_mode": "catmullrom"
						},
						"1.2308": {
							"post": [28.17161, 1.55601, -10.67852],
							"lerp_mode": "catmullrom"
						},
						"1.9231": {
							"post": [30.82067, 2.29515, -10.12717],
							"lerp_mode": "catmullrom"
						},
						"2.6154": {
							"post": [28.17161, 1.55601, -10.67852],
							"lerp_mode": "catmullrom"
						},
						"3.0769": {
							"post": [16.12412, 1.01587, -4.1852],
							"lerp_mode": "catmullrom"
						},
						"3.2308": {
							"post": [21.12412, 1.01587, -4.1852],
							"lerp_mode": "catmullrom"
						},
						"3.6154": {
							"post": [17.12412, 1.01587, -4.1852],
							"lerp_mode": "catmullrom"
						}
					}
				},
				"bone13": {
					"rotation": {
						"0.0": {
							"post": [5.5, 0, 0],
							"lerp_mode": "catmullrom"
						},
						"0.3077": [-1.43942, 0.69405, 9.97613],
						"0.8462": [10, 0, 0],
						"1.0769": [0, 0, 0],
						"1.2308": [7.5, 0, 0],
						"2.6154": [7.5, 0, 0],
						"3.2308": [-6, 0, 0],
						"3.6923": {
							"pre": [5.5, 0, 0],
							"post": [5.5, 0, 0],
							"lerp_mode": "catmullrom"
						},
						"3.8462": {
							"post": [5.5, 0, 0],
							"lerp_mode": "catmullrom"
						}
					}
				},
				"dialga": {
					"position": [0, 0, 0]
				},
				"sun_dial": {
					"scale": {
						"0.0": [1, 1, 1],
						"1.2308": [1, 1, 1],
						"1.3077": [1.2, 1.1, 1],
						"2.6923": [1.2, 1.1, 1],
						"2.7692": [1, 1, 1]
					}
				},
				"bone35": {
					"scale": {
						"0.0": [1, 1, 1],
						"1.2308": [1, 1, 1],
						"1.3077": [1, 1.2, 1],
						"2.6923": [1, 1.2, 1],
						"2.7692": [1, 1, 1]
					}
				},
				"bone30": {
					"scale": {
						"0.0": [1, 1, 1],
						"1.2308": [1, 1, 1],
						"1.3077": [1, 1.2, 1],
						"2.6923": [1, 1.2, 1],
						"2.7692": [1, 1, 1]
					}
				},
				"bone17": {
					"scale": {
						"0.0": [1, 1, 1],
						"1.2308": [1, 1, 1],
						"1.3077": [1, 1.2, 1],
						"2.6923": [1, 1.2, 1],
						"2.7692": [1, 1, 1]
					}
				},
				"bone29": {
					"scale": {
						"0.0": [1, 1, 1],
						"1.2308": [1, 1, 1],
						"1.3077": [1, 1.2, 1],
						"2.6923": [1, 1.2, 1],
						"2.7692": [1, 1, 1]
					}
				},
				"bone15": {
					"scale": {
						"0.0": [1, 1, 1],
						"1.2308": [1, 1, 1],
						"1.3077": [1, 1.2, 1],
						"2.6923": [1, 1.2, 1],
						"2.7692": [1, 1, 1]
					}
				},
				"bone36": {
					"rotation": {
						"0.0": [0, 0, -24.75],
						"0.3077": [0, 0, -17.5],
						"0.5385": [0, 0, 5],
						"1.0769": [10.03742, 4.92385, 5.87038],
						"1.2308": [0.93692, 7.3454, -9.01975],
						"2.6154": [0.93692, 7.3454, -9.01975],
						"3.2308": {
							"pre": [2.75073, 3.14246, -20.78422],
							"post": [2.75073, 3.14246, -20.78422],
							"lerp_mode": "catmullrom"
						},
						"3.6923": {
							"post": [0, 0, -24.75],
							"lerp_mode": "catmullrom"
						},
						"3.8462": {
							"post": [0, 0, -24.75],
							"lerp_mode": "catmullrom"
						}
					}
				},
				"bone33": {
					"rotation": {
						"0.0": [19.89445, 0.76505, 0.32153],
						"0.3077": [25, 0, 0],
						"0.6154": [33.27838, -2.20731, -1.8155],
						"0.8462": [39.48717, -3.8628, -3.17712],
						"1.0769": [35.36427, -2.54724, -5.0469],
						"1.2308": [32.5, 0, 0],
						"2.6154": [32.5, 0, 0],
						"3.6923": {
							"pre": [19.89445, 0.76505, 0.32153],
							"post": [19.89445, 0.76505, 0.32153],
							"lerp_mode": "catmullrom"
						},
						"3.8462": {
							"post": [19.89445, 0.76505, 0.32153],
							"lerp_mode": "catmullrom"
						}
					}
				},
				"bone37": {
					"rotation": {
						"0.0": [0, 0, 0],
						"1.2308": [2.5, 0, 0],
						"3.6923": {
							"pre": [0, 0, 0],
							"post": [0, 0, 0],
							"lerp_mode": "catmullrom"
						},
						"3.8462": {
							"post": [0, 0, 0],
							"lerp_mode": "catmullrom"
						}
					}
				},
				"bone38": {
					"rotation": {
						"0.0": [0, 0, 0],
						"1.0769": [0, 0, 0],
						"1.2308": [11.25, 0, 0],
						"2.4615": [11.25, 0, 0],
						"3.6923": {
							"pre": [0, 0, 0],
							"post": [0, 0, 0],
							"lerp_mode": "catmullrom"
						},
						"3.8462": {
							"post": [0, 0, 0],
							"lerp_mode": "catmullrom"
						}
					}
				}
			}
		},
		"animation.dialga.physical": {
			"animation_length": 3.2727,
			"bones": {
				"body": {
					"position": {
						"0.0": [0, 0, 0],
						"0.2273": [0, 0, 0],
						"0.7727": [0, 0, 4],
						"0.9091": [0, 0, -9.25],
						"0.9545": [0, 0, -9.25],
						"1.0": [0, -2, -9.25],
						"1.0455": [0, 0, -9.25],
						"1.0909": [0, -2, -9.25],
						"1.1364": [0, 0, -9.25],
						"1.1818": [0, -2, -9.25],
						"1.2273": [0, 0, -9.25],
						"1.2727": [0, -2, -9.25],
						"1.4545": [0, 0, -9.25],
						"1.8636": [0, 0, -7],
						"1.9091": [0, -2, -6.75],
						"1.9545": [0, 0, -6.5],
						"2.0": [0, 0, -6.25],
						"2.0455": [0, 0, -6.07],
						"2.0909": [0, -1.5, -5.9],
						"2.1364": [0, -1, -5.56],
						"2.1818": [0, 0, -5.22],
						"2.5909": {
							"pre": [0, 0, 0],
							"post": [0, 0, 0],
							"lerp_mode": "catmullrom"
						},
						"2.6364": {
							"post": [0, -2, 0.33],
							"lerp_mode": "catmullrom"
						},
						"2.6818": {
							"post": [0, 0, 0.29],
							"lerp_mode": "catmullrom"
						},
						"3.0": {
							"post": [0, 0, 0],
							"lerp_mode": "catmullrom"
						}
					}
				},
				"torso": {
					"rotation": {
						"0.0": {
							"post": [10, 0, 0],
							"lerp_mode": "catmullrom"
						},
						"0.2273": {
							"post": [15, 0, 0],
							"lerp_mode": "catmullrom"
						},
						"0.7727": [-14.8941, -7.40941, -8.38085],
						"0.9091": {
							"pre": [8.56095, 8.87946, 1.45406],
							"post": [8.56095, 8.87946, 1.45406],
							"lerp_mode": "catmullrom"
						},
						"1.4545": {
							"post": [8.56095, 8.87946, 1.45406],
							"lerp_mode": "catmullrom"
						},
						"2.5909": {
							"post": [10, 0, 0],
							"lerp_mode": "catmullrom"
						},
						"3.0": {
							"post": [10, 0, 0],
							"lerp_mode": "catmullrom"
						}
					},
					"position": {
						"0.0": {
							"post": [0, -3, 0],
							"lerp_mode": "catmullrom"
						},
						"0.2273": {
							"post": [0, -6.5, 0],
							"lerp_mode": "catmullrom"
						},
						"0.7727": [0, -1, 0],
						"0.9091": {
							"pre": [0, -8, 0],
							"post": [0, -8, 0],
							"lerp_mode": "catmullrom"
						},
						"1.0": {
							"post": [0, -11.48, -0.06],
							"lerp_mode": "catmullrom"
						},
						"1.4545": {
							"post": [0, -8, 0],
							"lerp_mode": "catmullrom"
						},
						"2.0": {
							"post": [0, -8, 3],
							"lerp_mode": "catmullrom"
						},
						"2.5909": {
							"post": [0, -3, 0],
							"lerp_mode": "catmullrom"
						},
						"3.0": {
							"post": [0, -3, 0],
							"lerp_mode": "catmullrom"
						}
					}
				},
				"bone9": {
					"rotation": {
						"0.0": {
							"post": [15, 0, 0],
							"lerp_mode": "catmullrom"
						},
						"0.2273": {
							"post": [29.78, 0, 0],
							"lerp_mode": "catmullrom"
						},
						"0.7727": [25, 0, 0],
						"0.9091": {
							"pre": [32.5, 0, 0],
							"post": [32.5, 0, 0],
							"lerp_mode": "catmullrom"
						},
						"1.4545": {
							"post": [32.5, 0, 0],
							"lerp_mode": "catmullrom"
						},
						"1.8182": {
							"post": [37.59, 0, 0],
							"lerp_mode": "catmullrom"
						},
						"2.5909": {
							"post": [15, 0, 0],
							"lerp_mode": "catmullrom"
						},
						"3.0": {
							"post": [15, 0, 0],
							"lerp_mode": "catmullrom"
						}
					}
				},
				"neck": {
					"rotation": {
						"0.0": {
							"post": [-7.5, 0, 0],
							"lerp_mode": "catmullrom"
						},
						"0.3636": {
							"post": [25.43, 0, 0],
							"lerp_mode": "catmullrom"
						},
						"0.7727": [20, 0, 0],
						"0.8182": [-8.07, 0, 0],
						"0.9091": {
							"pre": [25, 0, 0],
							"post": [25, 0, 0],
							"lerp_mode": "catmullrom"
						},
						"1.4545": {
							"post": [25, 0, 0],
							"lerp_mode": "catmullrom"
						},
						"2.5909": {
							"post": [-7.5, 0, 0],
							"lerp_mode": "catmullrom"
						},
						"3.0": {
							"post": [-7.5, 0, 0],
							"lerp_mode": "catmullrom"
						}
					}
				},
				"bone2": {
					"rotation": {
						"0.0": {
							"post": [0, 0, 0],
							"lerp_mode": "catmullrom"
						},
						"0.3636": {
							"post": [21.19326, 3.47446, -5.79076],
							"lerp_mode": "catmullrom"
						},
						"0.7727": [17.5, 7.5, -12.5],
						"0.8182": [-3.91728, 7.69323, -12.82204],
						"0.9091": {
							"pre": [7.5, 7.5, -12.5],
							"post": [7.5, 7.5, -12.5],
							"lerp_mode": "catmullrom"
						},
						"1.4545": {
							"post": [7.5, 7.5, -12.5],
							"lerp_mode": "catmullrom"
						},
						"1.6364": {
							"post": [21.64272, 6.64272, -11.0712],
							"lerp_mode": "catmullrom"
						},
						"2.5909": {
							"post": [0, 0, 0],
							"lerp_mode": "catmullrom"
						},
						"3.0": {
							"post": [0, 0, 0],
							"lerp_mode": "catmullrom"
						}
					}
				},
				"head": {
					"rotation": {
						"0.0": {
							"post": [-20, 0, 0],
							"lerp_mode": "catmullrom"
						},
						"0.2273": {
							"post": [-13.05018, 3.97653, 0.35351],
							"lerp_mode": "catmullrom"
						},
						"0.7727": {
							"post": [-37.37924, 12.45167, 1.10693],
							"lerp_mode": "catmullrom"
						},
						"0.9091": {
							"post": [-37.37924, 12.45167, 1.10693],
							"lerp_mode": "catmullrom"
						},
						"1.4545": {
							"post": [-37.37924, 12.45167, 1.10693],
							"lerp_mode": "catmullrom"
						},
						"1.8182": {
							"post": [-17.89272, 11.02839, 0.9804],
							"lerp_mode": "catmullrom"
						},
						"2.5909": {
							"post": [-20, 0, 0],
							"lerp_mode": "catmullrom"
						},
						"3.0": {
							"post": [-20, 0, 0],
							"lerp_mode": "catmullrom"
						}
					},
					"position": [0, 0, 0]
				},
				"jaw": {
					"rotation": {
						"0.0": [12.5, 0, 0],
						"0.7727": [40, 0, 0],
						"0.9091": [0, 0, 0],
						"1.4545": [0, 0, 0],
						"2.5909": {
							"pre": [12.5, 0, 0],
							"post": [12.5, 0, 0],
							"lerp_mode": "catmullrom"
						},
						"3.0": {
							"post": [12.5, 0, 0],
							"lerp_mode": "catmullrom"
						}
					}
				},
				"tail": {
					"rotation": {
						"0.0": {
							"post": [-17.5, 0, 0],
							"lerp_mode": "catmullrom"
						},
						"0.2273": {
							"post": [0, 0, 0],
							"lerp_mode": "catmullrom"
						},
						"0.7727": {
							"post": [28.94, 0, 0],
							"lerp_mode": "catmullrom"
						},
						"0.9091": {
							"post": [-18.1, 0, 0],
							"lerp_mode": "catmullrom"
						},
						"2.5909": {
							"post": [-17.5, 0, 0],
							"lerp_mode": "catmullrom"
						},
						"3.0": {
							"post": [-17.5, 0, 0],
							"lerp_mode": "catmullrom"
						}
					}
				},
				"tail2": {
					"rotation": {
						"0.0": {
							"post": [-5, 0, 0],
							"lerp_mode": "catmullrom"
						},
						"0.7727": {
							"post": [17.5, 0, 0],
							"lerp_mode": "catmullrom"
						},
						"0.9091": {
							"post": [6.26, 0, 0],
							"lerp_mode": "catmullrom"
						},
						"1.1818": {
							"post": [-14.54, 0, 0],
							"lerp_mode": "catmullrom"
						},
						"1.5": {
							"post": [-4.92, 0, 0],
							"lerp_mode": "catmullrom"
						},
						"2.5909": {
							"post": [-5, 0, 0],
							"lerp_mode": "catmullrom"
						},
						"3.0": {
							"post": [-5, 0, 0],
							"lerp_mode": "catmullrom"
						}
					}
				},
				"tail3": {
					"rotation": {
						"0.0": {
							"post": [20, 0, 0],
							"lerp_mode": "catmullrom"
						},
						"0.7727": {
							"post": [30, 0, 0],
							"lerp_mode": "catmullrom"
						},
						"0.9091": {
							"post": [28.88, 0, 0],
							"lerp_mode": "catmullrom"
						},
						"1.1818": {
							"post": [-14.72, 0, 0],
							"lerp_mode": "catmullrom"
						},
						"2.5909": {
							"post": [20, 0, 0],
							"lerp_mode": "catmullrom"
						},
						"3.0": {
							"post": [20, 0, 0],
							"lerp_mode": "catmullrom"
						}
					}
				},
				"tail4": {
					"rotation": {
						"0.0": {
							"post": [17.5, 0, 0],
							"lerp_mode": "catmullrom"
						},
						"0.7727": {
							"post": [27.5, 0, 0],
							"lerp_mode": "catmullrom"
						},
						"0.9091": {
							"post": [37.79, 0, 0],
							"lerp_mode": "catmullrom"
						},
						"1.1818": {
							"post": [8.52, 0, 0],
							"lerp_mode": "catmullrom"
						},
						"1.3636": {
							"post": [-7.13, 0, 0],
							"lerp_mode": "catmullrom"
						},
						"2.5909": {
							"post": [17.5, 0, 0],
							"lerp_mode": "catmullrom"
						},
						"3.0": {
							"post": [17.5, 0, 0],
							"lerp_mode": "catmullrom"
						}
					}
				},
				"tail5": {
					"rotation": {
						"0.0": {
							"post": [20, 0, 0],
							"lerp_mode": "catmullrom"
						},
						"0.7727": {
							"post": [30, 0, 0],
							"lerp_mode": "catmullrom"
						},
						"0.9091": {
							"post": [17.73, 0, 0],
							"lerp_mode": "catmullrom"
						},
						"1.3636": {
							"post": [-10.14, 0, 0],
							"lerp_mode": "catmullrom"
						},
						"2.5909": {
							"post": [20, 0, 0],
							"lerp_mode": "catmullrom"
						},
						"3.0": {
							"post": [20, 0, 0],
							"lerp_mode": "catmullrom"
						}
					}
				},
				"bone32": {
					"rotation": {
						"0.0": {
							"post": [22.5, 0, 0],
							"lerp_mode": "catmullrom"
						},
						"0.7727": {
							"post": [35, 0, 0],
							"lerp_mode": "catmullrom"
						},
						"0.9091": {
							"post": [31.54, 0, 0],
							"lerp_mode": "catmullrom"
						},
						"2.5909": {
							"post": [22.5, 0, 0],
							"lerp_mode": "catmullrom"
						},
						"3.0": {
							"post": [22.5, 0, 0],
							"lerp_mode": "catmullrom"
						}
					}
				},
				"bone21": {
					"rotation": {
						"0.0": {
							"post": [5.43752, -7.1976, -14.9182],
							"lerp_mode": "catmullrom"
						},
						"0.2273": {
							"post": [6.70273, -6.29222, -22.47002],
							"lerp_mode": "catmullrom"
						},
						"0.7727": {
							"post": [2.43752, -7.1976, -14.9182],
							"lerp_mode": "catmullrom"
						},
						"0.8636": {
							"post": [-17.35885, -7.36531, -16.06042],
							"lerp_mode": "catmullrom"
						},
						"0.9091": {
							"post": [-19.11449, -7.56655, -17.43108],
							"lerp_mode": "catmullrom"
						},
						"1.4545": {
							"post": [-19.11449, -7.56655, -17.43108],
							"lerp_mode": "catmullrom"
						},
						"1.8636": {
							"post": [10.88551, -7.56655, -17.43108],
							"lerp_mode": "catmullrom"
						},
						"2.5909": {
							"post": [5.43752, -7.1976, -14.9182],
							"lerp_mode": "catmullrom"
						},
						"3.0": {
							"post": [5.43752, -7.1976, -14.9182],
							"lerp_mode": "catmullrom"
						}
					},
					"position": {
						"0.0": {
							"post": [0, -3.5, 0],
							"lerp_mode": "catmullrom"
						},
						"0.2273": {
							"post": [0, -5.5, 0],
							"lerp_mode": "catmullrom"
						},
						"0.5909": {
							"post": [0, -0.5, 1.33],
							"lerp_mode": "catmullrom"
						},
						"0.7727": {
							"post": [0, -3.5, 2],
							"lerp_mode": "catmullrom"
						},
						"0.8636": {
							"post": [0, -2.77, 0.64],
							"lerp_mode": "catmullrom"
						},
						"0.9091": {
							"post": [0, -8.5, -1],
							"lerp_mode": "catmullrom"
						},
						"1.4545": {
							"post": [0, -8.5, -1],
							"lerp_mode": "catmullrom"
						},
						"1.8636": {
							"post": [0, -4.5, -1],
							"lerp_mode": "catmullrom"
						},
						"2.5909": {
							"post": [0, -3.5, 0],
							"lerp_mode": "catmullrom"
						},
						"3.0": {
							"post": [0, -3.5, 0],
							"lerp_mode": "catmullrom"
						}
					}
				},
				"bone23": {
					"rotation": {
						"0.0": [0.6655, 0.12741, 12.4161],
						"0.2273": [0.6655, 0.12741, 12.4161],
						"0.7727": [1.45393, -7.26105, 6.91717],
						"0.9091": [21.38963, -6.18348, 7.06332],
						"1.4545": [21.38963, -6.18348, 7.06332],
						"1.7273": [26.88963, -6.18348, 7.06332],
						"1.8636": [1.14162, -5.69803, 7.47508],
						"2.5909": {
							"pre": [0.6655, 0.12741, 12.4161],
							"post": [0.6655, 0.12741, 12.4161],
							"lerp_mode": "catmullrom"
						},
						"3.0": {
							"post": [0.6655, 0.12741, 12.4161],
							"lerp_mode": "catmullrom"
						}
					}
				},
				"bone24": {
					"rotation": {
						"0.0": [0, 0, 0],
						"0.9091": [0, 0, 6.69],
						"1.4545": [0, 0, 6.69],
						"1.7273": [-28.5, 0, 6.69],
						"1.8636": [-12.75, 0, 6.69],
						"2.0455": [-7.5, 0, 6.69],
						"2.5909": {
							"pre": [0, 0, 0],
							"post": [0, 0, 0],
							"lerp_mode": "catmullrom"
						},
						"3.0": {
							"post": [0, 0, 0],
							"lerp_mode": "catmullrom"
						}
					}
				},
				"bone22": {
					"rotation": {
						"0.0": {
							"post": [4.98791, 7.49929, 12.3961],
							"lerp_mode": "catmullrom"
						},
						"0.2273": {
							"post": [6.89662, 6.05857, 23.71533],
							"lerp_mode": "catmullrom"
						},
						"0.7727": {
							"post": [-2.18987, 7.68101, 14.16621],
							"lerp_mode": "catmullrom"
						},
						"0.9091": {
							"post": [20.49223, 20.93026, 20.30704],
							"lerp_mode": "catmullrom"
						},
						"1.4545": {
							"post": [20.49223, 20.93026, 20.30704],
							"lerp_mode": "catmullrom"
						},
						"2.0": {
							"post": [7.96682, 20.61188, 20.22601],
							"lerp_mode": "catmullrom"
						},
						"2.5909": {
							"post": [4.98791, 7.49929, 12.3961],
							"lerp_mode": "catmullrom"
						},
						"3.0": {
							"post": [4.98791, 7.49929, 12.3961],
							"lerp_mode": "catmullrom"
						}
					},
					"position": {
						"0.0": {
							"post": [0, -3, 0],
							"lerp_mode": "catmullrom"
						},
						"0.2273": {
							"post": [0, -6, 0],
							"lerp_mode": "catmullrom"
						},
						"0.7727": {
							"post": [0, -5, -3],
							"lerp_mode": "catmullrom"
						},
						"0.9091": {
							"post": [0, -5, 1],
							"lerp_mode": "catmullrom"
						},
						"1.4545": {
							"post": [0, -5, 1],
							"lerp_mode": "catmullrom"
						},
						"2.0": {
							"post": [0, -5, 3],
							"lerp_mode": "catmullrom"
						},
						"2.5909": {
							"post": [0, -3, 0],
							"lerp_mode": "catmullrom"
						},
						"3.0": {
							"post": [0, -3, 0],
							"lerp_mode": "catmullrom"
						}
					}
				},
				"bone25": {
					"rotation": {
						"0.0": [0, 0, -10],
						"0.2273": [0, 0, -7.5],
						"0.7727": [12.29711, -2.2605, 0.25645],
						"0.9091": [5.76251, 0.88238, -3.23001],
						"1.4545": [5.76251, 0.88238, -3.23001],
						"2.0": [6.25, 0, -10],
						"2.5909": {
							"pre": [0, 0, -10],
							"post": [0, 0, -10],
							"lerp_mode": "catmullrom"
						},
						"3.0": {
							"post": [0, 0, -10],
							"lerp_mode": "catmullrom"
						}
					}
				},
				"bone26": {
					"rotation": {
						"0.0": [0, 0, 0],
						"0.2273": [0, 0, -3.5],
						"0.7727": [-6.335, 0.16655, -4.75163],
						"0.9091": [-6.05465, -0.52871, -8.54964],
						"1.4545": [-6.05465, -0.52871, -8.54964],
						"2.0": [1.42239, 0, -3.57761],
						"2.5909": {
							"pre": [0, 0, 0],
							"post": [0, 0, 0],
							"lerp_mode": "catmullrom"
						},
						"3.0": {
							"post": [0, 0, 0],
							"lerp_mode": "catmullrom"
						}
					}
				},
				"bone18": {
					"rotation": {
						"0.0": {
							"post": [25.5554, 16.31486, 37.3001],
							"lerp_mode": "catmullrom"
						},
						"0.2273": {
							"post": [27.70266, 5.76375, 50.72369],
							"lerp_mode": "catmullrom"
						},
						"0.7727": [-24.84011, 17.22007, 11.23209],
						"0.9091": {
							"pre": [20.78366, 13.48832, 45.79658],
							"post": [20.78366, 13.48832, 45.79658],
							"lerp_mode": "catmullrom"
						},
						"1.0": {
							"post": [25.20607, 10.06111, 55.29709],
							"lerp_mode": "catmullrom"
						},
						"1.4545": {
							"post": [20.78366, 13.48832, 45.79658],
							"lerp_mode": "catmullrom"
						},
						"1.7273": {
							"post": [20.48277, 11.43392, 50.62436],
							"lerp_mode": "catmullrom"
						},
						"2.5909": {
							"post": [25.5554, 16.31486, 37.3001],
							"lerp_mode": "catmullrom"
						},
						"3.0": {
							"post": [25.5554, 16.31486, 37.3001],
							"lerp_mode": "catmullrom"
						}
					},
					"position": {
						"0.0": {
							"post": [0, -7, 0],
							"lerp_mode": "catmullrom"
						},
						"0.2273": {
							"post": [0, -13, 0],
							"lerp_mode": "catmullrom"
						},
						"0.7727": [2, 9, 0],
						"0.9091": {
							"pre": [-8, -13, 6],
							"post": [-8, -13, 6],
							"lerp_mode": "catmullrom"
						},
						"1.0": {
							"post": [-8.81, -15.34, 6.5],
							"lerp_mode": "catmullrom"
						},
						"1.4545": {
							"post": [-8, -13, 6],
							"lerp_mode": "catmullrom"
						},
						"1.7273": {
							"post": [-6.5, -13, 6.75],
							"lerp_mode": "catmullrom"
						},
						"2.3182": {
							"post": [-1.92, -6.44, 1.44],
							"lerp_mode": "catmullrom"
						},
						"2.5909": {
							"post": [0, -7, 0],
							"lerp_mode": "catmullrom"
						},
						"3.0": {
							"post": [0, -7, 0],
							"lerp_mode": "catmullrom"
						}
					}
				},
				"bone19": {
					"rotation": {
						"0.0": [-0.90225, 1.38248, -7.1014],
						"0.2273": [1.91842, 0.4782, -31.62703],
						"0.7727": [14.50061, 11.12969, -8.66182],
						"0.9091": [16.46416, -1.34235, -12.86543],
						"1.4545": [16.46416, -1.34235, -12.86543],
						"1.7273": [9.66722, -1.62371, -5.72009],
						"1.8636": [9.89798, -2.5523, 1.52087],
						"2.1364": [5.57351, -2.07432, 8.24154],
						"2.3182": [17.9832, -0.6916, 2.10436],
						"2.5909": [-0.90225, 1.38248, -7.1014],
						"3.0": {
							"pre": [-0.90225, 1.38248, -7.1014],
							"post": [-0.90225, 1.38248, -7.1014],
							"lerp_mode": "catmullrom"
						}
					}
				},
				"bone20": {
					"rotation": {
						"0.0": [0, 0, 0],
						"0.2273": [-6.24, 0, 0],
						"0.7727": [5, 0, 0],
						"0.9091": [-18.98836, -0.42591, -3.94509],
						"1.4545": [-18.98836, -0.42591, -3.94509],
						"1.7273": [-11.81511, 0.06167, -3.09152],
						"1.9091": [-11.68098, -3.38701, -17.20732],
						"2.1364": [-6.82562, -3.3496, -20.68983],
						"2.5909": [0, 0, 0],
						"3.0": {
							"pre": [0, 0, 0],
							"post": [0, 0, 0],
							"lerp_mode": "catmullrom"
						}
					}
				},
				"bone10": {
					"rotation": {
						"0.0": {
							"post": [-38.56136, -19.51491, 4.6849],
							"lerp_mode": "catmullrom"
						},
						"0.2273": {
							"post": [-57.0045, -19.51491, 4.6849],
							"lerp_mode": "catmullrom"
						},
						"0.7727": [-75.75646, -49.69344, -27.87436],
						"0.9091": {
							"pre": [-56.52132, 5.26731, 13.8453],
							"post": [-56.52132, 5.26731, 13.8453],
							"lerp_mode": "catmullrom"
						},
						"1.0": {
							"post": [-72.33608, 9.16491, 16.58035],
							"lerp_mode": "catmullrom"
						},
						"1.4545": {
							"post": [-56.52132, 5.26731, 13.8453],
							"lerp_mode": "catmullrom"
						},
						"1.7273": {
							"post": [-52.62565, -1.81967, 19.37939],
							"lerp_mode": "catmullrom"
						},
						"1.9091": {
							"post": [-47.42427, -16.79413, 6.15298],
							"lerp_mode": "catmullrom"
						},
						"2.0909": {
							"post": [-32.31136, -19.51491, 4.6849],
							"lerp_mode": "catmullrom"
						},
						"2.5909": {
							"post": [-38.56136, -19.51491, 4.6849],
							"lerp_mode": "catmullrom"
						},
						"3.0": {
							"post": [-38.56136, -19.51491, 4.6849],
							"lerp_mode": "catmullrom"
						}
					},
					"position": {
						"0.0": {
							"post": [0, -7, -2],
							"lerp_mode": "catmullrom"
						},
						"0.2273": {
							"post": [0, -13, -2],
							"lerp_mode": "catmullrom"
						},
						"0.7727": [5, 14, 1],
						"0.9091": {
							"pre": [-4, -10, -4],
							"post": [-4, -10, -4],
							"lerp_mode": "catmullrom"
						},
						"1.0": {
							"post": [-4.61, -15.64, -4.34],
							"lerp_mode": "catmullrom"
						},
						"1.4545": {
							"post": [-4, -10, -4],
							"lerp_mode": "catmullrom"
						},
						"1.7273": {
							"post": [-4, -10, -4],
							"lerp_mode": "catmullrom"
						},
						"1.9091": {
							"post": [-1.74, -5.3, -2.87],
							"lerp_mode": "catmullrom"
						},
						"2.0909": {
							"post": [0, -7, -2],
							"lerp_mode": "catmullrom"
						},
						"2.5909": {
							"post": [0, -7, -2],
							"lerp_mode": "catmullrom"
						},
						"3.0": {
							"post": [0, -7, -2],
							"lerp_mode": "catmullrom"
						}
					}
				},
				"bone12": {
					"rotation": {
						"0.0": [18.12412, 1.01587, -4.1852],
						"0.2273": [41.56151, 0.97231, -8.9938],
						"0.7727": [21.32664, -9.46794, -16.30937],
						"0.9091": [30.90117, -3.04438, -12.41262],
						"1.0": [45.81785, -0.0839, -9.36188],
						"1.4545": [30.85393, -0.46943, -10.87241],
						"1.7273": [23.48642, -0.74946, -7.76234],
						"1.9091": [39.43646, -0.37781, -7.00926],
						"2.0909": [20.71984, -0.00616, -6.25618],
						"2.5909": [18.12412, 1.01587, -4.1852],
						"3.0": {
							"pre": [18.12412, 1.01587, -4.1852],
							"post": [18.12412, 1.01587, -4.1852],
							"lerp_mode": "catmullrom"
						}
					}
				},
				"bone13": {
					"rotation": {
						"0.0": [4.5, 0, 0],
						"0.2273": [-3.79586, -1.60154, 6.81626],
						"0.7727": [7.5, 0, 0],
						"0.9091": [5, 0, 0],
						"1.4545": {
							"pre": [5, 0, 0],
							"post": [5, 0, 0],
							"lerp_mode": "catmullrom"
						},
						"1.7273": {
							"post": [14.34418, 2.14882, -7.70884],
							"lerp_mode": "catmullrom"
						},
						"2.0909": [-9.5, 0, 0],
						"2.5909": [4.5, 0, 0],
						"3.0": {
							"pre": [4.5, 0, 0],
							"post": [4.5, 0, 0],
							"lerp_mode": "catmullrom"
						}
					}
				},
				"bone36": {
					"rotation": {
						"0.0": [0, 0, -24.75],
						"0.2273": [0, 0, -17.5],
						"0.9091": [11.68365, 4.75935, -23.92217],
						"1.0": [10.39749, 7.16249, -36.25688],
						"1.4545": [11.68365, 4.75935, -23.92217],
						"1.7273": [8.51254, 5.64317, -35.61264],
						"2.5909": {
							"pre": [0, 0, -24.75],
							"post": [0, 0, -24.75],
							"lerp_mode": "catmullrom"
						},
						"3.0": {
							"post": [0, 0, -24.75],
							"lerp_mode": "catmullrom"
						}
					}
				},
				"bone33": {
					"rotation": {
						"0.0": [19.89445, 0.76505, 0.32153],
						"0.2273": [23.59, -2.29131, -1.00021],
						"0.9091": [20, 0, 0],
						"1.0": [22.5, 0, 0],
						"1.4545": [20, 0, 0],
						"1.7727": [14.97705, 0.16632, 0.0699],
						"1.9091": [25.79662, 0.2661, 0.11183],
						"2.0909": [24.89445, 0.76505, 0.32153],
						"2.5909": {
							"pre": [19.89445, 0.76505, 0.32153],
							"post": [19.89445, 0.76505, 0.32153],
							"lerp_mode": "catmullrom"
						},
						"3.0": {
							"post": [19.89445, 0.76505, 0.32153],
							"lerp_mode": "catmullrom"
						}
					}
				},
				"bone37": {
					"rotation": {
						"0.0": [0, 0, 0],
						"0.2273": [0, 0, 10],
						"0.5909": [10, 0, 8.37174],
						"0.7727": [2.49993, 0.26036, 3.37852],
						"0.8636": [11.3636, 0.14201, 3.95646],
						"0.9091": [0, 0, 4.65],
						"1.4545": [0, 0, 4.65],
						"1.7273": [13.21429, 0, 4.65],
						"1.8636": [10, 0, 4.65],
						"2.5909": {
							"pre": [0, 0, 0],
							"post": [0, 0, 0],
							"lerp_mode": "catmullrom"
						},
						"3.0": {
							"post": [0, 0, 0],
							"lerp_mode": "catmullrom"
						}
					}
				},
				"bone38": {
					"rotation": {
						"0.0": [0, 0, 0],
						"0.2273": [0, 0, -12.5],
						"0.9091": [0, 0, -5.41],
						"1.4545": [0, 0, -5.41],
						"2.0": [0, 0, -2.91],
						"2.5909": {
							"pre": [0, 0, 0],
							"post": [0, 0, 0],
							"lerp_mode": "catmullrom"
						},
						"3.0": {
							"post": [0, 0, 0],
							"lerp_mode": "catmullrom"
						}
					}
				}
			}
		},
		"animation.dialga.ground_walk": {
			"loop": true,
			"animation_length": 2,
			"bones": {
				"torso": {
					"rotation": ["5-math.sin(q.anim_time*90*4)*2", "math.sin(q.anim_time*90*2)*1", 0],
					"position": ["0-math.cos((q.anim_time)*90*8/4)*1.5", "-math.cos((q.anim_time)*90*8/2)*1.5", 0]
				},
				"bone9": {
					"rotation": ["17.5-math.sin(q.anim_time*90*4-60)*2", 0, 0]
				},
				"neck": {
					"rotation": ["-2.5-math.sin(q.anim_time*90*4-60)*2", 0, 0]
				},
				"bone2": {
					"rotation": ["-math.sin(q.anim_time*90*4+60)*2", 0, 0]
				},
				"head": {
					"rotation": ["-5-math.sin(q.anim_time*90*4+60)*2", 0, 0]
				},
				"tail": {
					"rotation": [-30, "-math.sin(q.anim_time*90*2-60)*6", 0]
				},
				"tail2": {
					"rotation": [12.5, "-math.sin(q.anim_time*90*2-60)*6", 0]
				},
				"tail3": {
					"rotation": [20, "-math.sin(q.anim_time*90*2-60)*6", 0]
				},
				"tail4": {
					"rotation": [12.5, "-math.sin(q.anim_time*90*2-75)*6", 0]
				},
				"tail5": {
					"rotation": [10, "-math.sin(q.anim_time*90*2-60)*6", 0]
				},
				"bone32": {
					"rotation": [7.5, "-math.sin(q.anim_time*90*2-75)*6", 0]
				},
				"bone21": {
					"rotation": {
						"0.0": [12.5, 0, 0],
						"0.875": {
							"pre": [-15, 0, 0],
							"post": [-15, 0, 0],
							"lerp_mode": "catmullrom"
						},
						"1.0": [-10, 0, 0],
						"2.0": [12.5, 0, 0]
					},
					"position": {
						"0.0": {
							"post": [0, 0.5, 3],
							"lerp_mode": "catmullrom"
						},
						"0.5": {
							"post": [0, 3.14, -0.43],
							"lerp_mode": "catmullrom"
						},
						"0.875": {
							"post": [0, 2, -3],
							"lerp_mode": "catmullrom"
						},
						"1.0": {
							"post": [0, -0.95, -4],
							"lerp_mode": "catmullrom"
						},
						"2.0": {
							"post": [0, 0.5, 3],
							"lerp_mode": "catmullrom"
						}
					}
				},
				"bone23": {
					"rotation": {
						"0.0": [0, 0, 0],
						"0.5": {
							"pre": [25, 0, 0],
							"post": [25, 0, 0],
							"lerp_mode": "catmullrom"
						},
						"1.0": {
							"post": [7.5, 0, 0],
							"lerp_mode": "catmullrom"
						},
						"2.0": [0, 0, 0]
					}
				},
				"bone24": {
					"rotation": {
						"0.0": [-10, 0, 0],
						"0.5": {
							"pre": [2.5, 0, 0],
							"post": [2.5, 0, 0],
							"lerp_mode": "catmullrom"
						},
						"1.0": {
							"post": [2.5, 0, 0],
							"lerp_mode": "catmullrom"
						},
						"1.5": {
							"post": [-0.94, 0, 0],
							"lerp_mode": "catmullrom"
						},
						"2.0": [-10, 0, 0]
					}
				},
				"bone22": {
					"rotation": {
						"0.0": [-7.5, 0, 0],
						"1.0": [7.5, 0, 0],
						"1.875": {
							"pre": [-7.5, 0, 0],
							"post": [-7.5, 0, 0],
							"lerp_mode": "catmullrom"
						},
						"2.0": [-7.5, 0, 0]
					},
					"position": {
						"0.0": {
							"post": [0, -1, -3],
							"lerp_mode": "catmullrom"
						},
						"0.5": {
							"post": [0, 0.25, 0],
							"lerp_mode": "catmullrom"
						},
						"1.0": {
							"post": [0, 0, 3],
							"lerp_mode": "catmullrom"
						},
						"1.5": {
							"post": [0, 3.14, 0.14],
							"lerp_mode": "catmullrom"
						},
						"1.875": {
							"post": [0, 2, -2],
							"lerp_mode": "catmullrom"
						},
						"2.0": {
							"post": [0, -1, -3],
							"lerp_mode": "catmullrom"
						}
					}
				},
				"bone25": {
					"rotation": {
						"0.0": [5, 0, 0],
						"1.0": {
							"pre": [0, 0, 0],
							"post": [0, 0, 0],
							"lerp_mode": "catmullrom"
						},
						"1.5": {
							"post": [25, 0, 0],
							"lerp_mode": "catmullrom"
						},
						"2.0": [5, 0, 0]
					}
				},
				"bone26": {
					"rotation": {
						"0.0": [2.5, 0, 0],
						"0.5": [2.19, 0, 0],
						"1.0": {
							"pre": [-7.5, 0, 0],
							"post": [-7.5, 0, 0],
							"lerp_mode": "catmullrom"
						},
						"1.5": {
							"post": [0, 0, 0],
							"lerp_mode": "catmullrom"
						},
						"2.0": [2.5, 0, 0]
					}
				},
				"bone18": {
					"rotation": {
						"0.0": [10, 0, 0],
						"0.875": {
							"pre": [-17.5, 0, 0],
							"post": [-17.5, 0, 0],
							"lerp_mode": "catmullrom"
						},
						"1.0": [-17.5, 0, 0],
						"2.0": [10, 0, 0]
					},
					"position": {
						"0.0": {
							"post": [0, -0.45, 3],
							"lerp_mode": "catmullrom"
						},
						"0.5": {
							"post": [0, 3.71, 1.29],
							"lerp_mode": "catmullrom"
						},
						"0.875": {
							"post": [0, 3, 0],
							"lerp_mode": "catmullrom"
						},
						"1.0": {
							"post": [0, -1.5, -1],
							"lerp_mode": "catmullrom"
						},
						"1.5": {
							"post": [0, -0.47, 1],
							"lerp_mode": "catmullrom"
						},
						"2.0": {
							"post": [0, -0.45, 3],
							"lerp_mode": "catmullrom"
						}
					}
				},
				"bone19": {
					"rotation": {
						"0.0": [0, 0, 0],
						"0.5": {
							"pre": [22.99821, -2.62778, 7.04073],
							"post": [22.99821, -2.62778, 7.04073],
							"lerp_mode": "catmullrom"
						},
						"1.0": {
							"post": [7.5, 0, 0],
							"lerp_mode": "catmullrom"
						},
						"2.0": [0, 0, 0]
					}
				},
				"bone20": {
					"rotation": {
						"0.0": [-7.5, 0, 0],
						"0.5": {
							"pre": [7.5, 0, 0],
							"post": [7.5, 0, 0],
							"lerp_mode": "catmullrom"
						},
						"1.0": {
							"post": [5, 0, 0],
							"lerp_mode": "catmullrom"
						},
						"1.5": [-1.36, 0, 0],
						"2.0": [-7.5, 0, 0]
					}
				},
				"bone10": {
					"rotation": {
						"0.0": [-16, 0, 0],
						"1.0": [15, 0, 0],
						"1.8333": {
							"pre": [-22.5, 0, 0],
							"post": [-22.5, 0, 0],
							"lerp_mode": "catmullrom"
						},
						"2.0": [-16, 0, 0]
					},
					"position": {
						"0.0": {
							"post": [0, -1.95, -3],
							"lerp_mode": "catmullrom"
						},
						"0.5": {
							"post": [0, 0.03, 0.5],
							"lerp_mode": "catmullrom"
						},
						"1.0": {
							"post": [0, -0.35, 4],
							"lerp_mode": "catmullrom"
						},
						"1.5": {
							"post": [0, 3.45, 1.6],
							"lerp_mode": "catmullrom"
						},
						"1.8333": {
							"post": [0, 3.65, 0],
							"lerp_mode": "catmullrom"
						},
						"2.0": {
							"post": [0, -1.95, -3],
							"lerp_mode": "catmullrom"
						}
					}
				},
				"bone12": {
					"rotation": {
						"0.0": [0, 0, 0],
						"0.5": {
							"pre": [-1.12373, -0.85491, 1.3119],
							"post": [-1.12373, -0.85491, 1.3119],
							"lerp_mode": "catmullrom"
						},
						"1.0": {
							"post": [0.56532, 3.36623, -5.16562],
							"lerp_mode": "catmullrom"
						},
						"1.5": {
							"post": [32.97479, 0.55426, -14.59828],
							"lerp_mode": "catmullrom"
						},
						"2.0": [0, 0, 0]
					}
				},
				"bone13": {
					"rotation": {
						"0.0": [3.25, 0, 0],
						"0.5": {
							"pre": [1.21, 0, 0],
							"post": [1.21, 0, 0],
							"lerp_mode": "catmullrom"
						},
						"1.0": {
							"post": [-10, 0, 0],
							"lerp_mode": "catmullrom"
						},
						"1.5": {
							"post": [7.5, 0, 0],
							"lerp_mode": "catmullrom"
						},
						"2.0": [3.25, 0, 0]
					}
				},
				"body": {
					"position": {
						"0.0": [0, 0, 0],
						"0.0417": [0, -1, 0],
						"0.0833": [0, 0, 0],
						"0.125": [0, -1, 0],
						"0.1667": [0, 0, 0],
						"0.9583": [0, 0, 0],
						"1.0": [0, -1, 0],
						"1.0417": [0, 0, 0],
						"1.0833": [0, -1, 0],
						"1.125": [0, 0, 0],
						"1.9583": [0, 0, 0],
						"2.0": [0, -1, 0]
					}
				},
				"bone36": {
					"rotation": {
						"0.0": [0, 0, 0],
						"0.5": {
							"pre": [27.5, 0, 0],
							"post": [27.5, 0, 0],
							"lerp_mode": "catmullrom"
						},
						"1.0": {
							"post": [5, 0, 0],
							"lerp_mode": "catmullrom"
						},
						"1.5": {
							"post": [3.88, 0, 0],
							"lerp_mode": "catmullrom"
						},
						"2.0": [0, 0, 0]
					}
				},
				"bone33": {
					"rotation": {
						"0.0": [11.25, 0, 0],
						"0.5": {
							"pre": [1, 0, 0],
							"post": [1, 0, 0],
							"lerp_mode": "catmullrom"
						},
						"1.0": {
							"post": [1.75, 0, 0],
							"lerp_mode": "catmullrom"
						},
						"1.5": {
							"post": [13.5, 0, 0],
							"lerp_mode": "catmullrom"
						},
						"2.0": [11.25, 0, 0]
					}
				},
				"bone37": {
					"rotation": {
						"0.0": [0, 0, 0],
						"0.5": {
							"pre": [10, 0, 0],
							"post": [10, 0, 0],
							"lerp_mode": "catmullrom"
						},
						"0.875": {
							"post": [10, 0, 0],
							"lerp_mode": "catmullrom"
						},
						"1.0": [0, 0, 0]
					}
				},
				"bone38": {
					"rotation": {
						"0.0": [0, 0, 0],
						"1.0": {
							"pre": [0, 0, 0],
							"post": [0, 0, 0],
							"lerp_mode": "catmullrom"
						},
						"1.5": {
							"post": [10, 0, 0],
							"lerp_mode": "catmullrom"
						},
						"2.0": [0, 0, 0]
					}
				}
			}
		},
		"animation.dialga.recoil": {
			"animation_length": 0.75,
			"bones": {
				"torso": {
					"rotation": {
						"0.0": {
							"post": [0, 0, 0],
							"lerp_mode": "catmullrom"
						},
						"0.0417": {
							"post": [7.5, 0, 0],
							"lerp_mode": "catmullrom"
						},
						"0.1667": {
							"post": [-5, 0, 0],
							"lerp_mode": "catmullrom"
						},
						"0.75": {
							"post": [0, 0, 0],
							"lerp_mode": "catmullrom"
						}
					}
				},
				"bone9": {
					"rotation": {
						"0.0": {
							"post": [0, 0, 0],
							"lerp_mode": "catmullrom"
						},
						"0.0417": {
							"post": [5, 0, 0],
							"lerp_mode": "catmullrom"
						},
						"0.1667": {
							"post": [-10, 0, 0],
							"lerp_mode": "catmullrom"
						},
						"0.75": {
							"post": [0, 0, 0],
							"lerp_mode": "catmullrom"
						}
					}
				},
				"neck": {
					"rotation": {
						"0.0": {
							"post": [0, 0, 0],
							"lerp_mode": "catmullrom"
						},
						"0.0417": {
							"post": [7.5, 0, 0],
							"lerp_mode": "catmullrom"
						},
						"0.1667": {
							"post": [-7.47178, -0.65182, -4.95744],
							"lerp_mode": "catmullrom"
						},
						"0.75": {
							"post": [0, 0, 0],
							"lerp_mode": "catmullrom"
						}
					}
				},
				"bone2": {
					"rotation": {
						"0.0": {
							"post": [0, 0, 0],
							"lerp_mode": "catmullrom"
						},
						"0.0417": {
							"post": [12.5, 0, 0],
							"lerp_mode": "catmullrom"
						},
						"0.1667": {
							"post": [-7.52428, 6.78423, -5.93685],
							"lerp_mode": "catmullrom"
						},
						"0.75": {
							"post": [0, 0, 0],
							"lerp_mode": "catmullrom"
						}
					}
				},
				"head": {
					"rotation": {
						"0.0": {
							"post": [0, 0, 0],
							"lerp_mode": "catmullrom"
						},
						"0.0417": {
							"post": [7.5, 0, 0],
							"lerp_mode": "catmullrom"
						},
						"0.1667": {
							"post": [-12.5, 0, 0],
							"lerp_mode": "catmullrom"
						},
						"0.75": {
							"post": [0, 0, 0],
							"lerp_mode": "catmullrom"
						}
					}
				},
				"jaw": {
					"rotation": {
						"0.0": {
							"post": [0, 0, 0],
							"lerp_mode": "catmullrom"
						},
						"0.0417": {
							"post": [0, 0, 0],
							"lerp_mode": "catmullrom"
						},
						"0.1667": {
							"post": [25, 0, 0],
							"lerp_mode": "catmullrom"
						},
						"0.75": {
							"post": [0, 0, 0],
							"lerp_mode": "catmullrom"
						}
					}
				}
			}
		},
		"animation.dialga.air_fly": {
			"loop": true,
			"bones": {
				"body": {
					"position": [0, 6, 0]
				},
				"bone9": {
					"rotation": [20, 0, 0]
				},
				"head": {
					"rotation": [-17.5, 0, 0]
				},
				"tail": {
					"rotation": [-32.5, 0, 0]
				},
				"tail2": {
					"rotation": [10, 0, 0]
				},
				"tail3": {
					"rotation": [12.5, 0, 0]
				},
				"tail4": {
					"rotation": [9.96135, -0.39418, 0.7526]
				},
				"tail5": {
					"rotation": [15, 0, 0]
				},
				"bone32": {
					"rotation": [5, 0, 0]
				},
				"bone21": {
					"rotation": [0.07171, -19.99764, -17.81672]
				},
				"bone37": {
					"rotation": [17.5, 0, 0]
				},
				"bone23": {
					"rotation": [25, 0, 0]
				},
				"bone24": {
					"rotation": [15, 0, 0]
				},
				"bone22": {
					"rotation": [0.11701, 19.99374, 18.01639]
				},
				"bone38": {
					"rotation": [17.5, 0, 0]
				},
				"bone25": {
					"rotation": [25, 0, 0]
				},
				"bone26": {
					"rotation": [15, 0, 0]
				},
				"bone18": {
					"rotation": [-30.32045, 25.33856, 7.80104]
				},
				"bone36": {
					"rotation": [37.5, 0, 0]
				},
				"bone19": {
					"rotation": [22.5, 0, 0]
				},
				"bone20": {
					"rotation": [15, 0, 0]
				},
				"bone10": {
					"rotation": [-26.86593, -24.26447, -7.38053]
				},
				"bone33": {
					"rotation": [27.5, 0, 0]
				},
				"bone12": {
					"rotation": [30, 0, 0]
				},
				"bone13": {
					"rotation": [15, 0, 0]
				}
			}
		},
		"animation.dialga.pose": {
			"loop": true,
			"bones": {
				"torso": {
					"rotation": [-5, 0, 0]
				},
				"bone3": {
					"scale": [1.3, 1.1, 1]
				},
				"bone9": {
					"rotation": [10, 0, 0]
				},
				"neck": {
					"rotation": [-7.5, 0, 0]
				},
				"bone2": {
					"rotation": [-15, 0, 0]
				},
				"head": {
					"rotation": [-27.5, 0, 0]
				},
				"jaw": {
					"rotation": [47.5, 0, 0]
				},
				"bone8": {
					"scale": 1
				},
				"tail": {
					"rotation": [-12.5, 0, 0]
				},
				"tail2": {
					"rotation": [17.5, 0, 0]
				},
				"tail3": {
					"rotation": [12.5, 0, 0]
				},
				"tail4": {
					"rotation": [15, 0, 0]
				},
				"tail5": {
					"rotation": [15, 0, 0]
				},
				"bone21": {
					"rotation": [11.86196, -17.48706, -5.33521]
				},
				"bone24": {
					"rotation": [0, 0, 2.5]
				},
				"bone10": {
					"rotation": [-30.8906, -28.12814, -2.40355],
					"position": [0, 5, 0]
				},
				"bone12": {
					"rotation": [23.72159, -3.4554, -4.30316]
				},
				"bone13": {
					"rotation": [20, 0, 0]
				},
				"bone32": {
					"rotation": [15, 0, 0]
				},
				"bone19": {
					"rotation": [0, 10, 0]
				},
				"bone22": {
					"rotation": [2.5, 7.5, 0]
				},
				"bone15": {
					"rotation": [0, 0, -2.5],
					"scale": [1, 1.2, 1]
				},
				"bone30": {
					"rotation": [0, 0, 2.5],
					"scale": [1, 1.2, 1]
				},
				"bone17": {
					"rotation": [0, 0, 2.5],
					"scale": [1, 1.2, 1]
				},
				"bone29": {
					"rotation": [0, 0, -5],
					"scale": [1, 1.2, 1]
				},
				"bone35": {
					"scale": [1, 1.2, 1]
				},
				"bone33": {
					"rotation": [22.5193, -2.30959, -10.95723]
				}
			}
		}
	}
}