{
   "enabled": true,
   "neededInstalledMods": [],
   "neededUninstalledMods": [],
   "spawns": [
       {
           "id": "audino-1",
           "pokemon": "audino",
           "presets": [
               "natural"
           ],
           "type": "pokemon",
           "context": "grounded",
           "bucket": "common",
           "level": "10-40",
           "weight": 3,
           "condition": {
               "biomes": [
                   "#cobblemon:is_forest"
               ]
           }
       }
   ]
}