{
  "portraitScale": 0.71,
  "portraitTranslation": [-1.17,5.84, 0],
  "profileScale": 0.13,
  "profileTranslation": [0.06, 1.53, -20],
  "animations": {
   
  },
  "poses": {
    "battle-standing": {
      "transformTicks": 10,
      "poseTypes": ["STAND", "WALK"],
      "isBattle": true,
      "animations": [
        "q.look('head')",
        "q.bedrock('lugia', 'ground_idle')"
      ],
      "transformedParts": [
         {
           "part": "wings",
           "isVisible": false
         },
         {
           "part": "wings_closed",
           "isVisible": true
         }
        ]
    },
    "standing": {
      "transformTicks": 10,
      "poseTypes": ["STAND", "NONE", "PORTRAIT", "PROFILE"],
      "isBattle": false,
      "animations": [
        "q.look('head')",
        "q.bedrock('lugia', 'ground_idle')"
      ],
      "transformedParts": [
         {
           "part": "wings",
           "isVisible": false
         },
         {
           "part": "wings_closed",
           "isVisible": true
         }
        ]
    },
    "walking": {
      "transformTicks": 8,
      "poseTypes": ["WALK"],
      "animations": [
        "q.look('head')",
        "q.bedrock('lugia', 'ground_walk')"
      ],
      "transformedParts": [
         {
           "part": "wings",
           "isVisible": false
         },
         {
           "part": "wings_closed",
           "isVisible": true
         }
        ]  
    },
    "float": {
      "transformTicks": 5,
      "poseTypes": ["FLOAT"],
      "animations": [
        "q.look('head')",
        "q.bedrock('lugia', 'water_float')"
      ],
      "transformedParts": [
         {
           "part": "wings",
           "isVisible": true
         },
         {
           "part": "wings_closed",
           "isVisible": false
         }
        ]
    },
    "swim": {
      "transformTicks": 8,
      "poseTypes": ["SWIM"],
      "animations": [
        "q.look('head')",
        "q.bedrock('lugia', 'water_swim')"
      ],
      "transformedParts": [
         {
           "part": "wings",
           "isVisible": true
         },
         {
           "part": "wings_closed",
           "isVisible": false
         }
        ]
    },
     "fly": {
      "transformTicks": 5,
      "isBattle": false,
      "poseTypes": [ "FLY" ],
      "animations": [
        "q.look('head')",
        "q.bedrock('lugia', 'air_fly')"
       ],
       "transformedParts": [
         {
           "part": "wings",
           "isVisible": true
         },
         {
           "part": "wings_closed",
           "isVisible": false
         }
        ]
    },
    "hover": {
      "transformTicks": 8,
      "isBattle": false,
      "poseTypes": ["HOVER"],
      "animations": [
        "q.look('head')",
        "q.bedrock('lugia', 'air_idle')"
      ],
      "transformedParts": [
         {
           "part": "wings",
           "isVisible": true
         },
         {
           "part": "wings_closed",
           "isVisible": false
         }
        ]
    },
    "battle-flying": {
      "transformTicks": 10,
      "poseTypes": ["HOVER", "FLY"],
      "isBattle": true,
      "animations": [
        "q.look('head')",
        "q.bedrock('lugia', 'air_idle')"
      ],
      "transformedParts": [
         {
           "part": "wings",
           "isVisible": true
         },
         {
           "part": "wings_closed",
           "isVisible": false
         }
        ]
    }
  }
}