{ 
  "target": "cobblemon:audino",
  "features":["grox"],
  "forms": [
	{
      "name": "grox",
      "primaryType": "normal",
      "secondaryType": "steel",
      "abilities": [
        "compoundeyes",
		"download",
		"h:tintedlens"
      ],
      "baseStats": {
        "hp": 103,
        "attack": 70,
        "defence": 96,
        "special_attack": 60,
        "special_defence": 66,
        "speed": 50
      },
      "catchRate": 155,
      "maleRatio": 0.5,
      "baseExperienceYield": 390,
      "baseFriendship": 50,
      "evYield": {
        "hp": 2,
        "attack": 0,
        "defence": 1,
        "special_attack": 0,
        "special_defence": 0,
        "speed": 0
      },
      "experienceGroup": "medium_fast",
      "eggCycles": 20,
      "eggGroups": [
        "fairy"
      ],
	  "behaviour": {
		  "moving": {
		  	"walk": {
		  	  "walkSpeed": 0.25
		  	},
		  "swim": {
			  "swimSpeed": 0.15,
			  "canSwimInWater": true,
			  "canBreatheUnderwater": false,
			  "canWalkOnWater": false
			}
		}
	},
      "moves": [
        "1:screech",
        "1:pound",
        "4:workup",
		"8:charge",
        "9:babydolleyes",
        "9:refresh",
        "12:vicegrip",
        "16:growth",
        "17:cometpunch",
        "20:zenheadbutt",
        "21:attract",
		"24:magnetrise",
        "25:secretpower",
        "28:ironhead",
        "32:takedown",
		"33:thunderpunch",
        "36:psybeam",
		"38:flashcannon",
        "40:hypervoice",
		"44:eerieimpulse",
		"48:doubleedge",
		"52:entrainment",
		"54:shiftgear",
		"56:electricterrain",
		"60:explosion",
	    "egg:amnesia",
		"egg:bestow",
		"egg:drainingkiss",
		"egg:encore",
		"egg:healbell",
		"egg:healingwish",
		"egg:luckychant",
		"egg:sleeptalk",
		"egg:sweetkiss",
		"egg:wish",
		"egg:yawn",
		"tm:doubleteam",
		"tm:drainingkiss",
		"tm:drainpunch",
		"tm:dreameater",
		"tm:echoedvoice",
		"tm:encore",
		"tm:endure",
		"tm:facade",
		"tm:fireblast",
		"tm:firepunch",
		"tm:flamethrower",
		"tm:flash",
		"tm:fling",
		"tm:frustration",
		"tm:gigaimpact",
		"tm:grassknot",
		"tm:helpinghand",
		"tm:hiddenpower",
		"tm:hyperbeam",
		"tm:hypervoice",
		"tm:icebeam",
		"tm:icepunch",
		"tm:icywind",
		"tm:incinerate",
		"tm:irontail",
		"tm:lightscreen",
		"tm:lowkick",
		"tm:megakick",
		"tm:megapunch",
		"tm:mistyterrain",
		"tm:poweruppunch",
		"tm:protect",
		"tm:psychic",
		"tm:psychup",
		"tm:psyshock",
		"tm:raindance",
		"tm:reflect",
		"tm:rest",
		"tm:retaliate",
		"tm:return",
		"tm:round",
		"tm:safeguard",
		"tm:secretpower",
		"tm:shadowball",
		"tm:skillswap",
		"tm:sleeptalk",
		"tm:snore",
		"tm:solarbeam",
		"tm:stompingtantrum",
		"tm:substitute",
		"tm:sunnyday",
		"tm:surf",
		"tm:swagger",
		"tm:telekinesis",
		"tm:throatchop",
		"tm:thunder",
		"tm:thunderbolt",
		"tm:thunderpunch",
		"tm:thunderwave",
		"tm:toxic",
		"tm:trickroom",
		"tm:uproar",
		"tm:wildcharge",
		"tm:workup",
		"tm:zenheadbutt",
		"tutor:afteryou",
		"tutor:allyswitch",
		"tutor:covet",
		"tutor:doubleslap",
		"tutor:drainpunch",
		"tutor:encore",
		"tutor:firepunch",
		"tutor:focuspunch",
		"tutor:gravity",
		"tutor:healbell",
		"tutor:healpulse",
		"tutor:helpinghand",
		"tutor:hypervoice",
		"tutor:icepunch",
		"tutor:icywind",
		"tutor:irontail",
		"tutor:knockoff",
		"tutor:laserfocus",
		"tutor:lastresort",
		"tutor:lowkick",
		"tutor:magiccoat",
		"tutor:painsplit",
		"tutor:present",
		"tutor:refresh",
		"tutor:roleplay",
		"tutor:signalbeam",
		"tutor:simplebeam",
		"tutor:skillswap",
		"tutor:sleeptalk",
		"tutor:snatch",
		"tutor:snore",
		"tutor:stompingtantrum",
		"tutor:telekinesis",
		"tutor:throatchop",
		"tutor:thunderbolt",
		"tutor:thunderpunch",
		"tutor:trickroom",
		"tutor:uproar",
		"tutor:yawn",
		"tutor:zenheadbutt"
      ],
      "labels": [
        "gen5",
        "grox"
      ],
      "aspects": [
        "grox"
      ],
      "height": 11,
      "weight": 310,
      "evolutions": [],
      "cannotDynamax": false,
      "battleOnly": false,
	  "drops": {
	    "amount": 2,
	    "entries": [
          {
            "item": "cobblemon:chople_berry",
            "percentage": 10.0
          },
          {
            "item": "minecraft:redstone",
            "quantityRange": "0-2"
          },
          {
            "item": "minecraft:copper_ingot",
            "quantityRange": "0-2"
          }
        ]
	  }
    }
  ]
}