{
  "species": "cobblemon:passimian",
  "order": 0,
  "variations": [
    {
      "aspects": [],
      "poser": "cobblemon:passimian",
      "model": "cobblemon:passimian.geo",
      "texture": "cobblemon:textures/pokemon/passimian/passimian.png",
      "layers": []
    },
    {
      "aspects": [ "shiny" ],
      "texture": "cobblemon:textures/pokemon/passimian/passimian_shiny.png"
    },
    {
      "aspects": [ "red-leaf" ],
      "texture": "cobblemon:textures/pokemon/passimian/passimian_red.png"
    },
    {
      "aspects": [ "shiny", "red-leaf" ],
      "texture": "cobblemon:textures/pokemon/passimian/passimian_shiny_red.png"
    }
  ]
}