{
 "head": "head",
 "portraitScale": 1.5,
 "portraitTranslation": [ 0, 0.8, 0 ],
 "profileScale": 0.8,
 "profileTranslation": [ 0, 0.7, 0 ],
 "faint": "bedrock(audino_grox, faint)",
 "poses": {
   "battle-idle": {
     "poseName": "battle-idle",
     "transformTicks": 10,
     "poseTypes": ["STAND"],
     "isBattle": true,
     "isTouchingWater": false,
     "animations": ["bedrock(audino_grox, battle_idle)"],
     "quirks": [
        {
           "name": "blink",
           "loopTimes": 5,
           "minSecondsBetweenOccurrences": 8,
           "maxSecondsBetweenOccurrences": 20,
           "animations": ["bedrock(audino_grox, blink)"]
        }
     ]
   },
   "standing": {
     "poseName": "standing",
     "transformTicks": 10,
     "poseTypes": [
       "STAND",
       "NONE",
       "PORTRAIT",
       "PROFILE"
     ],
     "animations": [
	   "bedrock(audino_grox, ground_idle)"
     ],
	 "quirks":[
        {
           "name":"blink",
           "animations":[
              "bedrock(audino_grox, blink)"
           ]
        }
     ]
   },
   "walking": {
     "poseName": "walking",
     "transformTicks": 10,
     "poseTypes": [ "WALK" ],
     "animations": [ "bedrock(audino_grox, ground_walk)" ],
	 "quirks":[
        {
           "name":"blink",
           "animations":["bedrock(audino_grox, blink)"]
        }
     ]
   },
   "swimming":{
     "poseName":"swimming",
     "transformTicks":10,
     "poseTypes":["SWIM"],
     "animations":["bedrock(audino_grox, ground_walk)"],
     "quirks":[
        {
               "name":"blink",
               "animations":["bedrock(audino_grox, blink)"]
        }
     ]
   }
 }
}