{
    "species": "cobblemon:audino",
    "order": 10,
    "variations": [
        {
            "aspects": [],
            "poser": "fire:audino",
            "model": "fire:audino.geo",
            "texture": "fire:textures/pokemon/audino/audino.png",
            "layers": []
        },
        {
            "aspects": [
                "shiny"
            ],
            "texture": "fire:textures/pokemon/audino/audino_shiny.png",
            "layers":[] 
        },
        {
            "aspects": ["mega"],
            "poser": "fire:mega_audino",
            "model": "fire:mega_audino.geo",
            "texture": "fire:textures/pokemon/audino/mega_audino.png",
            "layers": []
        },
        {
            "aspects": [
                "shiny","mega"
            ],
            "texture": "fire:textures/pokemon/audino/mega_audino_shiny.png",
            "layers":[] 
        }
    ]
}