{
  "implemented": true,
  "nationalPokedexNumber": 516,
  "name": "Simipour",
  "primaryType": "water",
  "maleRatio": 0.875,
  "height": 10,
  "weight": 290,
  "pokedex": [
    "cobblemon.species.simipour.desc"
  ],
  "labels": [
    "gen5"
  ],
  "aspects": [],
  "abilities": [
    "gluttony",
    "h:torrent"
  ],
  "eggGroups": [
    "field"
  ],
  "baseStats": {
    "hp": 75,
    "attack": 98,
    "defence": 63,
    "special_attack": 98,
    "special_defence": 63,
    "speed": 101
  },
  "evYield": {
    "hp": 0,
    "attack": 0,
    "defence": 0,
    "special_attack": 0,
    "special_defence": 0,
    "speed": 2
  },
  "baseExperienceYield": 174,
  "experienceGroup": "medium_fast",
  "catchRate": 75,
  "eggCycles": 20,
  "baseFriendship": 50,
  "baseScale": 1.1,
  "hitbox": {
    "width": 0.85,
    "height": 2,
    "fixed": false
  },
  "standingEyeHeight": 0.7,
  "drops": {
    "amount": 3,
    "entries": [
      {
        "item": "cobblemon:water_stone",
        "percentage": 5.0
      },
      {
        "item": "cobblemon:mystic_water",
        "percentage": 5.0
      },
      {
        "item": "cobblemon:rindo_berry",
        "percentage": 5.0
      }
    ]
  },
  "moves": [
    "1:leer",
    "1:lick",
    "1:furyswipes",
    "1:scald",
    "1:scratch",
    "1:watergun",
    "1:watersport",
    "1:bite",
    "1:playnice",
    "1:naturalgift",
    "egg:aquaring",
    "egg:aquatail",
    "egg:astonish",
    "egg:covet",
    "egg:disarmingvoice",
    "egg:hydropump",
    "egg:lowkick",
    "egg:mudsport",
    "egg:nastyplot",
    "egg:roleplay",
    "egg:tickle",
    "tm:acrobatics",
    "tm:aquatail",
    "tm:blizzard",
    "tm:brickbreak",
    "tm:brine",
    "tm:covet",
    "tm:crunch",
    "tm:cut",
    "tm:dig",
    "tm:disarmingvoice",
    "tm:dive",
    "tm:endeavor",
    "tm:endure",
    "tm:facade",
    "tm:fling",
    "tm:flipturn",
    "tm:focusblast",
    "tm:focuspunch",
    "tm:gastroacid",
    "tm:gigaimpact",
    "tm:grassknot",
    "tm:gunkshot",
    "tm:hail",
    "tm:helpinghand",
    "tm:honeclaws",
    "tm:hydropump",
    "tm:hyperbeam",
    "tm:icebeam",
    "tm:icepunch",
    "tm:icywind",
    "tm:irontail",
    "tm:knockoff",
    "tm:lowkick",
    "tm:lowsweep",
    "tm:nastyplot",
    "tm:naturalgift",
    "tm:payback",
    "tm:poweruppunch",
    "tm:protect",
    "tm:raindance",
    "tm:recycle",
    "tm:rest",
    "tm:rockslide",
    "tm:rocksmash",
    "tm:rocktomb",
    "tm:roleplay",
    "tm:scald",
    "tm:shadowclaw",
    "tm:sleeptalk",
    "tm:substitute",
    "tm:superpower",
    "tm:surf",
    "tm:swift",
    "tm:taunt",
    "tm:terablast",
    "tm:thief",
    "tm:throatchop",
    "tm:torment",
    "tm:uproar",
    "tm:waterfall",
    "tm:waterpledge",
    "tm:waterpulse",
    "tm:workup",
    "tutor:aquatail",
    "tutor:covet",
    "tutor:dive",
    "tutor:endeavor",
    "tutor:flipturn",
    "tutor:focuspunch",
    "tutor:gastroacid",
    "tutor:gigaimpact",
    "tutor:gunkshot",
    "tutor:helpinghand",
    "tutor:hyperbeam",
    "tutor:icebeam",
    "tutor:icepunch",
    "tutor:icywind",
    "tutor:irontail",
    "tutor:knockoff",
    "tutor:lowkick",
    "tutor:recycle",
    "tutor:rest",
    "tutor:rockslide",
    "tutor:rocksmash",
    "tutor:roleplay",
    "tutor:shadowclaw",
    "tutor:sleeptalk",
    "tutor:superpower",
    "tutor:swift",
    "tutor:throatchop",
    "tutor:uproar",
    "tutor:waterpledge",
    "tutor:waterpulse"
  ],
  "preEvolution": "panpour",
  "evolutions": []
}
