{
  "nationalPokedexNumber": 494,
  "name": "Victini",
  "primaryType": "psychic",
  "secondaryType": "fire",
  "maleRatio": -1,
  "height": 4,
  "weight": 40,
  "pokedex": [
    "cobblemon.species.victini.desc"
  ],
  "labels": [
    "gen5",
    "mythical"
  ],
  "aspects": [],
  "abilities": [
    "victorystar",
    "h:victorystar"
  ],
  "eggGroups": [
    "undiscovered"
  ],
  "baseStats": {
    "hp": 100,
    "attack": 100,
    "defence": 100,
    "special_attack": 100,
    "special_defence": 100,
    "speed": 100
  },
  "evYield": {
    "hp": 3,
    "attack": 0,
    "defence": 0,
    "special_attack": 0,
    "special_defence": 0,
    "speed": 0
  },
  "baseExperienceYield": 300,
  "experienceGroup": "slow",
  "catchRate": 3,
  "eggCycles": 120,
  "baseFriendship": 100,
  "baseScale": 0.4,
   "shoulderMountable": true,
  "hitbox": {
    "width": 1,
    "height": 1,
    "fixed": false
  },
  "behaviour": {
    "moving": {
      "fly": {
        "canFly": true
      },
      "walk": {
        "canWalk": false
      }
    },
      "resting": {
		"canSleep": true,
		"willSleepOnBed": true,
		"depth": "normal",
		"light": "0-4"
   }
  },
  "moves": [
    "1:focusenergy",
    "1:confusion",
    "1:quickattack",
    "1:flamecharge",
    "1:flameburst",
    "1:vcreate",
    "7:workup",
    "14:incinerate",
    "21:storedpower",
    "28:headbutt",
    "35:endure",
    "42:zenheadbutt",
    "49:inferno",
    "56:reversal",
    "63:searingshot",
    "70:doubleedge",
    "77:flareblitz",
    "84:overheat",
    "91:finalgambit",
    "tm:batonpass",
    "tm:blazekick",
    "tm:bounce",
    "tm:brickbreak",
    "tm:chargebeam",
    "tm:dazzlinggleam",
    "tm:doubleedge",
    "tm:embargo",
    "tm:encore",
    "tm:endure",
    "tm:energyball",
    "tm:expandingforce",
    "tm:facade",
    "tm:fireblast",
    "tm:firepunch",
    "tm:firespin",
    "tm:flamecharge",
    "tm:flamethrower",
    "tm:flareblitz",
    "tm:flash",
    "tm:fling",
    "tm:focusblast",
    "tm:focusenergy",
    "tm:futuresight",
    "tm:gigaimpact",
    "tm:grassknot",
    "tm:guardswap",
    "tm:headbutt",
    "tm:heatwave",
    "tm:helpinghand",
    "tm:hyperbeam",
    "tm:incinerate",
    "tm:laserfocus",
    "tm:lastresort",
    "tm:lightscreen",
    "tm:magiccoat",
    "tm:megakick",
    "tm:megapunch",
    "tm:mysticalfire",
    "tm:overheat",
    "tm:powerswap",
    "tm:poweruppunch",
    "tm:protect",
    "tm:psychic",
    "tm:psychup",
    "tm:psyshock",
    "tm:rest",
    "tm:reversal",
    "tm:rocksmash",
    "tm:roleplay",
    "tm:safeguard",
    "tm:scorchingsands",
    "tm:shadowball",
    "tm:shockwave",
    "tm:signalbeam",
    "tm:skillswap",
    "tm:sleeptalk",
    "tm:solarbeam",
    "tm:speedswap",
    "tm:storedpower",
    "tm:substitute",
    "tm:sunnyday",
    "tm:swift",
    "tm:taunt",
    "tm:telekinesis",
    "tm:terablast",
    "tm:thunder",
    "tm:thunderbolt",
    "tm:thunderpunch",
    "tm:thunderwave",
    "tm:trick",
    "tm:trickroom",
    "tm:uproar",
    "tm:uturn",
    "tm:wildcharge",
    "tm:willowisp",
    "tm:workup",
    "tm:zenheadbutt",
    "tutor:bounce",
    "tutor:chargebeam",
    "tutor:dazzlinggleam",
    "tutor:energyball",
    "tutor:expandingforce",
    "tutor:firepunch",
    "tutor:flamethrower",
    "tutor:focusenergy",
    "tutor:gigaimpact",
    "tutor:heatwave",
    "tutor:helpinghand",
    "tutor:hyperbeam",
    "tutor:laserfocus",
    "tutor:lastresort",
    "tutor:magiccoat",
    "tutor:mysticalfire",
    "tutor:psychic",
    "tutor:rest",
    "tutor:rocksmash",
    "tutor:roleplay",
    "tutor:scorchingsands",
    "tutor:shadowball",
    "tutor:shockwave",
    "tutor:signalbeam",
    "tutor:skillswap",
    "tutor:sleeptalk",
    "tutor:swift",
    "tutor:telekinesis",
    "tutor:thunderbolt",
    "tutor:thunderpunch",
    "tutor:trick",
    "tutor:uproar",
    "tutor:wildcharge",
    "tutor:zenheadbutt"
  ],
  "evolutions": []
}
