{
	"format_version": "1.8.0",
	"animations": {
		"animation.ironhands.ground_idle": {
			"loop": true,
			"animation_length": 2,
			"bones": {
				"rightfoot": {
					"rotation": [0, -20, 0]
				},
				"leftfoot": {
					"rotation": [0, 20, 0]
				},
				"upperbody": {
					"position": [0, "math.cos(q.anim_time*45*4-15)*0.1", 0]
				},
				"rightHand": {
					"rotation": [0, 0, "-35+math.cos(q.anim_time*45*4-15)*1.5"],
					"position": [-3, "-math.sin(q.anim_time*45*4-15)*0.25", 0]
				},
				"leftHand": {
					"rotation": [0, 0, "35-math.cos(q.anim_time*45*4-15)*1.5"],
					"position": [3, "-math.sin(q.anim_time*45*4-15)*0.25", 0]
				},
				"finger4": {
					"rotation": [0, 0, 5]
				},
				"finger5": {
					"rotation": [5, 0, 5],
					"position": [0, -0.1, 0]
				},
				"finger6": {
					"rotation": [-5, 0, 5],
					"position": [0, -0.1, 0]
				},
				"finger1": {
					"rotation": [0, 0, -5]
				},
				"finger2": {
					"rotation": [5, 0, -5],
					"position": [0, -0.1, 0]
				},
				"finger3": {
					"rotation": [-5, 0, -5],
					"position": [0, -0.1, 0]
				}
			}
		},
		"animation.ironhands.ground_walk": {
			"loop": true,
			"animation_length": 1,
			"bones": {
				"body": {
					"rotation": {
						"0.0": {
							"post": [0, 2, -0.5],
							"lerp_mode": "catmullrom"
						},
						"0.5": {
							"post": [0, -2, 0.5],
							"lerp_mode": "catmullrom"
						},
						"1.0": {
							"post": [0, 2, -0.5],
							"lerp_mode": "catmullrom"
						}
					},
					"position": {
						"0.0": {
							"post": [0, 0, 0],
							"lerp_mode": "catmullrom"
						},
						"0.25": {
							"post": [0, 0.5, 0],
							"lerp_mode": "catmullrom"
						},
						"0.5": {
							"post": [0, 0, 0],
							"lerp_mode": "catmullrom"
						},
						"0.75": {
							"post": [0, 0.5, 0],
							"lerp_mode": "catmullrom"
						},
						"1.0": {
							"post": [0, 0, 0],
							"lerp_mode": "catmullrom"
						}
					}
				},
				"rightfoot": {
					"rotation": {
						"0.0": [-5, 0, 0],
						"0.25": [0, 0, 0],
						"0.5": [0, 0, 0],
						"0.6667": [15, 0, 0],
						"1.0": [-5, 0, 0]
					},
					"position": {
						"0.0": {
							"post": [0, 0.25, -3],
							"lerp_mode": "catmullrom"
						},
						"0.25": {
							"post": [0, -0.5, -1],
							"lerp_mode": "catmullrom"
						},
						"0.5": {
							"post": [0, 0, 3],
							"lerp_mode": "catmullrom"
						},
						"0.75": {
							"post": [0, 2, 1],
							"lerp_mode": "catmullrom"
						},
						"1.0": {
							"post": [0, 0.25, -3],
							"lerp_mode": "catmullrom"
						}
					}
				},
				"leftfoot": {
					"rotation": {
						"0.0": [0, 0, 0],
						"0.1667": [15, 0, 0],
						"0.5": [-5, 0, 0],
						"0.75": [0, 0, 0],
						"1.0": [0, 0, 0]
					},
					"position": {
						"0.0": {
							"post": [0, 0, 3],
							"lerp_mode": "catmullrom"
						},
						"0.25": {
							"post": [0, 2, 1],
							"lerp_mode": "catmullrom"
						},
						"0.5": {
							"post": [0, 0.25, -3],
							"lerp_mode": "catmullrom"
						},
						"0.75": {
							"post": [0, -0.5, -1],
							"lerp_mode": "catmullrom"
						},
						"1.0": {
							"post": [0, 0, 3],
							"lerp_mode": "catmullrom"
						}
					}
				},
				"rightHand": {
					"rotation": {
						"0.0": {
							"post": [10, -30, -35],
							"lerp_mode": "catmullrom"
						},
						"0.5": {
							"post": [10, -5, -35],
							"lerp_mode": "catmullrom"
						},
						"1.0": {
							"post": [10, -30, -35],
							"lerp_mode": "catmullrom"
						}
					},
					"position": [-3, "1-math.sin(q.anim_time*90*4-15)*0.25", "math.sin(q.anim_time*90*4-15)*2"]
				},
				"leftHand": {
					"rotation": {
						"0.0": {
							"post": [10, 5, 35],
							"lerp_mode": "catmullrom"
						},
						"0.5": {
							"post": [10, 30, 35],
							"lerp_mode": "catmullrom"
						},
						"1.0": {
							"post": [10, 5, 35],
							"lerp_mode": "catmullrom"
						}
					},
					"position": [3, "1-math.sin(q.anim_time*90*4-15)*0.25", "-math.sin(q.anim_time*90*4-15)*2"]
				},
				"head": {
					"rotation": {
						"0.0": {
							"post": [0, -2, 0],
							"lerp_mode": "catmullrom"
						},
						"0.5": {
							"post": [0, 2, 0],
							"lerp_mode": "catmullrom"
						},
						"1.0": {
							"post": [0, -2, 0],
							"lerp_mode": "catmullrom"
						}
					}
				},
				"upperbody": {
					"rotation": {
						"0.0": {
							"post": [0, 0, 0.5],
							"lerp_mode": "catmullrom"
						},
						"0.5": {
							"post": [0, 0, -0.5],
							"lerp_mode": "catmullrom"
						},
						"1.0": {
							"post": [0, 0, 0.5],
							"lerp_mode": "catmullrom"
						}
					},
					"position": [0, "-math.cos(q.anim_time*180*4-15)*0.1 ", 0]
				},
				"finger4": {
					"rotation": [0, 0, 5]
				},
				"finger5": {
					"rotation": [5, 0, 5],
					"position": [0, -0.1, 0]
				},
				"finger6": {
					"rotation": [-5, 0, 5],
					"position": [0, -0.1, 0]
				},
				"finger1": {
					"rotation": [0, 0, -5]
				},
				"finger2": {
					"rotation": [5, 0, -5],
					"position": [0, -0.1, 0]
				},
				"finger3": {
					"rotation": [-5, 0, -5],
					"position": [0, -0.1, 0]
				}
			}
		},
		"animation.ironhands.battle_idle": {
			"loop": true,
			"animation_length": 2,
			"bones": {
				"rightfoot": {
					"rotation": [0, -35, 0]
				},
				"leftfoot": {
					"rotation": [0, 30, 0]
				},
				"upperbody": {
					"position": [0, "math.cos(q.anim_time*45*4-15)*0.1", 0]
				},
				"rightHand": {
					"rotation": [0, 0, "65+math.cos(q.anim_time*45*4-15)*1.5"],
					"position": [-5, "1-math.sin(q.anim_time*45*4-15)*0.25", 0]
				},
				"leftHand": {
					"rotation": [0, 0, "-55-math.cos(q.anim_time*45*4-15)*1.5"],
					"position": [5, "-math.sin(q.anim_time*45*4-15)*0.25", 0]
				},
				"body": {
					"rotation": [0, 20, 0]
				},
				"head": {
					"rotation": [0, -20, 0]
				},
				"finger4": {
					"rotation": [0, 0, 5]
				},
				"finger5": {
					"rotation": [5, 0, 5],
					"position": [0, -0.1, 0]
				},
				"finger6": {
					"rotation": [-5, 0, 5],
					"position": [0, -0.1, 0]
				},
				"finger1": {
					"rotation": [0, 0, -5]
				},
				"finger2": {
					"rotation": [5, 0, -5],
					"position": [0, -0.1, 0]
				},
				"finger3": {
					"rotation": [-5, 0, -5],
					"position": [0, -0.1, 0]
				}
			}
		},
		"animation.ironhands.physical": {
			"animation_length": 2.375,
			"bones": {
				"rightfoot": {
					"rotation": {
						"0.0": [0, -35, 0],
						"0.5": [0, -35, 0],
						"2.2917": [0, -35, 0]
					},
					"position": {
						"0.0": [0, 0, 0],
						"0.25": [0, -0.5, 0],
						"0.5": [0, 0, 0],
						"2.2917": [0, 0, 0]
					}
				},
				"leftfoot": {
					"rotation": {
						"0.0": [0, 30, 0],
						"0.125": {
							"pre": [-5, 30, 0],
							"post": [-5, 30, 0],
							"lerp_mode": "catmullrom"
						},
						"0.375": {
							"post": [5, 40, 0],
							"lerp_mode": "catmullrom"
						},
						"0.5": [0, 40, 0],
						"1.0833": [0, 40, 0],
						"1.25": [0, 40, 0],
						"1.7917": [0, 40, 0],
						"1.9167": {
							"pre": [-5, 40, 0],
							"post": [-5, 40, 0],
							"lerp_mode": "catmullrom"
						},
						"2.1667": {
							"post": [5, 30, 0],
							"lerp_mode": "catmullrom"
						},
						"2.2917": [0, 30, 0]
					},
					"position": {
						"0.0": [0, 0, 0],
						"0.25": [0, 1, 0],
						"0.5": [0, 0, 0],
						"1.7917": [0, 0, 0],
						"2.0417": [0, 1, 0],
						"2.2917": [0, 0, 0]
					}
				},
				"upperbody": {
					"rotation": {
						"0.0": {
							"post": [0, 0, 0],
							"lerp_mode": "catmullrom"
						},
						"0.5": {
							"post": [0, 5, 0],
							"lerp_mode": "catmullrom"
						},
						"1.0833": {
							"post": [0, 5, 0],
							"lerp_mode": "catmullrom"
						},
						"1.25": {
							"post": [2.5, 5, 0],
							"lerp_mode": "catmullrom"
						},
						"1.7917": {
							"post": [2.5, 5, 0],
							"lerp_mode": "catmullrom"
						},
						"2.2917": {
							"post": [0, 0, 0],
							"lerp_mode": "catmullrom"
						}
					},
					"position": {
						"0.5": [0, 0, 0],
						"0.5417": [0, -0.5, 0],
						"0.5833": [0, 0, 0],
						"0.6667": [0, 0, 0],
						"1.0833": [0, -0.5, 0],
						"1.25": [0, 0, 0],
						"2.2917": [0, 0, 0],
						"2.3333": [0, -0.5, 0],
						"2.375": [0, 0, 0]
					}
				},
				"rightHand": {
					"rotation": {
						"0.0": {
							"post": [0, 0, 65],
							"lerp_mode": "catmullrom"
						},
						"0.8333": [-2.5, 0, 65],
						"0.875": [2.5, 0, 67.5],
						"0.9167": [-2.5, 0, 65],
						"0.9583": [2.5, 0, 67.5],
						"1.0": [-2.5, 0, 65],
						"1.0417": [2.5, 0, 67.5],
						"1.0833": [0, 0, 65],
						"1.1667": [-40, -5, 72.5],
						"1.25": [-50, -10, 80],
						"1.875": {
							"pre": [-50, -10, 80],
							"post": [-50, -10, 80],
							"lerp_mode": "catmullrom"
						},
						"2.0833": {
							"post": [-30, -5, 65],
							"lerp_mode": "catmullrom"
						},
						"2.375": {
							"post": [0, 0, 65],
							"lerp_mode": "catmullrom"
						}
					},
					"position": {
						"0.0": {
							"post": [-5, 1, 0],
							"lerp_mode": "catmullrom"
						},
						"1.1667": [-3, 1, 0],
						"1.25": [-3, 1, -13],
						"1.2917": [-3, 1, -12.5],
						"1.3333": [-3, 1, -13.5],
						"1.375": [-3, 1, -12.5],
						"1.4167": [-3, 1, -13],
						"1.875": {
							"pre": [-3, 1, -13],
							"post": [-3, 1, -13],
							"lerp_mode": "catmullrom"
						},
						"2.0833": {
							"post": [-5, 1, -7.5],
							"lerp_mode": "catmullrom"
						},
						"2.375": {
							"post": [-5, 1, 0],
							"lerp_mode": "catmullrom"
						}
					}
				},
				"leftHand": {
					"rotation": {
						"0.0": {
							"post": [0, 0, -55],
							"lerp_mode": "catmullrom"
						},
						"0.5": {
							"post": [-25, 10, -65],
							"lerp_mode": "catmullrom"
						},
						"1.0833": [-30, 10, -65],
						"1.25": {
							"pre": [10, 0, -55],
							"post": [10, 0, -55],
							"lerp_mode": "catmullrom"
						},
						"1.9583": {
							"post": [10, 0, -55],
							"lerp_mode": "catmullrom"
						},
						"2.2917": {
							"post": [0, 0, -55],
							"lerp_mode": "catmullrom"
						}
					},
					"position": {
						"0.0": {
							"post": [5, 0, 0],
							"lerp_mode": "catmullrom"
						},
						"0.5": {
							"post": [4, 0, -4],
							"lerp_mode": "catmullrom"
						},
						"1.0833": [3, 0, -4],
						"1.25": {
							"pre": [5, 0, 0],
							"post": [5, 0, 0],
							"lerp_mode": "catmullrom"
						},
						"1.9583": {
							"post": [5, 0, 0],
							"lerp_mode": "catmullrom"
						},
						"2.2917": {
							"post": [5, 0, 0],
							"lerp_mode": "catmullrom"
						}
					}
				},
				"body": {
					"rotation": {
						"0.0": {
							"post": [0, 20, 0],
							"lerp_mode": "catmullrom"
						},
						"0.5": {
							"post": [0, 36, 0],
							"lerp_mode": "catmullrom"
						},
						"1.0833": {
							"post": [0, 36, 0],
							"lerp_mode": "catmullrom"
						},
						"1.25": {
							"post": [0, -35, 0],
							"lerp_mode": "catmullrom"
						},
						"1.7917": {
							"post": [0, -35, 0],
							"lerp_mode": "catmullrom"
						},
						"2.2917": {
							"post": [0, 20, 0],
							"lerp_mode": "catmullrom"
						}
					},
					"position": {
						"0.0": [0, 0, 0],
						"0.25": [0.75, 0.5, 1],
						"0.4583": [1.5, 0, 2],
						"0.5": [1.5, -0.25, 2],
						"0.5417": [1.5, 0, 2],
						"1.0833": [1.5, 0, 2],
						"1.25": [0, 0, -8],
						"1.7917": [0, 0, -8],
						"2.0417": [-0.5, 0.5, -3.5],
						"2.25": [0, 0, 0],
						"2.2917": [0, -0.25, 0],
						"2.3333": [0, 0, 0]
					}
				},
				"head": {
					"rotation": {
						"0.0": [0, -20, 0],
						"1.0833": [0, -20, 0],
						"1.25": [0, 20, 0],
						"1.7917": [0, 20, 0],
						"2.2917": [0, -20, 0]
					}
				},
				"finger4": {
					"rotation": [0, 0, 5]
				},
				"finger5": {
					"rotation": [5, 0, 5],
					"position": [0, -0.1, 0]
				},
				"finger6": {
					"rotation": [-5, 0, 5],
					"position": [0, -0.1, 0]
				},
				"finger1": {
					"rotation": [0, 0, -5]
				},
				"finger2": {
					"rotation": [5, 0, -5],
					"position": [0, -0.1, 0]
				},
				"finger3": {
					"rotation": [-5, 0, -5],
					"position": [0, -0.1, 0]
				}
			}
		},
		"animation.ironhands.recoil": {
			"animation_length": 0.8333,
			"bones": {
				"body": {
					"rotation": {
						"0.0": {
							"post": [0, 0, 0],
							"lerp_mode": "catmullrom"
						},
						"0.0417": {
							"post": [-2.5, 0, 0],
							"lerp_mode": "catmullrom"
						},
						"0.125": {
							"post": [-2.5, 0, 0],
							"lerp_mode": "catmullrom"
						},
						"0.3333": {
							"post": [0, 0, 0],
							"lerp_mode": "catmullrom"
						}
					}
				},
				"rightfoot": {
					"rotation": {
						"0.0": {
							"post": [0, 0, 0],
							"lerp_mode": "catmullrom"
						},
						"0.0417": {
							"post": [2.5, 0, 0],
							"lerp_mode": "catmullrom"
						},
						"0.125": {
							"post": [2.5, 0, 0],
							"lerp_mode": "catmullrom"
						},
						"0.3333": {
							"post": [0, 0, 0],
							"lerp_mode": "catmullrom"
						}
					}
				},
				"leftfoot": {
					"rotation": {
						"0.0": {
							"post": [0, 0, 0],
							"lerp_mode": "catmullrom"
						},
						"0.0417": {
							"post": [2.5, 0, 0],
							"lerp_mode": "catmullrom"
						},
						"0.125": {
							"post": [2.5, 0, 0],
							"lerp_mode": "catmullrom"
						},
						"0.3333": {
							"post": [0, 0, 0],
							"lerp_mode": "catmullrom"
						}
					}
				},
				"upperbody": {
					"rotation": {
						"0.0": {
							"post": [0, 0, 0],
							"lerp_mode": "catmullrom"
						},
						"0.0833": {
							"post": [-5, 0, 0],
							"lerp_mode": "catmullrom"
						},
						"0.1667": {
							"post": [-5, 0, 0],
							"lerp_mode": "catmullrom"
						},
						"0.3333": {
							"post": [0, 0, 0],
							"lerp_mode": "catmullrom"
						}
					},
					"position": {
						"0.5": {
							"pre": [0, 0, 0],
							"post": [0, 0, 0],
							"lerp_mode": "catmullrom"
						},
						"0.5833": {
							"post": [0, -0.25, 0],
							"lerp_mode": "catmullrom"
						},
						"0.6667": {
							"post": [0, 0, 0],
							"lerp_mode": "catmullrom"
						}
					}
				},
				"rightHand": {
					"rotation": {
						"0.0": {
							"post": [0, 0, 0],
							"lerp_mode": "catmullrom"
						},
						"0.0417": {
							"post": [-5, -10, 0],
							"lerp_mode": "catmullrom"
						},
						"0.2917": {
							"post": [0, 0, 0],
							"lerp_mode": "catmullrom"
						}
					}
				},
				"leftHand": {
					"rotation": {
						"0.0": {
							"post": [0, 0, 0],
							"lerp_mode": "catmullrom"
						},
						"0.0417": {
							"post": [-5, 10, 0],
							"lerp_mode": "catmullrom"
						},
						"0.2917": {
							"post": [0, 0, 0],
							"lerp_mode": "catmullrom"
						}
					}
				},
				"head": {
					"rotation": {
						"0.0": {
							"post": [0, 0, 0],
							"lerp_mode": "catmullrom"
						},
						"0.0417": {
							"post": [5, 0, 0],
							"lerp_mode": "catmullrom"
						},
						"0.2083": {
							"post": [-5, 0, 0],
							"lerp_mode": "catmullrom"
						},
						"0.2917": {
							"post": [0, 0, 0],
							"lerp_mode": "catmullrom"
						},
						"0.5833": {
							"post": [0, 0, 0],
							"lerp_mode": "catmullrom"
						},
						"0.6667": {
							"post": [2.5, 0, 0],
							"lerp_mode": "catmullrom"
						},
						"0.75": {
							"post": [0, 0, 0],
							"lerp_mode": "catmullrom"
						}
					}
				}
			}
		},
		"animation.ironhands.cry": {
			"animation_length": 2,
			"bones": {
				"head": {
					"rotation": {
						"0.0": [0, 0, 0],
						"0.25": {
							"pre": [-2.5, 0, 0],
							"post": [-2.5, 0, 0],
							"lerp_mode": "catmullrom"
						},
						"0.625": {
							"post": [-2.5, 0, 0],
							"lerp_mode": "catmullrom"
						},
						"1.75": [0, 0, 0]
					}
				},
				"upperbody": {
					"position": {
						"0.0": {
							"post": [0, 0, 0],
							"lerp_mode": "catmullrom"
						},
						"0.0833": {
							"post": [0, -0.5, 0],
							"lerp_mode": "catmullrom"
						},
						"0.2083": {
							"post": [0, 0, 0],
							"lerp_mode": "catmullrom"
						},
						"1.0": {
							"post": [0, 0, 0],
							"lerp_mode": "catmullrom"
						},
						"1.5": {
							"post": [0, -0.25, 0],
							"lerp_mode": "catmullrom"
						},
						"1.875": {
							"post": [0, 0, 0],
							"lerp_mode": "catmullrom"
						}
					}
				},
				"leftHand": {
					"rotation": {
						"0.0": {
							"post": [0, 0, 0],
							"lerp_mode": "catmullrom"
						},
						"0.25": {
							"post": [-2.5, 0, -2.5],
							"lerp_mode": "catmullrom"
						},
						"0.8333": {
							"post": [-2.5, 0, -2.5],
							"lerp_mode": "catmullrom"
						},
						"1.6667": {
							"post": [0, 0, 0],
							"lerp_mode": "catmullrom"
						}
					},
					"position": {
						"0.0": {
							"post": [0, 0, 0],
							"lerp_mode": "catmullrom"
						},
						"0.375": {
							"post": [0, 0.5, 0],
							"lerp_mode": "catmullrom"
						},
						"0.75": {
							"post": [0, 0.5, 0],
							"lerp_mode": "catmullrom"
						},
						"1.5417": {
							"post": [0, 0, 0],
							"lerp_mode": "catmullrom"
						}
					}
				},
				"rightHand": {
					"rotation": {
						"0.0": {
							"post": [0, 0, 0],
							"lerp_mode": "catmullrom"
						},
						"0.25": {
							"post": [-2.5, 0, 2.5],
							"lerp_mode": "catmullrom"
						},
						"0.8333": {
							"post": [-2.5, 0, 2.5],
							"lerp_mode": "catmullrom"
						},
						"1.6667": {
							"post": [0, 0, 0],
							"lerp_mode": "catmullrom"
						}
					},
					"position": {
						"0.0": {
							"post": [0, 0, 0],
							"lerp_mode": "catmullrom"
						},
						"0.375": {
							"post": [0, 0.5, 0],
							"lerp_mode": "catmullrom"
						},
						"0.75": {
							"post": [0, 0.5, 0],
							"lerp_mode": "catmullrom"
						},
						"1.5417": {
							"post": [0, 0, 0],
							"lerp_mode": "catmullrom"
						}
					}
				}
			},
			"sound_effects": {
				"0.0417": {
					"effect": "pokemon.ironhands.cry"
				}
			}
		}
	}
}