{
	"format_version": "1.12.0",
	"minecraft:geometry": [
		{
			"description": {
				"identifier": "geometry.zangoose",
				"texture_width": 128,
				"texture_height": 128,
				"visible_bounds_width": 5,
				"visible_bounds_height": 5,
				"visible_bounds_offset": [0, 1.5, 0]
			},
			"bones": [
				{
					"name": "zangoose",
					"pivot": [0, 0, 0]
				},
				{
					"name": "bone",
					"parent": "zangoose",
					"pivot": [0, 0, 0]
				},
				{
					"name": "right_thigh",
					"parent": "bone",
					"pivot": [-3, 6.7, 0],
					"rotation": [-12.5, 0, 0],
					"cubes": [
						{"origin": [-7, 2.7, -2], "size": [5, 6, 6], "uv": [0, 34]}
					]
				},
				{
					"name": "right_leg",
					"parent": "right_thigh",
					"pivot": [-4, 2.7, -1],
					"rotation": [12.5, 0, 0],
					"cubes": [
						{"origin": [-6.5, 0.7, -1.5], "size": [4, 2, 5], "uv": [36, 50]}
					]
				},
				{
					"name": "right_foot",
					"parent": "right_leg",
					"pivot": [-4, 0.7, 2],
					"cubes": [
						{"origin": [-6.5, -0.3, -2.5], "size": [4, 1, 6], "uv": [42, 43]},
						{"origin": [-3, -0.3, -3.5], "size": [0, 1, 1], "uv": [16, 60]},
						{"origin": [-4.5, -0.3, -3.5], "size": [0, 1, 1], "uv": [14, 60]},
						{"origin": [-6, -0.3, -3.5], "size": [0, 1, 1], "uv": [52, 57]}
					]
				},
				{
					"name": "left_thigh",
					"parent": "bone",
					"pivot": [3, 6.7, 0],
					"rotation": [-12.5, 0, 0],
					"cubes": [
						{"origin": [2, 2.7, -2], "size": [5, 6, 6], "uv": [32, 23]}
					]
				},
				{
					"name": "left_leg",
					"parent": "left_thigh",
					"pivot": [4, 2.7, -1],
					"rotation": [12.5, 0, 0],
					"cubes": [
						{"origin": [2.5, 0.7, -1.5], "size": [4, 2, 5], "uv": [0, 46]}
					]
				},
				{
					"name": "left_foot",
					"parent": "left_leg",
					"pivot": [4, 0.7, 2],
					"cubes": [
						{"origin": [2.5, -0.3, -2.5], "size": [4, 1, 6], "uv": [22, 43]},
						{"origin": [3, -0.3, -3.5], "size": [0, 1, 1], "uv": [46, 57]},
						{"origin": [4.5, -0.3, -3.5], "size": [0, 1, 1], "uv": [48, 57]},
						{"origin": [6, -0.3, -3.5], "size": [0, 1, 1], "uv": [50, 57]}
					]
				},
				{
					"name": "body",
					"parent": "bone",
					"pivot": [0, 6, 0],
					"cubes": [
						{"origin": [-5, 4.7, -3], "size": [10, 9, 8], "uv": [0, 111]}
					]
				},
				{
					"name": "upperbody",
					"parent": "body",
					"pivot": [0, 13.8, 1],
					"cubes": [
						{"origin": [-4, 12.7, -2.5], "size": [8, 6, 7], "uv": [0, 98]}
					]
				},
				{
					"name": "right_fluff",
					"parent": "upperbody",
					"pivot": [-4, 18, 0.5],
					"cubes": [
						{"origin": [-7, 18.1, 0], "size": [4, 0, 2], "uv": [20, 65]},
						{"origin": [-6, 18, 1.6], "size": [4, 0, 2], "pivot": [-3.5, 18, 2.6], "rotation": [0, 17.5, 0], "uv": [32, 65]},
						{"origin": [-6, 18, -1.6], "size": [4, 0, 2], "pivot": [-3.5, 18, -0.6], "rotation": [0, -17.5, 0], "uv": [8, 67]}
					]
				},
				{
					"name": "left_fluff",
					"parent": "upperbody",
					"pivot": [4, 18, 0.5],
					"cubes": [
						{"origin": [3, 18.1, 0], "size": [4, 0, 2], "uv": [60, 8]},
						{"origin": [2, 18, 1.6], "size": [4, 0, 2], "pivot": [3.5, 18, 2.6], "rotation": [0, -17.5, 0], "uv": [62, 48]},
						{"origin": [2, 18, -1.6], "size": [4, 0, 2], "pivot": [3.5, 18, -0.6], "rotation": [0, 17.5, 0], "uv": [8, 65]}
					]
				},
				{
					"name": "head",
					"parent": "upperbody",
					"pivot": [0, 18.7, 0.5],
					"cubes": [
						{"origin": [-3.5, 18.7, -2.5], "size": [7, 6, 7], "uv": [0, 21]},
						{"origin": [-3, 18.9, -3.3], "size": [6, 2, 2], "pivot": [-1, 20.4, -2.3], "rotation": [15, 0, 0], "uv": [58, 19]},
						{"origin": [-0.5, 20.91, -3.3], "size": [1, 0, 1], "pivot": [-0.5, 20.4, -2.3], "rotation": [15, 0, 0], "uv": [61, 28]}
					]
				},
				{
					"name": "left_eyeblink",
					"parent": "head",
					"pivot": [2, 21.2, -1.5],
					"cubes": [
						{"origin": [1, 20.7, -1.51], "size": [2, 2, 0], "uv": [14, 46]},
						{"origin": [1.75, 21.2, -1.515], "size": [1, 1, 0], "uv": [18, 34]}
					]
				},
				{
					"name": "right_eyeblink",
					"parent": "head",
					"pivot": [-2, 21.2, -4.5],
					"cubes": [
						{"origin": [-3, 20.7, -1.51], "size": [2, 2, 0], "uv": [14, 48], "mirror": true},
						{"origin": [-2.75, 21.2, -1.515], "size": [1, 1, 0], "uv": [22, 35]}
					]
				},
				{
					"name": "mouth2",
					"parent": "head",
					"pivot": [0, 19.4, -2.1],
					"rotation": [15, 0, 0],
					"cubes": [
						{"origin": [-0.5, 18.8, -2.11], "size": [1, 1, 0], "uv": [2, 6]},
						{"origin": [-1, 19.3, -2.1], "size": [2, 1, 0], "uv": [1, 5]}
					]
				},
				{
					"name": "mouth1",
					"parent": "head",
					"pivot": [0, 19.4, -3.1],
					"rotation": [15, 0, 0],
					"cubes": [
						{"origin": [-1.3, 18.7, -3.1], "size": [1, 1, 0], "uv": [4, 3]},
						{"origin": [0.3, 18.7, -3.1], "size": [1, 1, 0], "uv": [4, 3], "mirror": true},
						{"origin": [-0.5, 19.4, -3.1], "size": [1, 1, 0], "uv": [2, 4]}
					]
				},
				{
					"name": "right_ear",
					"parent": "head",
					"pivot": [-3, 23.2, 2.5],
					"rotation": [42.5, 0, 0],
					"cubes": [
						{"origin": [-4, 22.2, 1.5], "size": [1, 3, 6], "uv": [54, 50]},
						{"origin": [-3.5, 22.2, 7.4], "size": [0, 2, 4], "pivot": [-2.5, 22.2, 7.4], "rotation": [-2.5, 0, 0], "uv": [0, 65]},
						{"origin": [-3.5, 24.2, 6], "size": [0, 1, 3], "pivot": [-2.5, 24.2, 6], "rotation": [7.5, 0, 0], "uv": [68, 50]}
					]
				},
				{
					"name": "left_ear",
					"parent": "head",
					"pivot": [3, 23.2, 2.5],
					"rotation": [42.5, 0, 0],
					"cubes": [
						{"origin": [3, 22.2, 1.5], "size": [1, 3, 6], "uv": [54, 23]},
						{"origin": [3.5, 22.2, 7.4], "size": [0, 2, 4], "pivot": [2.5, 22.2, 7.4], "rotation": [-2.5, 0, 0], "uv": [46, 64]},
						{"origin": [3.5, 24.2, 6], "size": [0, 1, 3], "pivot": [2.5, 24.2, 6], "rotation": [7.5, 0, 0], "uv": [40, 67]}
					]
				},
				{
					"name": "right_eye",
					"parent": "head",
					"pivot": [-2, 21.2, -2.5],
					"cubes": [
						{"origin": [-3, 20.7, -2.51], "size": [2, 2, 0], "uv": [18, 46], "mirror": true},
						{"origin": [-2.5, 21.2, -2.515], "size": [1, 1, 0], "uv": [22, 34]}
					]
				},
				{
					"name": "left_eye",
					"parent": "head",
					"pivot": [2, 21.2, -2.5],
					"cubes": [
						{"origin": [1, 20.7, -2.51], "size": [2, 2, 0], "uv": [18, 46]},
						{"origin": [1.5, 21.2, -2.515], "size": [1, 1, 0], "uv": [22, 34]}
					]
				},
				{
					"name": "left_arm",
					"parent": "upperbody",
					"pivot": [3.5, 16, 0.5],
					"cubes": [
						{"origin": [3.5, 14.7, -2], "size": [5, 3, 5], "uv": [0, 82]}
					]
				},
				{
					"name": "left_arm2",
					"parent": "left_arm",
					"pivot": [8.5, 16.7, 1],
					"cubes": [
						{"origin": [8.5, 14.7, -2], "size": [4, 3, 5], "uv": [22, 35]}
					]
				},
				{
					"name": "fluff3",
					"parent": "left_arm2",
					"pivot": [12, 16.7, 2.5],
					"rotation": [0, 50, 0],
					"cubes": [
						{"origin": [10, 16.7, 1.5], "size": [2, 0, 3], "uv": [64, 67]}
					]
				},
				{
					"name": "fluff1",
					"parent": "left_arm2",
					"pivot": [12.5, 17.7, 0.5],
					"cubes": [
						{"origin": [12.5, 17.7, -2], "size": [2, 0, 5], "uv": [46, 59], "mirror": true}
					]
				},
				{
					"name": "claw2",
					"parent": "left_arm2",
					"pivot": [12.5, 16.2, -1],
					"cubes": [
						{"origin": [12.5, 15.2, -2], "size": [3, 2, 2], "uv": [62, 40], "mirror": true},
						{"origin": [15.3, 15.2, -1.5], "size": [2, 2, 1], "pivot": [15.3, 16.2, -0.5], "rotation": [0, 0, 7.5], "uv": [68, 29]}
					]
				},
				{
					"name": "claw1",
					"parent": "left_arm2",
					"pivot": [12.5, 16.2, 2],
					"cubes": [
						{"origin": [12.5, 15.2, 1], "size": [3, 2, 2], "uv": [62, 40], "mirror": true},
						{"origin": [15.3, 15.2, 1.5], "size": [2, 2, 1], "pivot": [15.3, 16.2, 2.5], "rotation": [0, 0, 7.5], "uv": [68, 29]}
					]
				},
				{
					"name": "fluff2",
					"parent": "left_arm2",
					"pivot": [12, 16.7, -2],
					"rotation": [0, -50, 0],
					"cubes": [
						{"origin": [10.5, 16.7, -3.5], "size": [2, 0, 3], "uv": [68, 26], "mirror": true}
					]
				},
				{
					"name": "right_arm",
					"parent": "upperbody",
					"pivot": [-3.5, 16, 0.5],
					"cubes": [
						{"origin": [-8.5, 14.7, -2], "size": [5, 3, 5], "uv": [0, 82], "mirror": true}
					]
				},
				{
					"name": "right_arm2",
					"parent": "right_arm",
					"pivot": [-8.5, 16.7, 1],
					"cubes": [
						{"origin": [-12.5, 14.7, -2], "size": [4, 3, 5], "uv": [43, 35]}
					]
				},
				{
					"name": "fluff4",
					"parent": "right_arm2",
					"pivot": [-12, 16.7, 2.5],
					"rotation": [0, -50, 0],
					"cubes": [
						{"origin": [-12, 16.7, 1.5], "size": [2, 0, 3], "uv": [64, 67], "mirror": true}
					]
				},
				{
					"name": "fluff5",
					"parent": "right_arm2",
					"pivot": [-12, 16.7, -2],
					"rotation": [0, 50, 0],
					"cubes": [
						{"origin": [-12.5, 16.7, -3.5], "size": [2, 0, 3], "uv": [68, 26]}
					]
				},
				{
					"name": "fluff6",
					"parent": "right_arm2",
					"pivot": [-12.5, 17.7, 0.5],
					"cubes": [
						{"origin": [-14.5, 17.7, -2], "size": [2, 0, 5], "uv": [0, 60]}
					]
				},
				{
					"name": "claw3",
					"parent": "right_arm2",
					"pivot": [-12.5, 16.2, -1],
					"cubes": [
						{"origin": [-15.5, 15.2, -2], "size": [3, 2, 2], "uv": [62, 40]},
						{"origin": [-17.3, 15.2, -1.5], "size": [2, 2, 1], "pivot": [-15.3, 16.2, -0.5], "rotation": [0, 0, -7.5], "uv": [68, 29], "mirror": true}
					]
				},
				{
					"name": "claw4",
					"parent": "right_arm2",
					"pivot": [-12.5, 16.2, 2],
					"cubes": [
						{"origin": [-15.5, 15.2, 1], "size": [3, 2, 2], "uv": [62, 40]},
						{"origin": [-17.3, 15.2, 1.5], "size": [2, 2, 1], "pivot": [-15.3, 16.2, 2.5], "rotation": [0, 0, -7.5], "uv": [68, 29], "mirror": true}
					]
				},
				{
					"name": "tail",
					"parent": "body",
					"pivot": [0, 6, 4.5],
					"cubes": [
						{"origin": [-3.5, 3, 4], "size": [7, 9, 9], "uv": [0, 0]},
						{"origin": [-3.5, 3, 4], "size": [7, 9, 9], "uv": [0, 0]}
					]
				},
				{
					"name": "tail5",
					"parent": "tail",
					"pivot": [0, 4.5, 13],
					"cubes": [
						{"origin": [-1, 3, 13], "size": [2, 3, 5], "uv": [58, 11]}
					]
				},
				{
					"name": "tail6",
					"parent": "tail5",
					"pivot": [0, 4.5, 18],
					"cubes": [
						{"origin": [0, 3, 18], "size": [0, 3, 6], "uv": [61, 31]}
					]
				},
				{
					"name": "tail3",
					"parent": "tail",
					"pivot": [0, 7.5, 13],
					"cubes": [
						{"origin": [-1, 6, 13], "size": [2, 3, 5], "uv": [32, 57]}
					]
				},
				{
					"name": "tail4",
					"parent": "tail3",
					"pivot": [0, 7.5, 18],
					"cubes": [
						{"origin": [0, 6, 18], "size": [0, 3, 6], "uv": [61, 31]}
					]
				},
				{
					"name": "tail1",
					"parent": "tail",
					"pivot": [0, 10.5, 13],
					"cubes": [
						{"origin": [-1, 9, 13], "size": [2, 3, 5], "uv": [18, 57]}
					]
				},
				{
					"name": "tail2",
					"parent": "tail1",
					"pivot": [0, 10.5, 18],
					"cubes": [
						{"origin": [0, 9, 18], "size": [0, 3, 6], "uv": [61, 31]}
					]
				}
			]
		}
	]
}