{
	"format_version": "1.12.0",
	"minecraft:geometry": [
		{
			"description": {
				"identifier": "geometry.zekrom",
				"texture_width": 1024,
				"texture_height": 512,
				"visible_bounds_width": 20,
				"visible_bounds_height": 10.5,
				"visible_bounds_offset": [0, 4.75, 0]
			},
			"bones": [
				{
					"name": "zekrom",
					"pivot": [0, 0, 0]
				},
				{
					"name": "body",
					"parent": "zekrom",
					"pivot": [0, 51.525, 5]
				},
				{
					"name": "leg_left",
					"parent": "body",
					"pivot": [4, 54.525, 6.25],
					"rotation": [-4.8077, -24.51891, -28.48731],
					"cubes": [
						{"origin": [2.95529, 38.34844, 0.11759], "size": [11, 18, 13], "uv": [0, 276]}
					]
				},
				{
					"name": "bone6",
					"parent": "leg_left",
					"pivot": [13.1113, 45.5222, 4.61759],
					"rotation": [-30.18812, 4.72739, -0.60271],
					"cubes": [
						{"origin": [-0.54471, 32.75661, -0.28689], "size": [17, 13, 18], "uv": [194, 220]},
						{"origin": [-0.04471, 20.75661, 0.21311], "size": [16, 12, 16], "uv": [266, 63]}
					]
				},
				{
					"name": "bone7",
					"parent": "bone6",
					"pivot": [8.70529, 20.75661, 0.21311],
					"rotation": [33, 0, 0],
					"cubes": [
						{"origin": [3.45529, 12.75661, 0.21311], "size": [11, 8, 11], "uv": [320, 44]}
					]
				},
				{
					"name": "bone8",
					"parent": "bone7",
					"pivot": [9.20529, 12.75661, 0.21311],
					"rotation": [46.25, 0, 0],
					"cubes": [
						{"origin": [1.95529, -13.24339, 0.21311], "size": [13, 26, 14], "uv": [72, 259]},
						{"origin": [8.95529, -13.24339, 3.21311], "size": [0, 5, 15], "uv": [336, 130]}
					]
				},
				{
					"name": "bone9",
					"parent": "bone8",
					"pivot": [8.70529, -10.24339, 10.71311],
					"rotation": [-29.87767, 13.44449, 24.21374],
					"cubes": [
						{"origin": [-0.29471, -27.49339, -1.28689], "size": [18, 17, 17], "uv": [441, 139]}
					]
				},
				{
					"name": "bone110",
					"parent": "bone9",
					"pivot": [8.70529, -27.49339, -1.28689],
					"cubes": [
						{"origin": [0.70529, -27.49339, -7.28689], "size": [16, 11, 6], "inflate": 0.015, "uv": [292, 107]}
					]
				},
				{
					"name": "bone13",
					"parent": "bone110",
					"pivot": [7.37965, -27.32835, -7.51024]
				},
				{
					"name": "bone10",
					"parent": "bone13",
					"pivot": [12.20529, -22.49339, -7.28689],
					"rotation": [0, -10, 0],
					"cubes": [
						{"origin": [11.20529, -27.49339, -11.28689], "size": [5, 8, 5], "uv": [22, 356]},
						{"origin": [13.70529, -27.49339, -15.28689], "size": [0, 8, 4], "uv": [182, 239]}
					]
				},
				{
					"name": "bone11",
					"parent": "bone13",
					"pivot": [9.45529, -16.49339, -20.78689],
					"cubes": [
						{"origin": [6.20529, -27.49339, -11.78689], "size": [5, 8, 5], "uv": [22, 356]},
						{"origin": [8.70529, -27.49339, -16.78689], "size": [0, 8, 5], "uv": [182, 226]}
					]
				},
				{
					"name": "bone12",
					"parent": "bone13",
					"pivot": [6.20529, -25.49339, -7.28689],
					"rotation": [0, 12.5, 0],
					"cubes": [
						{"origin": [1.20529, -27.49339, -11.28689], "size": [5, 8, 5], "uv": [22, 356]},
						{"origin": [3.70529, -27.49339, -16.28689], "size": [0, 8, 5], "uv": [48, 238]}
					]
				},
				{
					"name": "leg_right",
					"parent": "body",
					"pivot": [-4, 54.525, 6.25],
					"rotation": [-4.8077, 24.51891, 28.48731],
					"cubes": [
						{"origin": [-13.95529, 38.34844, 0.11759], "size": [11, 18, 13], "uv": [180, 281]}
					]
				},
				{
					"name": "bone5",
					"parent": "leg_right",
					"pivot": [-13.1113, 45.5222, 4.61759],
					"rotation": [-30.18812, -4.72739, 0.60271],
					"cubes": [
						{"origin": [-16.45529, 32.75661, -0.28689], "size": [17, 13, 18], "uv": [222, 93]},
						{"origin": [-15.95529, 20.75661, 0.21311], "size": [16, 12, 16], "uv": [272, 124]}
					]
				},
				{
					"name": "bone14",
					"parent": "bone5",
					"pivot": [-8.70529, 20.75661, 0.21311],
					"rotation": [30.5, 0, 0],
					"cubes": [
						{"origin": [-14.45529, 12.75661, 0.21311], "size": [11, 8, 11], "uv": [324, 152]}
					]
				},
				{
					"name": "bone15",
					"parent": "bone14",
					"pivot": [-9.20529, 12.75661, 0.21311],
					"rotation": [48.75, 0, 0],
					"cubes": [
						{"origin": [-14.95529, -13.24339, 0.21311], "size": [13, 26, 14], "uv": [126, 259]},
						{"origin": [-8.95529, -13.24339, 3.21311], "size": [0, 5, 15], "uv": [336, 130]}
					]
				},
				{
					"name": "bone16",
					"parent": "bone15",
					"pivot": [-8.70529, -10.24339, 10.71311],
					"rotation": [-29.82669, -12.90885, -23.34069],
					"cubes": [
						{"origin": [-17.70529, -27.49339, -1.28689], "size": [18, 17, 17], "uv": [441, 139]}
					]
				},
				{
					"name": "bone112",
					"parent": "bone16",
					"pivot": [-8.70529, -26.99339, -1.28689],
					"cubes": [
						{"origin": [-16.70529, -27.49339, -7.28689], "size": [16, 11, 6], "inflate": 0.015, "uv": [292, 107], "mirror": true}
					]
				},
				{
					"name": "bone17",
					"parent": "bone112",
					"pivot": [-7.37965, -27.32835, -7.51024]
				},
				{
					"name": "bone18",
					"parent": "bone17",
					"pivot": [-12.20529, -22.49339, -7.28689],
					"rotation": [0, 10, 0],
					"cubes": [
						{"origin": [-16.20529, -27.49339, -11.28689], "size": [5, 8, 5], "uv": [356, 258]},
						{"origin": [-13.70529, -27.49339, -15.28689], "size": [0, 8, 4], "uv": [204, 330]}
					]
				},
				{
					"name": "bone19",
					"parent": "bone17",
					"pivot": [-9.45529, -16.49339, -20.78689],
					"cubes": [
						{"origin": [-11.20529, -27.49339, -11.78689], "size": [5, 8, 5], "uv": [22, 356]},
						{"origin": [-8.70529, -27.49339, -16.78689], "size": [0, 8, 5], "uv": [214, 355]}
					]
				},
				{
					"name": "bone20",
					"parent": "bone17",
					"pivot": [-6.20529, -25.49339, -7.28689],
					"rotation": [0, -12.5, 0],
					"cubes": [
						{"origin": [-6.20529, -27.49339, -11.28689], "size": [5, 8, 5], "uv": [22, 356]},
						{"origin": [-3.70529, -27.49339, -16.28689], "size": [0, 8, 5], "uv": [360, 0]}
					]
				},
				{
					"name": "torso2",
					"parent": "body",
					"pivot": [0, 43.525, 6],
					"cubes": [
						{"origin": [-13, 33.525, -3], "size": [26, 23, 25], "uv": [0, 124]},
						{"origin": [-0.5, 33.525, -3], "size": [1, 23, 25], "inflate": 0.015, "uv": [187, 419]},
						{"origin": [-0.5, 51.525, -2], "size": [1, 13, 21], "inflate": 0.02, "uv": [191, 385]},
						{"origin": [-11, 56.525, -2], "size": [22, 8, 21], "uv": [128, 29]}
					]
				},
				{
					"name": "bone4",
					"parent": "torso2",
					"pivot": [0, 64.025, 14],
					"cubes": [
						{"origin": [-9, 63.025, -0.5], "size": [18, 16, 17], "uv": [194, 187]},
						{"origin": [-0.45, 63.025, 5.55], "size": [1, 16, 11], "uv": [488, 176]}
					]
				},
				{
					"name": "torso",
					"parent": "bone4",
					"pivot": [0, 0.525, 0]
				},
				{
					"name": "chest",
					"parent": "torso",
					"pivot": [0, 75.025, 15.5],
					"cubes": [
						{"origin": [-14.5, 75.025, -2.5], "size": [29, 19, 23], "uv": [0, 470]}
					]
				},
				{
					"name": "neck",
					"parent": "chest",
					"pivot": [0, 92.025, 11],
					"rotation": [17.5, 0, 0],
					"cubes": [
						{"origin": [-5.5, 99.60032, 2.06699], "size": [11, 12, 11], "uv": [468, 2]},
						{"origin": [0, 103.60032, 4.06699], "size": [0, 5, 14], "uv": [484, 23]},
						{"origin": [-6.5, 92.10032, 1.06699], "size": [13, 9, 14], "uv": [264, 225]}
					]
				},
				{
					"name": "head",
					"parent": "neck",
					"pivot": [0.01072, 106.07887, 8.85449],
					"rotation": [-10, 0, 0],
					"cubes": [
						{"origin": [-7, 110.09589, -7.08602], "size": [14, 10, 20], "uv": [182, 251]},
						{"origin": [7, 106.09589, -6.08602], "size": [0, 4, 7], "uv": [102, 124]},
						{"origin": [-7, 106.09589, -6.08602], "size": [0, 4, 7], "uv": [102, 124], "mirror": true},
						{"origin": [-7, 106.09589, 0.91398], "size": [14, 4, 12], "inflate": 0.02, "uv": [292, 91]},
						{"origin": [-0.5, 106.09589, 7.91398], "size": [1, 9, 5], "inflate": 0.03, "uv": [500, 85]},
						{"origin": [-4.5, 110.09589, -12.08602], "size": [9, 7, 5], "uv": [94, 351]},
						{"origin": [-3.75, 107.59589, -11.93602], "size": [6, 6, 2], "pivot": [0.75, 110.09589, -9.43602], "rotation": [0, 0, 45], "uv": [102, 135]}
					]
				},
				{
					"name": "eyelid_left",
					"parent": "head",
					"pivot": [5.05, 114.84589, -3.58602],
					"cubes": [
						{"origin": [4.05, 113.34589, -6.08602], "size": [2, 3, 5], "uv": [-3, -3]}
					]
				},
				{
					"name": "eyelid_right",
					"parent": "head",
					"pivot": [-5.05, 114.84589, -3.58602],
					"cubes": [
						{"origin": [-6.05, 113.34589, -6.08602], "size": [2, 3, 5], "uv": [-3, -3]}
					]
				},
				{
					"name": "eye_left",
					"parent": "head",
					"pivot": [0, 109.34589, -6.68602],
					"cubes": [
						{"origin": [7.025, 113.09589, -6.08602], "size": [0, 3, 5], "uv": [314, 273]},
						{"origin": [6.075, 112.59803, -6.09366], "size": [1, 1, 5], "uv": [344, 100]},
						{"origin": [6.05, 113.59803, -2.86866], "size": [1, 1, 2], "inflate": 0.02, "uv": [72, 184]},
						{"origin": [6.05, 113.59803, -6.61866], "size": [1, 1, 1], "inflate": 0.01, "uv": [102, 143]}
					]
				},
				{
					"name": "bone79",
					"parent": "eye_left",
					"pivot": [8.025, 113.09589, -3.03602]
				},
				{
					"name": "bone78",
					"parent": "bone79",
					"pivot": [7.025, 115.60839, -4.09852],
					"cubes": [
						{"origin": [7.025, 114.59589, -5.11102], "size": [0, 2, 2], "inflate": 0.01, "uv": [190, 239]},
						{"origin": [7.025, 115.12089, -4.58602], "size": [0, 1, 1], "inflate": 0.02, "uv": [116, 124]}
					]
				},
				{
					"name": "bone77",
					"parent": "bone79",
					"pivot": [6.6, 116.34589, -3.63602],
					"rotation": [5, 0, 0],
					"cubes": [
						{"origin": [6.1, 115.84589, -6.13602], "size": [1, 1, 5], "uv": [102, 253]}
					]
				},
				{
					"name": "bone80",
					"parent": "head",
					"pivot": [0, 109.34589, -6.68602],
					"cubes": [
						{"origin": [-7.025, 113.09589, -6.08602], "size": [0, 3, 5], "uv": [324, 171]},
						{"origin": [-7.05, 112.34803, -6.09366], "size": [1, 1, 5], "uv": [94, 345]},
						{"origin": [-7.05, 113.34803, -2.86866], "size": [1, 1, 2], "inflate": 0.02, "uv": [78, 184]},
						{"origin": [-7.05, 113.34803, -6.61866], "size": [1, 1, 1], "inflate": 0.01, "uv": [106, 143]}
					]
				},
				{
					"name": "bone81",
					"parent": "bone80",
					"pivot": [-8.025, 113.09589, -3.03602]
				},
				{
					"name": "bone82",
					"parent": "bone81",
					"pivot": [-7.025, 115.35839, -4.09852],
					"cubes": [
						{"origin": [-7.025, 114.34589, -5.11102], "size": [0, 2, 2], "inflate": 0.01, "uv": [248, 348]},
						{"origin": [-7.025, 114.87089, -4.58602], "size": [0, 1, 1], "inflate": 0.02, "uv": [116, 126]}
					]
				},
				{
					"name": "bone83",
					"parent": "bone81",
					"pivot": [-6.6, 116.34589, -3.63602],
					"rotation": [5, 0, 0],
					"cubes": [
						{"origin": [-7.1, 115.84589, -6.13602], "size": [1, 1, 5], "uv": [274, 348]}
					]
				},
				{
					"name": "bone21",
					"parent": "head",
					"pivot": [0, 120.59589, -1.58602],
					"rotation": [32.5, 0, 0],
					"cubes": [
						{"origin": [-3.5, 108.59589, -3.58602], "size": [7, 12, 11], "uv": [336, 107]}
					]
				},
				{
					"name": "bone22",
					"parent": "bone21",
					"pivot": [0, 120.59589, 7.41398],
					"rotation": [-30, 0, 0],
					"cubes": [
						{"origin": [-2.5, 109.59589, 7.41398], "size": [5, 11, 13], "uv": [334, 171]}
					]
				},
				{
					"name": "bone23",
					"parent": "bone22",
					"pivot": [0, 119.09589, 20.41398],
					"rotation": [-40, 0, 0],
					"cubes": [
						{"origin": [-2, 113.09589, 20.41398], "size": [4, 6, 6], "uv": [244, 358]}
					]
				},
				{
					"name": "bone25",
					"parent": "bone23",
					"pivot": [0, 113.09589, 26.41398],
					"rotation": [45, 0, 0],
					"cubes": [
						{"origin": [-1.5, 113.09589, 26.41398], "size": [3, 6, 6], "uv": [162, 299]}
					]
				},
				{
					"name": "bone26",
					"parent": "bone25",
					"pivot": [0, 113.09589, 32.41398],
					"rotation": [55, 0, 0],
					"cubes": [
						{"origin": [-1, 113.09589, 32.41398], "size": [2, 6, 11], "uv": [188, 347]}
					]
				},
				{
					"name": "bone27",
					"parent": "bone26",
					"pivot": [-1, 119.09589, 43.41398],
					"rotation": [-52.5, 0, 0],
					"cubes": [
						{"origin": [0, 113.09589, 43.41398], "size": [0, 6, 20], "uv": [290, 314]}
					]
				},
				{
					"name": "bone3",
					"parent": "head",
					"pivot": [0, 110.09589, 0.91398],
					"cubes": [
						{"origin": [-7, 106.09589, -7.08602], "size": [14, 4, 8], "inflate": -0.01, "uv": [58, 172]},
						{"origin": [-4.5, 106.09589, -10.08602], "size": [9, 4, 3], "uv": [334, 217]}
					]
				},
				{
					"name": "bone94",
					"parent": "bone3",
					"pivot": [4.1, 109.52089, -7.58602],
					"rotation": [0, 30, 0]
				},
				{
					"name": "bone95",
					"parent": "bone94",
					"pivot": [4.1, 109.52089, -7.58602],
					"rotation": [45, 0, 0],
					"cubes": [
						{"origin": [4.1, 108.52089, -8.58602], "size": [0, 2, 2], "uv": [324, 277]}
					]
				},
				{
					"name": "bone96",
					"parent": "bone3",
					"pivot": [-4.1, 109.52089, -7.58602],
					"rotation": [0, -30, 0]
				},
				{
					"name": "bone97",
					"parent": "bone96",
					"pivot": [-4.1, 109.52089, -7.58602],
					"rotation": [45, 0, 0],
					"cubes": [
						{"origin": [-4.1, 108.52089, -8.58602], "size": [0, 2, 2], "uv": [208, 342]}
					]
				},
				{
					"name": "bone98",
					"parent": "bone3",
					"pivot": [5.25, 109.52089, -5.33602],
					"rotation": [0, 20, 0]
				},
				{
					"name": "bone99",
					"parent": "bone98",
					"pivot": [5.25, 109.52089, -5.33602],
					"rotation": [45, 0, 0],
					"cubes": [
						{"origin": [5.25, 108.52089, -6.33602], "size": [0, 2, 2], "uv": [66, 341]}
					]
				},
				{
					"name": "bone104",
					"parent": "bone3",
					"pivot": [-5.25, 109.52089, -5.33602],
					"rotation": [0, -20, 0]
				},
				{
					"name": "bone105",
					"parent": "bone104",
					"pivot": [-5.25, 109.52089, -5.33602],
					"rotation": [45, 0, 0],
					"cubes": [
						{"origin": [-5.25, 108.52089, -6.33602], "size": [0, 2, 2], "uv": [244, 344]}
					]
				},
				{
					"name": "bone100",
					"parent": "bone3",
					"pivot": [6.1, 109.52089, -2.83602],
					"rotation": [0, 15, 0]
				},
				{
					"name": "bone101",
					"parent": "bone100",
					"pivot": [6.1, 109.52089, -2.83602],
					"rotation": [45, 0, 0],
					"cubes": [
						{"origin": [6.1, 108.52089, -3.83602], "size": [0, 2, 2], "uv": [154, 341]}
					]
				},
				{
					"name": "bone106",
					"parent": "bone3",
					"pivot": [-6.1, 109.52089, -2.83602],
					"rotation": [0, -15, 0]
				},
				{
					"name": "bone107",
					"parent": "bone106",
					"pivot": [-6.1, 109.52089, -2.83602],
					"rotation": [45, 0, 0],
					"cubes": [
						{"origin": [-6.1, 108.52089, -3.83602], "size": [0, 2, 2], "uv": [248, 344]}
					]
				},
				{
					"name": "bone102",
					"parent": "bone3",
					"pivot": [6.6, 109.52089, -0.58602],
					"rotation": [0, 10, 0]
				},
				{
					"name": "bone103",
					"parent": "bone102",
					"pivot": [6.6, 109.52089, -0.58602],
					"rotation": [45, 0, 0],
					"cubes": [
						{"origin": [6.6, 108.52089, -1.58602], "size": [0, 2, 2], "uv": [204, 342]}
					]
				},
				{
					"name": "bone108",
					"parent": "bone3",
					"pivot": [-6.6, 109.52089, -0.58602],
					"rotation": [0, -10, 0]
				},
				{
					"name": "bone109",
					"parent": "bone108",
					"pivot": [-6.6, 109.52089, -0.58602],
					"rotation": [45, 0, 0],
					"cubes": [
						{"origin": [-6.6, 108.52089, -1.58602], "size": [0, 2, 2], "uv": [244, 348]}
					]
				},
				{
					"name": "bone111",
					"parent": "bone3",
					"pivot": [0, 110.09589, 0.91398],
					"cubes": [
						{"origin": [-4, 108.84589, -6.08602], "size": [8, 2, 8], "uv": [598, 13]},
						{"origin": [-3, 108.84589, -9.08602], "size": [6, 2, 3], "uv": [606, 5]}
					]
				},
				{
					"name": "bone88",
					"parent": "head",
					"pivot": [-3.7, 110.12089, -8.58602]
				},
				{
					"name": "bone84",
					"parent": "bone88",
					"pivot": [-3.7, 110.12089, -8.83602],
					"rotation": [0, -20, 0]
				},
				{
					"name": "bone85",
					"parent": "bone84",
					"pivot": [-3.7, 110.12089, -8.83602],
					"rotation": [45, 0, 0],
					"cubes": [
						{"origin": [-3.7, 109.12089, -9.83602], "size": [0, 2, 2], "uv": [190, 243]}
					]
				},
				{
					"name": "bone86",
					"parent": "bone88",
					"pivot": [-4.95, 110.12089, -4.83602],
					"rotation": [0, -20, 0]
				},
				{
					"name": "bone87",
					"parent": "bone86",
					"pivot": [-4.95, 110.12089, -4.83602],
					"rotation": [45, 0, 0],
					"cubes": [
						{"origin": [-4.95, 109.12089, -5.83602], "size": [0, 2, 2], "uv": [190, 247]}
					]
				},
				{
					"name": "bone89",
					"parent": "head",
					"pivot": [3.7, 110.12089, -8.58602]
				},
				{
					"name": "bone90",
					"parent": "bone89",
					"pivot": [3.7, 110.12089, -8.83602],
					"rotation": [0, 20, 0]
				},
				{
					"name": "bone91",
					"parent": "bone90",
					"pivot": [3.7, 110.12089, -8.83602],
					"rotation": [45, 0, 0],
					"cubes": [
						{"origin": [3.7, 109.12089, -9.83602], "size": [0, 2, 2], "uv": [278, 23]}
					]
				},
				{
					"name": "bone92",
					"parent": "bone89",
					"pivot": [4.95, 110.12089, -4.83602],
					"rotation": [0, 20, 0]
				},
				{
					"name": "bone93",
					"parent": "bone92",
					"pivot": [4.95, 110.12089, -4.83602],
					"rotation": [45, 0, 0],
					"cubes": [
						{"origin": [4.95, 109.12089, -5.83602], "size": [0, 2, 2], "uv": [324, 273]}
					]
				},
				{
					"name": "bone2",
					"parent": "head",
					"pivot": [0, 114.74589, -7.78602],
					"rotation": [40.5, 0, 0]
				},
				{
					"name": "bone",
					"parent": "bone2",
					"pivot": [0, 114.74589, -7.78602],
					"rotation": [0, 0, 45],
					"cubes": [
						{"origin": [-3, 113.74589, -9.78602], "size": [4, 4, 7], "uv": [342, 355]},
						{"origin": [-3, 113.74589, -2.78602], "size": [0, 4, 3], "uv": [256, 179]},
						{"origin": [-3, 117.74589, -2.78602], "size": [4, 0, 3], "uv": [58, 184]}
					]
				},
				{
					"name": "bone28",
					"parent": "chest",
					"pivot": [7, 94.275, 8.5],
					"rotation": [25.78795, -17.48281, -10.12116],
					"cubes": [
						{"origin": [7, 89.775, 6], "size": [11, 9, 11], "uv": [320, 225]}
					]
				},
				{
					"name": "bone31",
					"parent": "bone28",
					"pivot": [13.75, 95.275, 12],
					"rotation": [0, 0, -10],
					"cubes": [
						{"origin": [13.75, 86.275, 8.25], "size": [14, 9, 8], "uv": [22, 329]}
					]
				},
				{
					"name": "bone32",
					"parent": "bone31",
					"pivot": [27.25, 88.275, 12],
					"rotation": [0, 0, -30],
					"cubes": [
						{"origin": [27.25, 88.275, 11.25], "size": [8, 5, 3], "uv": [358, 217]}
					]
				},
				{
					"name": "bone33",
					"parent": "bone32",
					"pivot": [34.25, 88.275, 12],
					"rotation": [0, 0, -25],
					"cubes": [
						{"origin": [34.34369, 84.69762, 11.25], "size": [21, 9, 3], "inflate": 0.02, "uv": [0, 238]}
					]
				},
				{
					"name": "bone35",
					"parent": "bone33",
					"pivot": [48.09369, 92.44762, 12],
					"rotation": [0, 0, -33.25],
					"cubes": [
						{"origin": [40.09369, 49.44762, 11.25], "size": [8, 43, 3], "uv": [72, 299]},
						{"origin": [46.09369, 53.44762, 12.75], "size": [8, 32, 0], "uv": [274, 316]},
						{"origin": [35.09369, 60.44762, 12.75], "size": [8, 32, 0], "uv": [212, 312]}
					]
				},
				{
					"name": "bone36",
					"parent": "bone33",
					"pivot": [41.59369, 89.44762, 12],
					"rotation": [0, 0, -27],
					"cubes": [
						{"origin": [32.59369, 55.19762, 11.25], "size": [8, 39, 3], "inflate": 0.01, "uv": [252, 316]}
					]
				},
				{
					"name": "bone34",
					"parent": "bone33",
					"pivot": [55.34369, 93.69762, 12],
					"rotation": [0, 0, -45],
					"cubes": [
						{"origin": [46.34369, 43.69762, 11.25], "size": [9, 50, 3], "inflate": 0.01, "uv": [48, 276]}
					]
				},
				{
					"name": "bone37",
					"parent": "bone34",
					"pivot": [55.34369, 86.94762, 12.75],
					"rotation": [0, 0, 10],
					"cubes": [
						{"origin": [46.34369, 88.94762, 12.75], "size": [9, 16, 0], "inflate": 0.01, "uv": [306, 353]}
					]
				},
				{
					"name": "bone38",
					"parent": "chest",
					"pivot": [-7, 94.275, 8.5],
					"rotation": [25.78795, 17.48281, 10.12116],
					"cubes": [
						{"origin": [-18, 89.775, 6], "size": [11, 9, 11], "uv": [320, 225], "mirror": true}
					]
				},
				{
					"name": "bone39",
					"parent": "bone38",
					"pivot": [-13.75, 95.275, 12],
					"rotation": [0, 0, 10],
					"cubes": [
						{"origin": [-27.75, 86.275, 8.25], "size": [14, 9, 8], "uv": [330, 63]}
					]
				},
				{
					"name": "bone40",
					"parent": "bone39",
					"pivot": [-27.25, 88.275, 12],
					"rotation": [0, 0, 30],
					"cubes": [
						{"origin": [-35.25, 88.275, 11.25], "size": [8, 5, 3], "uv": [264, 358]}
					]
				},
				{
					"name": "bone41",
					"parent": "bone40",
					"pivot": [-34.25, 88.275, 12],
					"rotation": [0, 0, 25],
					"cubes": [
						{"origin": [-55.34369, 84.69762, 11.25], "size": [21, 9, 3], "inflate": 0.02, "uv": [334, 195]}
					]
				},
				{
					"name": "bone42",
					"parent": "bone41",
					"pivot": [-48.09369, 92.44762, 12],
					"rotation": [0, 0, 33.25],
					"cubes": [
						{"origin": [-48.09369, 49.44762, 11.25], "size": [8, 43, 3], "uv": [94, 299]},
						{"origin": [-54.09369, 53.44762, 12.75], "size": [8, 32, 0], "uv": [228, 336]},
						{"origin": [-43.09369, 60.44762, 12.75], "size": [8, 32, 0], "uv": [290, 340]}
					]
				},
				{
					"name": "bone43",
					"parent": "bone41",
					"pivot": [-41.59369, 89.44762, 12],
					"rotation": [0, 0, 27],
					"cubes": [
						{"origin": [-40.59369, 55.19762, 11.25], "size": [8, 39, 3], "inflate": 0.01, "uv": [0, 329]}
					]
				},
				{
					"name": "bone44",
					"parent": "bone41",
					"pivot": [-55.34369, 93.69762, 12],
					"rotation": [0, 0, 45],
					"cubes": [
						{"origin": [-55.34369, 43.69762, 11.25], "size": [9, 50, 3], "inflate": 0.01, "uv": [228, 283]}
					]
				},
				{
					"name": "bone45",
					"parent": "bone44",
					"pivot": [-55.34369, 86.94762, 12.75],
					"rotation": [0, 0, -10],
					"cubes": [
						{"origin": [-55.34369, 88.94762, 12.75], "size": [9, 16, 0], "inflate": 0.01, "uv": [306, 353], "mirror": true}
					]
				},
				{
					"name": "bone46",
					"parent": "chest",
					"pivot": [8.85, 91.775, -0.7],
					"rotation": [0, -13.75, 17.5],
					"cubes": [
						{"origin": [8.21524, 86.02964, -4.83542], "size": [12, 11, 11], "uv": [116, 299]}
					]
				},
				{
					"name": "bone47",
					"parent": "bone46",
					"pivot": [20.31312, 92.89079, 0.16458],
					"rotation": [0, 0, 22.5],
					"cubes": [
						{"origin": [18.21524, 85.02964, -3.58542], "size": [16, 9, 9], "uv": [222, 124]}
					]
				},
				{
					"name": "bone48",
					"parent": "bone47",
					"pivot": [34.21524, 90.02964, 4.66458],
					"cubes": [
						{"origin": [34.21524, 86.77964, -2.33542], "size": [5, 6, 7], "uv": [306, 340]}
					]
				},
				{
					"name": "bone49",
					"parent": "bone48",
					"pivot": [38.96524, 89.77964, 4.66458],
					"rotation": [0, 23.25, 0],
					"cubes": [
						{"origin": [38.96524, 86.27964, -7.08542], "size": [20, 7, 16], "uv": [244, 0]},
						{"origin": [32.96524, 90.27964, 5.91458], "size": [20, 0, 6], "pivot": [52.96524, 87.27964, 7.91458], "rotation": [0, 5, 0], "uv": [128, 58]}
					]
				},
				{
					"name": "bone50",
					"parent": "bone49",
					"pivot": [58.96524, 93.27964, 8.91458],
					"cubes": [
						{"origin": [58.96524, 87.52964, -8.08542], "size": [17, 5, 18], "uv": [264, 179]}
					]
				},
				{
					"name": "bone55",
					"parent": "bone50",
					"pivot": [77.42718, 88.52964, -1.77676],
					"rotation": [0, 30, 0],
					"cubes": [
						{"origin": [74.54241, 84.52964, -2.71653], "size": [3, 4, 2], "uv": [106, 345]}
					]
				},
				{
					"name": "bone56",
					"parent": "bone55",
					"pivot": [77.42718, 84.52964, -1.77676],
					"cubes": [
						{"origin": [74.54241, 80.52964, -1.71653], "size": [3, 4, 0], "uv": [312, 56]}
					]
				},
				{
					"name": "bone57",
					"parent": "bone50",
					"pivot": [75.42718, 88.52964, 5.72324],
					"rotation": [0, -40, 0],
					"cubes": [
						{"origin": [72.54241, 84.52964, 4.78347], "size": [3, 4, 2], "uv": [56, 346]}
					]
				},
				{
					"name": "bone58",
					"parent": "bone57",
					"pivot": [75.42718, 84.52964, 5.72324],
					"cubes": [
						{"origin": [72.54241, 80.52964, 5.78347], "size": [3, 4, 0], "uv": [66, 329]}
					]
				},
				{
					"name": "bone59",
					"parent": "bone50",
					"pivot": [66.17718, 88.52964, -2.02676],
					"rotation": [0, -40, 0],
					"cubes": [
						{"origin": [66.14089, 84.52964, -3.07223], "size": [3, 4, 2], "uv": [356, 100]}
					]
				},
				{
					"name": "bone60",
					"parent": "bone59",
					"pivot": [66.12566, 84.52964, -2.03245],
					"cubes": [
						{"origin": [66.14089, 80.52964, -2.07223], "size": [3, 4, 0], "uv": [66, 333]}
					]
				},
				{
					"name": "bone51",
					"parent": "bone50",
					"pivot": [75.96524, 92.52964, 1.41458],
					"rotation": [0, 0, 20],
					"cubes": [
						{"origin": [75.96524, 88.52964, -8.08542], "size": [4, 4, 18], "inflate": 0.01, "uv": [316, 0]}
					]
				},
				{
					"name": "bone54",
					"parent": "bone51",
					"pivot": [79.96524, 92.52964, 3.91458],
					"rotation": [0, -17.5, 0],
					"cubes": [
						{"origin": [79.96524, 88.52964, 3.91458], "size": [11, 4, 6], "uv": [22, 346]}
					]
				},
				{
					"name": "bone53",
					"parent": "bone51",
					"pivot": [79.96524, 92.52964, 0.91458],
					"cubes": [
						{"origin": [79.96524, 88.52964, -2.08542], "size": [13, 4, 6], "uv": [116, 341]},
						{"origin": [79.96524, 90.52964, -6.08542], "size": [11, 0, 6], "uv": [180, 58]},
						{"origin": [79.96524, 90.52964, 1.91458], "size": [9, 0, 6], "uv": [72, 253]}
					]
				},
				{
					"name": "bone52",
					"parent": "bone51",
					"pivot": [79.96524, 92.52964, -2.08542],
					"rotation": [0, 15, 0],
					"cubes": [
						{"origin": [79.96524, 88.52964, -8.08542], "size": [14, 4, 6], "uv": [330, 80]}
					]
				},
				{
					"name": "bone61",
					"parent": "chest",
					"pivot": [-8.85, 91.775, -0.7],
					"rotation": [0, 13.75, -17.5],
					"cubes": [
						{"origin": [-20.21524, 86.02964, -4.83542], "size": [12, 11, 11], "uv": [0, 307]}
					]
				},
				{
					"name": "bone62",
					"parent": "bone61",
					"pivot": [-20.31312, 92.89079, 0.16458],
					"rotation": [0, 0, -22.5],
					"cubes": [
						{"origin": [-34.21524, 85.02964, -3.58542], "size": [16, 9, 9], "uv": [162, 312]}
					]
				},
				{
					"name": "bone63",
					"parent": "bone62",
					"pivot": [-34.21524, 90.02964, 4.66458],
					"cubes": [
						{"origin": [-39.21524, 86.77964, -2.33542], "size": [5, 6, 7], "uv": [122, 351]}
					]
				},
				{
					"name": "bone64",
					"parent": "bone63",
					"pivot": [-38.96524, 89.77964, 4.66458],
					"rotation": [0, -23.25, 0],
					"cubes": [
						{"origin": [-58.96524, 86.27964, -7.08542], "size": [20, 7, 16], "uv": [0, 253]},
						{"origin": [-52.96524, 90.27964, 5.91458], "size": [20, 0, 6], "pivot": [-52.96524, 87.27964, 7.91458], "rotation": [0, -5, 0], "uv": [128, 58], "mirror": true}
					]
				},
				{
					"name": "bone65",
					"parent": "bone64",
					"pivot": [-58.96524, 93.27964, 8.91458],
					"cubes": [
						{"origin": [-75.96524, 87.52964, -8.08542], "size": [17, 5, 18], "uv": [264, 202]}
					]
				},
				{
					"name": "bone66",
					"parent": "bone65",
					"pivot": [-77.42718, 88.52964, -1.77676],
					"rotation": [0, -30, 0],
					"cubes": [
						{"origin": [-77.54241, 84.52964, -2.71653], "size": [3, 4, 2], "uv": [360, 13]}
					]
				},
				{
					"name": "bone67",
					"parent": "bone66",
					"pivot": [-77.42718, 84.52964, -1.77676],
					"cubes": [
						{"origin": [-77.54241, 80.52964, -1.71653], "size": [3, 4, 0], "uv": [244, 336]}
					]
				},
				{
					"name": "bone68",
					"parent": "bone65",
					"pivot": [-75.42718, 88.52964, 5.72324],
					"rotation": [0, 40, 0],
					"cubes": [
						{"origin": [-75.54241, 84.52964, 4.78347], "size": [3, 4, 2], "uv": [362, 271]}
					]
				},
				{
					"name": "bone69",
					"parent": "bone68",
					"pivot": [-75.42718, 84.52964, 5.72324],
					"cubes": [
						{"origin": [-75.54241, 80.52964, 5.78347], "size": [3, 4, 0], "uv": [66, 337]}
					]
				},
				{
					"name": "bone70",
					"parent": "bone65",
					"pivot": [-66.17718, 88.52964, -2.02676],
					"rotation": [0, 40, 0],
					"cubes": [
						{"origin": [-69.14089, 84.52964, -3.07223], "size": [3, 4, 2], "uv": [362, 277]}
					]
				},
				{
					"name": "bone71",
					"parent": "bone70",
					"pivot": [-66.12566, 84.52964, -2.03245],
					"cubes": [
						{"origin": [-69.14089, 80.52964, -2.07223], "size": [3, 4, 0], "uv": [244, 340]}
					]
				},
				{
					"name": "bone72",
					"parent": "bone65",
					"pivot": [-75.96524, 92.52964, 1.41458],
					"rotation": [0, 0, -20],
					"cubes": [
						{"origin": [-79.96524, 88.52964, -8.08542], "size": [4, 4, 18], "inflate": 0.01, "uv": [320, 22]}
					]
				},
				{
					"name": "bone73",
					"parent": "bone72",
					"pivot": [-79.96524, 92.52964, 3.91458],
					"rotation": [0, 17.5, 0],
					"cubes": [
						{"origin": [-90.96524, 88.52964, 3.91458], "size": [11, 4, 6], "uv": [154, 347]}
					]
				},
				{
					"name": "bone74",
					"parent": "bone72",
					"pivot": [-79.96524, 92.52964, 0.91458],
					"cubes": [
						{"origin": [-92.96524, 88.52964, -2.08542], "size": [13, 4, 6], "uv": [344, 90]},
						{"origin": [-90.96524, 90.52964, -6.08542], "size": [11, 0, 6], "uv": [244, 23]},
						{"origin": [-88.96524, 90.52964, 1.91458], "size": [9, 0, 6], "uv": [282, 56]}
					]
				},
				{
					"name": "bone75",
					"parent": "bone72",
					"pivot": [-79.96524, 92.52964, -2.08542],
					"rotation": [0, -15, 0],
					"cubes": [
						{"origin": [-93.96524, 88.52964, -8.08542], "size": [14, 4, 6], "uv": [334, 207]}
					]
				},
				{
					"name": "bone24",
					"parent": "torso2",
					"pivot": [0, 45.525, 16],
					"cubes": [
						{"origin": [-10, 35.525, 16], "size": [20, 20, 16], "uv": [121, 476]},
						{"origin": [-0.5, 35.525, 16], "size": [1, 20, 16], "inflate": 0.02, "uv": [478, 214]}
					]
				},
				{
					"name": "bone29",
					"parent": "bone24",
					"pivot": [0.5, 43.525, 36],
					"cubes": [
						{"origin": [-6.5, 38.525, 32], "size": [13, 13, 19], "uv": [250, 251]},
						{"origin": [6.5, 51.525, 32], "size": [0, 15, 19], "pivot": [6.5, 51.525, 41.5], "rotation": [0, 0, 58.75], "uv": [282, 22]},
						{"origin": [-6.5, 51.525, 32], "size": [0, 15, 19], "pivot": [-6.5, 51.525, 41.5], "rotation": [0, 0, -58.75], "uv": [252, 282]},
						{"origin": [0, 25.525, 32], "size": [0, 13, 19], "uv": [290, 283]}
					]
				},
				{
					"name": "bone30",
					"parent": "bone29",
					"pivot": [0.5, 43.525, 49],
					"cubes": [
						{"origin": [-19.5, 25.525, 49], "size": [39, 39, 20], "uv": [0, 64]},
						{"origin": [-19.5, 44.025, 49], "size": [39, 2, 20], "inflate": 0.01, "uv": [0, 419]},
						{"origin": [-26.5, 64.525, 48], "size": [53, 7, 21], "uv": [118, 64]},
						{"origin": [-14.5, 30.025, 93], "size": [30, 30, 22], "uv": [118, 93]},
						{"origin": [0.5, 19.025, 95], "size": [0, 11, 17], "uv": [328, 273]},
						{"origin": [15.5, 59.025, 95], "size": [0, 10, 17], "pivot": [15.5, 59.025, 103], "rotation": [0, 0, 55], "uv": [330, 328]},
						{"origin": [-14.5, 59.025, 95], "size": [0, 10, 17], "pivot": [-14.5, 59.025, 103], "rotation": [0, 0, -55], "uv": [330, 328]},
						{"origin": [19.5, 25.525, 48], "size": [7, 39, 21], "uv": [456, 357]},
						{"origin": [19.5, 44.025, 48], "size": [7, 2, 21], "inflate": 0.01, "uv": [456, 255]},
						{"origin": [-26.5, 44.025, 48], "size": [7, 2, 21], "inflate": 0.01, "uv": [456, 255]},
						{"origin": [-26.5, 25.525, 48], "size": [7, 39, 21], "uv": [456, 278]},
						{"origin": [-26.5, 18.525, 48], "size": [53, 7, 21], "uv": [0, 441]},
						{"origin": [-20.5, 24.025, 69], "size": [42, 42, 24], "uv": [239, 446]},
						{"origin": [-9.5, 35.025, 115], "size": [20, 20, 19], "uv": [116, 187]},
						{"origin": [-5.5, 39.025, 134], "size": [12, 12, 14], "uv": [272, 152]}
					]
				},
				{
					"name": "turbine_tail",
					"parent": "bone30",
					"pivot": [-0.5, 44.025, 73],
					"cubes": [
						{"origin": [-19.5, 44.025, 49], "size": [39, 2, 20], "inflate": 0.15, "uv": [903, 490]},
						{"origin": [-19.5, 25.525, 49], "size": [39, 39, 20], "inflate": 0.1, "uv": [726, 453]},
						{"origin": [-5.5, 39.025, 134], "size": [12, 12, 14], "inflate": 0.1, "uv": [757, 384]},
						{"origin": [-9.5, 35.025, 115], "size": [20, 20, 19], "inflate": 0.1, "uv": [745, 413]},
						{"origin": [-20.5, 24.025, 69], "size": [42, 42, 24], "inflate": 0.1, "uv": [712, 312]}
					]
				}
			]
		}
	]
}